{"stats":{"minecraft:picked_up":{"minecraft:salmon":8,"minecraft:green_concrete_powder":1,"minecraft:dandelion":3,"minecraft:ink_sac":1,"minecraft:wheat_seeds":44,"create:weighted_ejector":1,"minecraft:bone_meal":1,"minecraft:gray_wool":1,"create:shaft":1,"minecraft:poppy":1,"minecraft:mutton":4,"minecraft:cod":16,"minecraft:white_wool":2,"minecraft:egg":1},"minecraft:used":{"minecraft:deepslate_tiles":2,"minecraft:moss_block":6,"minecraft:mossy_cobblestone_stairs":1,"waystones:waystone":7,"minecraft:wooden_hoe":3,"minecraft:moss_carpet":1,"minecraft:water_bucket":90,"minecraft:amethyst_block":23,"minecraft:sea_lantern":1,"create:weighted_ejector":9,"waystones:sandy_waystone":2,"minecraft:cobblestone_stairs":3,"minecraft:dirt_path":189,"minecraft:polished_deepslate":1,"minecraft:flint_and_steel":1,"create:schematic_table":2,"minecraft:grass_block":1098,"waystones:mossy_waystone":3,"minecraft:blackstone":280,"minecraft:mossy_stone_brick_stairs":6,"minecraft:sandstone":206,"minecraft:stone":182,"minecraft:zombie_spawn_egg":11,"minecraft:budding_amethyst":4,"minecraft:wooden_shovel":66,"minecraft:structure_block":13,"minecraft:stone_bricks":12,"minecraft:large_amethyst_bud":10,"minecraft:bedrock":14,"minecraft:sand":710,"minecraft:red_carpet":2,"minecraft:dirt":6,"minecraft:cobblestone":46,"create:shaft":6,"minecraft:tnt":1,"minecraft:stone_stairs":6,"minecraft:cracked_deepslate_tiles":3,"minecraft:andesite":12,"minecraft:medium_amethyst_bud":6,"alexsmobs:animal_dictionary":1,"minecraft:acacia_leaves":6,"minecraft:green_concrete_powder":2,"minecraft:ice":15,"create:vertical_gearbox":5,"minecraft:tropical_fish_bucket":16,"minecraft:coarse_dirt":7,"minecraft:amethyst_cluster":7},"minecraft:killed":{"minecraft:sheep":1},"minecraft:custom":{"minecraft:time_since_rest":129420,"minecraft:waystone_activated":14,"minecraft:open_enderchest":1,"minecraft:sprint_one_cm":47902,"minecraft:damage_taken":345,"minecraft:walk_one_cm":170009,"minecraft:mob_kills":1,"minecraft:damage_dealt":42,"minecraft:swim_one_cm":2984,"minecraft:talked_to_villager":1,"minecraft:fly_one_cm":1468358,"minecraft:open_barrel":1,"minecraft:open_chest":6,"minecraft:crouch_one_cm":10896,"minecraft:play_time":129420,"minecraft:sneak_time":9100,"minecraft:walk_under_water_one_cm":131120,"minecraft:jump":462,"minecraft:walk_on_water_one_cm":64818,"minecraft:leave_game":3,"minecraft:time_since_death":129420,"minecraft:climb_one_cm":396,"minecraft:total_world_time":149634,"minecraft:fall_one_cm":1597}},"DataVersion":3465}