{"stats":{"minecraft:broken":{"minecraft:iron_chestplate":1,"minecraft:shield":1,"minecraft:iron_helmet":1},"minecraft:mined":{"minecraft:tuff":2,"minecraft:grass_block":4,"minecraft:spruce_leaves":3,"treechop:chopped_log":5,"minecraft:gold_block":1,"illagerinvasion:magic_fire":8,"minecraft:white_banner":1,"minecraft:stone":5,"create:limestone":5,"minecraft:oak_slab":2,"minecraft:crafting_table":2,"minecraft:rose_bush":3,"minecraft:tall_grass":44,"graveyard:gravestone":1,"minecraft:cyan_wool":2,"minecraft:lime_bed":1,"minecraft:tnt":3,"minecraft:grass":63,"minecraft:oak_log":4,"minecraft:coal_ore":5,"create:crimsite":7,"minecraft:oak_leaves":3},"minecraft:picked_up":{"minecraft:crafting_table":2,"minecraft:iron_chestplate":1,"minecraft:coarse_dirt":7,"minecraft:wheat":2,"minecraft:azure_bluet":1,"illagerinvasion:platinum_chunk":4,"minecraft:diamond_sword":1,"friendsandfoes:totem_of_illusion":2,"minecraft:gold_block":1,"paraglider:heart_container":1,"minecraft:shield":2,"lightmanscurrency:coin_diamond":12,"minecraft:string":14,"illagerinvasion:unusual_dust":1,"minecraft:iron_axe":2,"create:limestone":5,"bosses_of_mass_destruction:soul_star":1,"graveyard:gravestone":1,"minecraft:beef":3,"minecraft:oak_boat":3,"minecraft:rose_bush":5,"minecraft:cyan_wool":1,"minecraft:iron_nugget":13,"minecraft:poppy":1,"minecraft:stick":9,"minecraft:stone":2,"minecraft:porkchop":3,"lightmanscurrency:coin_emerald":73,"minecraft:tnt":3,"minecraft:arrow":4,"minecraft:rotten_flesh":32,"minecraft:diamond_boots":1,"stalwart_dungeons:tungsten_axe":1,"supplementaries:ash":2,"minecraft:mutton":2,"minecraft:white_wool":1,"minecraft:cobblestone":3,"paraglider:paraglider":3,"minecraft:lime_bed":1,"minecraft:leather":7,"paraglider:spirit_orb":40,"minecraft:flint":2,"minecraft:tuff":2,"minecraft:oak_log":30,"alexsmobs:cooked_kangaroo_meat":65,"minecraft:wither_skeleton_skull":1,"minecraft:dirt":48,"minecraft:paper":4,"minecraft:bone":12,"minecraft:wheat_seeds":13,"minecraft:iron_ingot":4,"minecraft:glowstone_dust":2,"minecraft:glass_bottle":2,"lightmanscurrency:coin_iron":179,"minecraft:iron_sword":1,"minecraft:oak_planks":2,"minecraft:oak_slab":2,"minecraft:spider_eye":12,"lightmanscurrency:coin_copper":265,"create:crimsite":7,"lightmanscurrency:coin_gold":41,"minecraft:iron_helmet":1,"minecraft:crossbow":2,"minecraft:emerald":153,"minecraft:oak_sapling":9,"minecraft:coal":69,"minecraft:diamond_pickaxe":2},"minecraft:crafted":{"minecraft:oak_planks":96,"minecraft:oak_slab":6,"minecraft:crafting_table":4,"minecraft:wooden_pickaxe":1,"minecraft:stone_axe":1,"minecraft:oak_boat":2,"minecraft:shield":1,"minecraft:stick":8},"minecraft:killed":{"illagerinvasion:archivist":1,"minecraft:vex":2,"minecraft:witch":3,"takesapillage:legioner":1,"minecraft:vindicator":1,"minecraft:spider":5,"illagerinvasion:marauder":3,"illagerinvasion:basher":1,"minecraft:skeleton":3,"minecraft:chicken":1,"illagerinvasion:inquisitor":1,"minecraft:pig":1,"graveyard:ghoul":2,"illagerinvasion:alchemist":1,"minecraft:creeper":1,"minecraft:sheep":2,"minecraft:pillager":4,"minecraft:zombie":7,"alexsmobs:fly":1,"takesapillage:archer":1,"minecraft:villager":1,"minecraft:cow":3},"minecraft:dropped":{"minecraft:porkchop":3,"minecraft:wheat_seeds":5,"lightmanscurrency:coin_copper":11,"minecraft:oak_log":1,"minecraft:stick":4,"minecraft:emerald":43,"minecraft:dirt":21,"minecraft:rose_bush":5,"paraglider:paraglider":2,"minecraft:string":14,"minecraft:bone":1,"minecraft:coarse_dirt":7,"minecraft:rotten_flesh":31,"minecraft:glowstone_dust":2,"lightmanscurrency:coin_diamond":7,"alexsmobs:cooked_kangaroo_meat":1,"supplementaries:ash":2,"lightmanscurrency:coin_iron":64,"minecraft:arrow":2},"minecraft:used":{"create:limestone":1,"minecraft:poppy":1,"minecraft:shield":26,"minecraft:stone":2,"minecraft:iron_chestplate":1,"minecraft:dirt":12,"alexsmobs:cooked_kangaroo_meat":41,"minecraft:cyan_wool":1,"friendsandfoes:totem_of_illusion":1,"stalwart_dungeons:tungsten_axe":1,"minecraft:iron_helmet":1,"minecraft:diamond_boots":1,"create:crimsite":3,"minecraft:wooden_pickaxe":23,"minecraft:white_wool":1,"minecraft:tnt":3,"minecraft:oak_slab":2,"minecraft:crafting_table":5,"bosses_of_mass_destruction:soul_star":1,"minecraft:oak_log":5,"minecraft:diamond_pickaxe":4,"graveyard:gravestone":3,"minecraft:stone_axe":42,"minecraft:diamond_sword":259,"minecraft:oak_boat":3},"minecraft:killed_by":{"minecraft:spider":1,"minecraft:vindicator":1,"minecraft:skeleton":1},"minecraft:custom":{"minecraft:mob_kills":47,"minecraft:interact_with_crafting_table":9,"minecraft:open_barrel":5,"minecraft:bell_ring":22,"minecraft:eat_cake_slice":24,"minecraft:leave_game":5,"minecraft:time_since_death":3876,"minecraft:climb_one_cm":1205,"minecraft:sprint_one_cm":228969,"minecraft:walk_one_cm":271547,"minecraft:damage_blocked_by_shield":1651,"minecraft:drop":67,"minecraft:talked_to_villager":8,"minecraft:raid_win":1,"minecraft:play_time":103699,"minecraft:deaths":12,"minecraft:sneak_time":2039,"minecraft:walk_under_water_one_cm":20787,"minecraft:boat_one_cm":30500,"minecraft:jump":1676,"minecraft:walk_on_water_one_cm":11648,"minecraft:total_world_time":103699,"minecraft:sleep_in_bed":2,"minecraft:time_since_rest":3942,"minecraft:waystone_activated":8,"minecraft:open_enderchest":2,"minecraft:damage_taken":9833,"minecraft:damage_dealt":10373,"minecraft:swim_one_cm":44805,"minecraft:fly_one_cm":334870,"minecraft:open_chest":22,"minecraft:crouch_one_cm":5668,"minecraft:fall_one_cm":35291}},"DataVersion":3465}