{"stats":{"minecraft:dropped":{"minecraft:wheat_seeds":5,"minecraft:iron_nugget":2,"minecraft:feather":1,"minecraft:rotten_flesh":1,"supplementaries:candle_holder":1,"minecraft:poppy":1,"minecraft:andesite":1},"minecraft:used":{"minecraft:water_bucket":11,"create:limestone":1,"minecraft:stone_pickaxe":357,"minecraft:poppy":1,"minecraft:oak_planks":19,"minecraft:wooden_pickaxe":56,"minecraft:cobblestone_slab":6,"minecraft:rotten_flesh":1,"minecraft:dirt":11,"minecraft:crafting_table":7,"minecraft:tuff":1,"minecraft:milk_bucket":1,"minecraft:wooden_axe":44,"minecraft:lava_bucket":22,"minecraft:chicken":1,"minecraft:stone_axe":35,"minecraft:cobblestone":46,"minecraft:oak_sapling":8,"minecraft:furnace":5,"minecraft:cooked_porkchop":9,"minecraft:bucket":35,"minecraft:andesite":125,"alexsmobs:animal_dictionary":1,"minecraft:egg":3,"minecraft:cooked_beef":4,"minecraft:dandelion":1,"minecraft:cobbled_deepslate":10,"minecraft:orange_terracotta":1},"minecraft:custom":{"minecraft:interact_with_furnace":43,"minecraft:mob_kills":17,"minecraft:interact_with_crafting_table":28,"minecraft:open_barrel":5,"minecraft:leave_game":1,"minecraft:time_since_death":2902,"minecraft:climb_one_cm":1967,"minecraft:time_since_rest":2925,"minecraft:waystone_activated":7,"minecraft:sprint_one_cm":211927,"minecraft:damage_taken":2349,"minecraft:walk_one_cm":144230,"minecraft:drop":9,"minecraft:damage_dealt":2087,"minecraft:talked_to_villager":1,"minecraft:swim_one_cm":78039,"minecraft:fly_one_cm":280110,"minecraft:open_chest":7,"minecraft:crouch_one_cm":6395,"minecraft:play_time":84507,"minecraft:deaths":5,"minecraft:sneak_time":1556,"minecraft:walk_under_water_one_cm":6241,"minecraft:jump":1659,"minecraft:walk_on_water_one_cm":3578,"minecraft:total_world_time":84507,"minecraft:fall_one_cm":41772},"minecraft:broken":{"minecraft:stone_pickaxe":2,"minecraft:wooden_axe":1},"minecraft:picked_up":{"minecraft:cooked_beef":1,"minecraft:crafting_table":6,"minecraft:wheat":3,"minecraft:feather":1,"minecraft:chicken":1,"minecraft:clay_ball":12,"minecraft:andesite":186,"minecraft:leather":7,"minecraft:tuff":1,"minecraft:oak_log":38,"supplementaries:candle_holder":2,"minecraft:dirt":34,"create:limestone":1,"minecraft:orange_terracotta":1,"minecraft:bone":1,"minecraft:wheat_seeds":5,"minecraft:cobbled_deepslate":10,"minecraft:beef":8,"minecraft:iron_nugget":2,"minecraft:poppy":2,"lightmanscurrency:coin_iron":1,"minecraft:egg":3,"minecraft:furnace":4,"minecraft:stick":6,"minecraft:raw_iron":64,"minecraft:dandelion":1,"minecraft:porkchop":18,"lightmanscurrency:coin_copper":14,"minecraft:arrow":1,"create:crimsite":2,"minecraft:rotten_flesh":2,"supplementaries:ash":1,"minecraft:oak_sapling":8,"minecraft:coal":157,"minecraft:cobblestone":77},"minecraft:mined":{"minecraft:tuff":1,"minecraft:oak_sapling":1,"supplementaries:candle_holder":1,"minecraft:orange_terracotta":1,"minecraft:clay":3,"minecraft:crafting_table":6,"minecraft:grass_block":2,"minecraft:mushroom_stem":1,"minecraft:spruce_leaves":2,"minecraft:oak_planks":1,"minecraft:furnace":4,"minecraft:iron_ore":64,"minecraft:birch_leaves":1,"minecraft:andesite":187,"treechop:chopped_log":5,"minecraft:grass":3,"minecraft:coal_ore":48,"minecraft:dirt":32,"minecraft:stone":78,"create:crimsite":2,"create:limestone":1,"minecraft:deepslate":10,"minecraft:fern":2},"minecraft:crafted":{"minecraft:cooked_beef":3,"minecraft:oak_planks":120,"minecraft:cobblestone_slab":6,"minecraft:cooked_porkchop":17,"minecraft:crafting_table":2,"minecraft:wooden_pickaxe":1,"minecraft:furnace":2,"minecraft:bucket":2,"minecraft:stone_axe":1,"minecraft:air":0,"minecraft:iron_chestplate":1,"minecraft:stick":12,"minecraft:iron_ingot":63,"minecraft:iron_pickaxe":1,"minecraft:stone_pickaxe":3,"minecraft:wooden_axe":1,"minecraft:iron_leggings":1},"minecraft:killed":{"minecraft:pig":8,"minecraft:zombie":3,"minecraft:chicken":1,"minecraft:cow":5}},"DataVersion":3465}