{"stats":{"minecraft:crafted":{"minecraft:oak_planks":488,"minecraft:chainmail_helmet":15,"minecraft:dark_oak_boat":1,"waystones:sandy_waystone":2,"cataclysm:bone_reptile_helmet":1,"minecraft:bookshelf":1,"minecraft:suspicious_stew":7,"minecraft:diamond_helmet":1,"minecraft:diamond_leggings":1,"minecraft:iron_boots":10,"minecraft:chest":14,"minecraft:netherite_upgrade_smithing_template":4,"minecraft:oak_slab":12,"minecraft:emerald":1510,"minecraft:diamond_axe":1,"minecraft:crafting_table":8,"minecraft:spruce_planks":20128,"minecraft:wooden_pickaxe":1,"minecraft:spruce_door":3,"minecraft:smithing_table":1,"cataclysm:ancient_metal_ingot":2,"waystones:warp_stone":2,"minecraft:lectern":1,"minecraft:paper":118,"minecraft:diamond_pickaxe":1,"minecraft:shield":3,"minecraft:stick":39756,"minecraft:iron_ingot":9,"minecraft:composter":1,"cataclysm:bone_reptile_chestplate":1,"minecraft:golden_carrot":162,"minecraft:cookie":144,"minecraft:netherite_sword":1,"bosses_of_mass_destruction:soul_star":3,"minecraft:iron_axe":16,"minecraft:spruce_slab":6,"minecraft:diamond_boots":1,"minecraft:spruce_boat":2,"minecraft:chiseled_sandstone":6,"minecraft:dark_oak_planks":12,"alexscaves:ominous_catalyst":3,"minecraft:chainmail_leggings":12,"minecraft:wheat":414,"paraglider:paraglider":1,"minecraft:diamond_sword":1,"minecraft:sandstone_slab":12,"minecraft:bucket":1,"minecraft:stone_axe":2,"minecraft:enchanted_book":41,"minecraft:air":0,"minecraft:bread":198,"minecraft:oak_boat":1,"alexscaves:limestone_spear":4,"minecraft:wooden_axe":1,"minecraft:pumpkin_pie":48,"minecraft:acacia_planks":4,"minecraft:torch":160,"minecraft:diamond_chestplate":1},"minecraft:killed":{"illagerinvasion:archivist":4,"minecraft:cave_spider":11,"minecraft:witch":4,"graveyard:skeleton_creeper":1,"minecraft:spider":34,"graveyard:wraith":11,"alexsmobs:froststalker":3,"illagerinvasion:basher":7,"minecraft:skeleton":73,"graveyard:acolyte":10,"alexsmobs:banana_slug":1,"illagerinvasion:provoker":5,"minecraft:silverfish":3,"minecraft:illusioner":2,"alexsmobs:centipede_head":1,"cataclysm:kobolediator":2,"minecraft:piglin_brute":10,"cataclysm:wadjet":1,"endermanoverhaul:badlands_enderman":1,"illagerinvasion:inquisitor":1,"illagerinvasion:necromancer":2,"minecraft:piglin":1,"minecraft:pig":5,"alexsmobs:grizzly_bear":3,"illagerinvasion:alchemist":3,"minecraft:creeper":3,"minecraft:sheep":3,"minecraft:pillager":40,"minecraft:zombie":75,"creeperoverhaul:desert_creeper":1,"alexsmobs:terrapin":1,"illagerinvasion:sorcerer":1,"cataclysm:deepling":1,"alexscaves:trilocaris":2,"takesapillage:archer":5,"graveyard:corrupted_pillager":18,"minecraft:cow":1,"alexscaves:vallumraptor":29,"minecraft:evoker":1,"minecraft:vex":2,"alexsmobs:tarantula_hawk":1,"graveyard:corrupted_vindicator":12,"takesapillage:legioner":2,"minecraft:endermite":1,"minecraft:vindicator":14,"illagerinvasion:marauder":6,"minecraft:slime":12,"alexsmobs:rattlesnake":6,"minecraft:phantom":10,"endermanoverhaul:scarab":1,"minecraft:horse":2,"friendsandfoes:mauler":2,"takesapillage:clay_golem":1,"minecraft:drowned":1,"alexscaves:relicheirus":9,"alexsmobs:rocky_roller":1,"friendsandfoes:iceologer":2,"cataclysm:koboleton":26,"alexsmobs:guster":11,"graveyard:ghoul":3,"takesapillage:skirmisher":3,"endermanoverhaul:snowy_enderman":1,"bosses_of_mass_destruction:void_blossom":1,"minecraft:ravager":2,"minecraft:hoglin":12,"alexsmobs:rhinoceros":2,"endermanoverhaul:cave_enderman":1,"minecraft:wither_skeleton":38,"alexscaves:grottoceratops":3,"minecraft:enderman":39},"minecraft:dropped":{"minecraft:diamond_axe":1,"minecraft:crafting_table":1,"alexscaves:curly_fern":1,"minecraft:birch_slab":1,"paraglider:spirit_orb":57,"paraglider:heart_container":3,"minecraft:gold_nugget":20,"alexscaves:cave_map":1,"paraglider:paraglider":1,"alexscaves:amber_curiosity":1,"minecraft:stone_axe":1,"minecraft:iron_nugget":8,"minecraft:netherite_sword":1,"minecraft:oak_planks":1,"waystones:sandy_waystone":1,"alexscaves:dinosaur_chop":2,"cataclysm:ancient_metal_ingot":9,"minecraft:stone_brick_stairs":1,"cataclysm:bone_reptile_helmet":1,"minecraft:enchanted_book":4,"minecraft:bread":1,"minecraft:wheat_seeds":5,"minecraft:diamond_leggings":2,"minecraft:chainmail_helmet":15,"minecraft:stick":5,"minecraft:gray_wool":1,"minecraft:golden_carrot":21,"minecraft:brewing_stand":2,"cataclysm:bone_reptile_chestplate":2,"minecraft:iron_axe":1,"alexscaves:primitive_club":1,"minecraft:chainmail_leggings":12,"alexscaves:extinction_spear":1,"minecraft:netherite_hoe":1,"minecraft:iron_boots":9,"lightmanscurrency:coin_diamond":200,"alexscaves:ominous_catalyst":3,"minecraft:totem_of_undying":1,"minecraft:shield":1,"alexscaves:heavy_bone":2,"minecraft:spruce_planks":1,"minecraft:diamond_pickaxe":7,"minecraft:oak_sapling":6,"minecraft:spruce_log":90,"minecraft:diamond_boots":2,"minecraft:sandstone":4},"minecraft:used":{"minecraft:moss_block":1,"minecraft:chest":15,"minecraft:shield":70,"minecraft:iron_sword":2,"alexscaves:primal_magma":2,"paraglider:goddess_statue":3,"minecraft:nether_bricks":1,"minecraft:carrot":193,"minecraft:tuff":6,"minecraft:obsidian":1,"minecraft:spruce_boat":3,"friendsandfoes:totem_of_illusion":1,"minecraft:lava_bucket":1,"alexscaves:amber":17,"minecraft:golden_sword":27,"minecraft:red_carpet":3,"minecraft:bow":15,"minecraft:dark_oak_boat":4,"minecraft:hay_block":5,"minecraft:oak_planks":359,"minecraft:diorite":2,"minecraft:stone_pickaxe":56,"minecraft:wooden_pickaxe":6,"minecraft:spruce_door":5,"minecraft:ender_pearl":32,"minecraft:sandstone":4,"minecraft:composter":1,"minecraft:diamond_axe":2233,"minecraft:golden_apple":10,"minecraft:white_wool":2,"minecraft:sand":1,"minecraft:blast_furnace":6,"waystones:waystone":2,"minecraft:chiseled_sandstone":1,"minecraft:bread":198,"minecraft:cyan_bed":1,"minecraft:lectern":498,"minecraft:diamond_sword":2101,"minecraft:oak_boat":17,"minecraft:grindstone":2,"minecraft:smithing_table":2,"minecraft:experience_bottle":8,"minecraft:netherite_sword":548,"waystones:sandy_waystone":3,"minecraft:spruce_planks":216,"minecraft:spyglass":19,"minecraft:torch":122,"minecraft:anvil":1,"minecraft:dirt":9,"alexscaves:limestone":70,"minecraft:shulker_box":7,"minecraft:granite":1,"minecraft:red_shulker_box":19,"minecraft:wooden_axe":45,"minecraft:acacia_slab":1,"minecraft:smooth_sandstone":34,"minecraft:golden_carrot":76,"minecraft:cooked_beef":15,"minecraft:cobbled_deepslate":65,"minecraft:water_bucket":245,"minecraft:cut_sandstone":3,"minecraft:fletching_table":2,"minecraft:green_bed":24,"minecraft:oak_slab":5,"minecraft:crafting_table":15,"minecraft:cod":5,"bosses_of_mass_destruction:soul_star":12,"minecraft:oak_log":4,"minecraft:diamond_pickaxe":3254,"minecraft:apple":13,"minecraft:iron_pickaxe":88,"alexscaves:extinction_spear":90,"minecraft:stone_axe":136,"minecraft:porkchop":3,"minecraft:cobblestone":130,"minecraft:bucket":248,"minecraft:yellow_bed":7,"alexsmobs:animal_dictionary":1,"alexscaves:cooked_dinosaur_chop":2,"minecraft:gray_wool":1},"minecraft:mined":{"minecraft:dark_oak_planks":1,"minecraft:spruce_planks":36,"minecraft:red_shulker_box":19,"minecraft:large_amethyst_bud":1,"create:deepslate_zinc_ore":3,"minecraft:cut_sandstone_slab":2,"minecraft:stone_pressure_plate":1,"minecraft:cobbled_deepslate_stairs":2,"minecraft:brewing_stand":3,"minecraft:spruce_trapdoor":1,"alexscaves:limestone":179,"minecraft:cave_vines_plant":2,"cataclysm:sandstone_ignite_trap":35,"minecraft:granite":20,"minecraft:grass_block":17,"graveyard:dark_iron_door":2,"minecraft:deepslate_bricks":3,"minecraft:soul_soil":1,"minecraft:spawner":92,"minecraft:sandstone_stairs":1,"cataclysm:sandstone_poison_dart_trap":8,"minecraft:tall_seagrass":1,"minecraft:mossy_cobblestone_slab":2,"minecraft:iron_ore":13,"minecraft:fire":58,"minecraft:cobbled_deepslate":3,"minecraft:moss_carpet":1,"minecraft:anvil":2,"minecraft:fletching_table":7,"minecraft:stripped_dark_oak_wood":3,"minecraft:nether_brick_stairs":10,"minecraft:dark_oak_stairs":2,"minecraft:smooth_red_sandstone":3,"minecraft:cave_vines":3,"minecraft:small_amethyst_bud":2,"minecraft:iron_bars":38,"alexscaves:ambersol":4,"minecraft:deepslate_brick_stairs":2,"minecraft:green_carpet":9,"minecraft:smooth_sandstone_stairs":8,"minecraft:granite_stairs":2,"create:limestone":5,"minecraft:green_bed":26,"minecraft:tripwire":18,"minecraft:bamboo_slab":1,"minecraft:cut_sandstone":16,"minecraft:deepslate_redstone_ore":6,"alexscaves:amber":91,"minecraft:quartz_block":3,"minecraft:cyan_terracotta":9,"minecraft:soul_fire":3,"graveyard:middle_bone_staff":1,"minecraft:amethyst_cluster":5,"minecraft:polished_deepslate_stairs":3,"minecraft:medium_amethyst_bud":2,"minecraft:orange_terracotta":10,"minecraft:torch":1,"minecraft:blast_furnace":7,"minecraft:calcite":4,"minecraft:chest":1,"minecraft:dead_bush":2,"minecraft:mushroom_stem":7,"minecraft:smooth_quartz_slab":1,"minecraft:cobblestone":13,"minecraft:oak_planks":44,"minecraft:cyan_bed":1,"graveyard:lying_skeleton":1,"minecraft:grindstone":6,"minecraft:sugar_cane":68,"minecraft:iron_door":1,"minecraft:smooth_sandstone_slab":4,"bosses_of_mass_destruction:vine_wall":1,"minecraft:wall_torch":1,"minecraft:amethyst_block":3,"minecraft:nether_wart_block":2,"minecraft:wheat":1,"minecraft:light_gray_wool":2,"graveyard:tg_granite":1,"minecraft:smooth_stone_slab":1,"minecraft:stone_brick_stairs":5,"minecraft:cracked_deepslate_tiles":2,"minecraft:grass":31,"minecraft:oak_log":18,"minecraft:dirt":16,"minecraft:sand":8,"minecraft:smooth_basalt":1,"minecraft:sandstone_wall":1,"minecraft:tripwire_hook":2,"minecraft:netherrack":22,"create:crimsite":39,"minecraft:yellow_terracotta":10,"minecraft:deepslate":1290,"minecraft:redstone_lamp":2,"create:zinc_ore":6,"alexscaves:flood_basalt":3,"minecraft:dark_prismarine":14,"minecraft:deepslate_tiles":8,"minecraft:tuff":50,"minecraft:red_carpet":3,"alexscaves:primal_magma":4,"minecraft:mossy_cobblestone":35,"minecraft:deepslate_diamond_ore":15,"minecraft:sea_lantern":1,"minecraft:shulker_box":7,"minecraft:nether_bricks":16,"minecraft:cobbled_deepslate_slab":1,"minecraft:decorated_pot":4,"minecraft:brick_stairs":1,"graveyard:tg_deepslate":2,"minecraft:birch_slab":1,"minecraft:mangrove_trapdoor":1,"minecraft:acacia_slab":1,"minecraft:moss_block":3,"minecraft:sandstone":304,"minecraft:large_fern":19,"minecraft:hay_block":64,"minecraft:deepslate_brick_slab":1,"minecraft:furnace":1,"minecraft:carrots":42,"bosses_of_mass_destruction:void_blossom":3,"minecraft:red_sandstone":1,"minecraft:chiseled_sandstone":10,"minecraft:acacia_wood":1,"minecraft:suspicious_sand":2,"minecraft:andesite":5,"minecraft:chiseled_deepslate":1,"treechop:chopped_log":73,"minecraft:gold_block":1,"minecraft:polished_deepslate":2,"minecraft:mossy_stone_brick_stairs":4,"minecraft:bookshelf":35,"minecraft:shroomlight":1,"minecraft:deepslate_iron_ore":1,"minecraft:vine":6,"minecraft:lantern":1,"alexscaves:curly_fern":6,"minecraft:stone":417,"minecraft:bone_block":1,"minecraft:white_wool":5,"minecraft:smithing_table":3,"minecraft:birch_stairs":1,"minecraft:oak_slab":1,"minecraft:acacia_leaves":2,"minecraft:soul_sand":13,"minecraft:hanging_roots":1,"minecraft:stripped_dark_oak_log":3,"minecraft:brown_carpet":10,"minecraft:spruce_door":1,"alexscaves:fissure_primal_magma":60,"minecraft:smooth_sandstone":130,"minecraft:crafting_table":7,"alexscaves:flytrap":1,"minecraft:emerald_ore":4,"minecraft:rose_bush":2,"minecraft:campfire":5,"minecraft:lectern":501,"minecraft:copper_ore":5,"minecraft:tall_grass":16,"minecraft:lapis_ore":2,"minecraft:cracked_deepslate_bricks":3,"minecraft:diorite":4,"supplementaries:urn":6,"minecraft:gray_wool":1,"minecraft:coarse_dirt":1,"graveyard:vase_block":1,"graveyard:skull_with_rib_cage":1,"minecraft:ice":5,"minecraft:yellow_bed":7,"cataclysm:sandstone_falling_trap":49,"minecraft:coal_ore":8,"minecraft:cyan_carpet":26,"minecraft:gravel":17,"minecraft:sunflower":1,"minecraft:dripstone_block":1,"minecraft:brown_terracotta":2,"minecraft:cobweb":2,"minecraft:bamboo_mosaic_stairs":2,"minecraft:cracked_stone_bricks":10,"minecraft:terracotta":12,"minecraft:acacia_planks":3,"minecraft:stone_bricks":16,"minecraft:mossy_stone_bricks":26,"minecraft:fern":22,"paraglider:goddess_statue":4},"minecraft:picked_up":{"minecraft:wheat":14,"alexscaves:tough_hide":7,"illagerinvasion:platinum_chunk":28,"minecraft:chainmail_boots":1,"minecraft:anvil":1,"minecraft:flower_pot":1,"minecraft:smithing_table":3,"minecraft:lead":1,"alexscaves:trilocaris_tail":4,"minecraft:enchanted_book":8,"minecraft:stone_brick_stairs":3,"minecraft:brewing_stand":3,"lightmanscurrency:coin_diamond":160,"minecraft:polished_deepslate":2,"paraglider:goddess_statue":4,"minecraft:string":102,"minecraft:soul_soil":1,"minecraft:raw_copper":13,"minecraft:explorer_pottery_sherd":1,"minecraft:netherite_ingot":1,"minecraft:diamond_leggings":2,"minecraft:deepslate_tiles":4,"minecraft:cobbled_deepslate":294,"bosses_of_mass_destruction:soul_star":12,"minecraft:spruce_planks":36,"thedirtystuff:hemp_seed":23,"minecraft:netherite_upgrade_smithing_template":1,"cataclysm:khopesh":4,"minecraft:bamboo_mosaic_stairs":2,"alexscaves:flytrap":1,"minecraft:iron_boots":9,"minecraft:furnace":1,"minecraft:stick":446,"minecraft:polished_deepslate_stairs":1,"minecraft:green_bed":25,"minecraft:torch":21,"minecraft:bamboo_slab":1,"minecraft:acacia_log":9,"cataclysm:kobolediator_skull":2,"alexscaves:heavy_bone":33,"minecraft:sandstone_wall":1,"minecraft:porkchop":33,"minecraft:pointed_dripstone":2,"minecraft:diorite":4,"alexsmobs:centipede_leg":3,"minecraft:brown_carpet":10,"lightmanscurrency:coin_emerald":53,"minecraft:cactus":1,"minecraft:lime_carpet":3,"minecraft:rotten_flesh":124,"alexscaves:primitive_club":1,"supplementaries:ash":15,"minecraft:deepslate_brick_stairs":1,"minecraft:iron_bars":15,"minecraft:snowball":5,"minecraft:cobblestone":378,"paraglider:paraglider":2,"minecraft:birch_slab":2,"minecraft:mossy_cobblestone_slab":1,"minecraft:leather_chestplate":3,"thedirtystuff:cocaine_seed":18,"minecraft:feather":44,"minecraft:andesite":1,"minecraft:dark_oak_boat":4,"minecraft:potato":1,"alexsmobs:bear_fur":8,"paraglider:spirit_orb":174,"minecraft:flint":1,"minecraft:tuff":52,"minecraft:smooth_sandstone_stairs":7,"create:raw_zinc":13,"graveyard:dark_iron_door":2,"minecraft:danger_pottery_sherd":1,"alexsmobs:rocky_shell":1,"minecraft:dirt":140,"minecraft:lantern":1,"cataclysm:koboleton_bone":71,"minecraft:bone":163,"minecraft:acacia_planks":2,"minecraft:bow":3,"minecraft:wheat_seeds":50,"alexscaves:extinction_spear":2,"minecraft:deepslate_brick_slab":1,"minecraft:cobbled_deepslate_slab":1,"minecraft:grindstone":5,"minecraft:mossy_stone_bricks":6,"minecraft:fletching_table":7,"minecraft:moss_block":6,"minecraft:oak_planks":45,"minecraft:mossy_stone_brick_stairs":2,"friendsandfoes:totem_of_freezing":2,"alexscaves:amber_curiosity":5,"minecraft:sand":26,"minecraft:nether_brick_stairs":4,"minecraft:cyan_bed":1,"minecraft:dark_oak_log":15,"minecraft:chiseled_sandstone":8,"minecraft:shulker_box":7,"minecraft:mossy_cobblestone":16,"minecraft:dark_prismarine":7,"cataclysm:lionfish":1,"alexsmobs:guster_eye":2,"create:crimsite":42,"minecraft:deepslate":31,"minecraft:diamond":12,"minecraft:spruce_boat":2,"waystones:waystone":2,"minecraft:blue_ice":8,"cataclysm:sandstone_falling_trap":17,"alexsmobs:rattlesnake_rattle":4,"minecraft:crossbow":1,"minecraft:granite":8,"alexsmobs:tarantula_hawk_wing_fragment":3,"minecraft:golden_apple":2,"cataclysm:ancient_metal_nugget":46,"minecraft:spruce_sign":43,"minecraft:spruce_button":3,"minecraft:chainmail_helmet":15,"minecraft:emerald":210,"alexsmobs:banana_slug_slime":1,"cataclysm:sandstone_ignite_trap":7,"minecraft:oak_sapling":7,"minecraft:netherrack":18,"minecraft:diamond_pickaxe":7,"minecraft:fishing_rod":1,"minecraft:charcoal":4,"minecraft:crafting_table":9,"alexscaves:primal_magma":89,"minecraft:packed_ice":8,"friendsandfoes:totem_of_illusion":2,"minecraft:stone_brick_wall":4,"alexsmobs:froststalker_horn":2,"paraglider:heart_container":3,"minecraft:shield":2,"illagerinvasion:unusual_dust":1,"minecraft:iron_axe":1,"minecraft:white_carpet":2,"alexscaves:dinosaur_chop":35,"takesapillage:ravager_horn":2,"minecraft:cyan_carpet":32,"graveyard:corruption":78,"minecraft:netherite_sword":1,"graveyard:gravestone":1,"minecraft:oak_boat":16,"minecraft:player_head":1,"minecraft:iron_nugget":41,"minecraft:light_gray_wool":2,"minecraft:spruce_slab":3,"minecraft:lectern":501,"minecraft:sugar_cane":186,"minecraft:chest":1,"minecraft:spruce_trapdoor":1,"minecraft:phantom_membrane":16,"minecraft:egg":1,"minecraft:dark_oak_sapling":5,"minecraft:raw_iron":12,"minecraft:sandstone":202,"minecraft:stone":7,"alexscaves:cycad":5,"minecraft:skull_pottery_sherd":1,"minecraft:carrot":153,"minecraft:prismarine_crystals":3,"minecraft:stone_pressure_plate":1,"minecraft:smooth_sandstone_slab":6,"minecraft:howl_pottery_sherd":1,"minecraft:arrow":197,"minecraft:red_shulker_box":20,"minecraft:nether_bricks":5,"minecraft:deepslate_bricks":2,"minecraft:diamond_boots":2,"minecraft:hay_block":64,"minecraft:stripped_dark_oak_wood":1,"minecraft:cracked_deepslate_bricks":4,"minecraft:glistering_melon_slice":18,"minecraft:totem_of_undying":2,"minecraft:mutton":4,"minecraft:white_wool":2,"minecraft:bone_block":1,"minecraft:cracked_deepslate_tiles":2,"minecraft:netherite_boots":1,"minecraft:burn_pottery_sherd":2,"minecraft:smooth_red_sandstone":2,"minecraft:tripwire_hook":2,"minecraft:leather":22,"minecraft:cut_sandstone":14,"cataclysm:bone_reptile_helmet":1,"alexscaves:limestone":363,"minecraft:packed_mud":48,"minecraft:granite_stairs":2,"waystones:sandy_waystone":2,"minecraft:oak_log":126,"minecraft:chainmail_chestplate":2,"minecraft:golden_boots":1,"minecraft:yellow_bed":7,"minecraft:cobbled_deepslate_stairs":1,"minecraft:gunpowder":8,"alexscaves:ambersol":3,"minecraft:paper":4,"minecraft:white_banner":4,"alexscaves:amber":61,"minecraft:orange_terracotta":8,"minecraft:smooth_sandstone":120,"minecraft:red_carpet":3,"minecraft:stone_bricks":6,"alexscaves:cooked_dinosaur_chop":7,"minecraft:iron_ingot":29,"alexscaves:curly_fern":7,"minecraft:glass_bottle":3,"lightmanscurrency:coin_iron":700,"minecraft:arms_up_pottery_sherd":1,"minecraft:iron_sword":1,"minecraft:acacia_sapling":3,"minecraft:soul_sand":11,"minecraft:dark_oak_stairs":2,"minecraft:book":112,"minecraft:oak_slab":1,"minecraft:black_candle":1,"minecraft:stone_brick_slab":1,"minecraft:gravel":5,"minecraft:birch_stairs":1,"minecraft:amethyst_shard":20,"minecraft:prize_pottery_sherd":1,"minecraft:spruce_sapling":599,"minecraft:blast_furnace":7,"minecraft:spruce_log":5138,"illagerinvasion:illusionary_dust":1,"minecraft:spider_eye":38,"minecraft:green_carpet":9,"minecraft:spruce_door":4,"minecraft:leather_helmet":2,"lightmanscurrency:coin_copper":1450,"cataclysm:bone_reptile_chestplate":2,"thedirtystuff:opium_seed":16,"minecraft:chainmail_leggings":12,"lightmanscurrency:coin_gold":187,"minecraft:iron_helmet":1,"minecraft:diamond_axe":1,"cataclysm:ancient_metal_ingot":14,"minecraft:gray_wool":2,"minecraft:smooth_quartz_slab":1,"alexscaves:cave_map":1,"cataclysm:sandstone_poison_dart_trap":2,"minecraft:acacia_slab":1,"minecraft:netherite_hoe":1,"minecraft:stripped_dark_oak_log":2,"minecraft:coal":35,"minecraft:ender_pearl":84},"minecraft:custom":{"minecraft:interact_with_crafting_table":61,"minecraft:open_barrel":73,"minecraft:open_shulker_box":64,"minecraft:eat_cake_slice":13,"minecraft:leave_game":17,"minecraft:time_since_death":1061567,"minecraft:sprint_one_cm":4626100,"minecraft:damage_blocked_by_shield":3535,"minecraft:drop":101,"minecraft:talked_to_villager":834,"minecraft:play_time":1709391,"minecraft:deaths":2,"minecraft:jump":21407,"minecraft:interact_with_brewingstand":1,"minecraft:walk_on_water_one_cm":269645,"minecraft:interact_with_furnace":15,"minecraft:traded_with_villager":1492,"minecraft:interact_with_loom":7,"minecraft:sleep_in_bed":73,"minecraft:waystone_activated":22,"minecraft:open_enderchest":34,"minecraft:damage_dealt":170816,"minecraft:crouch_one_cm":29597,"minecraft:interact_with_smithing_table":4,"minecraft:horse_one_cm":6803,"minecraft:interact_with_smoker":1,"minecraft:interact_with_anvil":83,"minecraft:mob_kills":629,"minecraft:climb_one_cm":54844,"minecraft:walk_one_cm":4569048,"minecraft:raid_win":1,"minecraft:sneak_time":11964,"minecraft:walk_under_water_one_cm":224712,"minecraft:boat_one_cm":271834,"minecraft:interact_with_lectern":8,"minecraft:interact_with_blast_furnace":4,"minecraft:total_world_time":1709391,"minecraft:raid_trigger":1,"minecraft:interact_with_grindstone":7,"minecraft:time_since_rest":125546,"minecraft:damage_taken":16561,"minecraft:damage_absorbed":463,"minecraft:trigger_trapped_chest":3,"minecraft:swim_one_cm":250435,"minecraft:fly_one_cm":4910542,"minecraft:open_chest":1020,"minecraft:fall_one_cm":598418}},"DataVersion":3465}