{"stats":{"minecraft:broken":{"minecraft:diamond_helmet":1,"minecraft:iron_leggings":1,"minecraft:shield":1,"minecraft:iron_pickaxe":2,"minecraft:stone_pickaxe":2,"minecraft:iron_boots":1,"takesapillage:ravager_horn":1,"minecraft:bow":1,"minecraft:iron_axe":2,"minecraft:iron_helmet":1,"minecraft:golden_pickaxe":1},"minecraft:mined":{"minecraft:blackstone_stairs":1,"minecraft:white_bed":1,"graveyard:candle_holder":1,"minecraft:red_nether_bricks":3,"alexscaves:azure_neodymium_pillar":33,"alexscaves:limestone":509,"minecraft:granite":42,"minecraft:acacia_log":5,"minecraft:nether_wart":12,"minecraft:spawner":92,"minecraft:polished_blackstone_bricks":67,"alexscaves:cave_painting_footprint":2,"minecraft:magma_block":25,"minecraft:mossy_cobblestone_stairs":5,"minecraft:fire":85,"minecraft:barrel":22,"minecraft:cobbled_deepslate":4,"minecraft:granite_slab":1,"minecraft:deepslate_lapis_ore":34,"minecraft:nether_brick_stairs":12,"alexscaves:fiddlehead":7,"illagerinvasion:magic_fire":15,"alexscaves:smooth_limestone":4,"minecraft:player_head":39,"minecraft:tripwire":2,"graveyard:light_gray_urn":1,"minecraft:magenta_carpet":1,"minecraft:kelp_plant":6,"graveyard:dark_iron_trapdoor":7,"minecraft:deepslate_brick_wall":1,"minecraft:crimson_nylium":5,"graveyard:fire_brazier":5,"minecraft:torch":26,"minecraft:note_block":4,"minecraft:oxidized_copper":1,"minecraft:melon":23,"minecraft:white_stained_glass_pane":2,"minecraft:dead_bush":1,"minecraft:nether_brick_slab":1,"alexscaves:energized_galena_scarlet":24,"minecraft:smooth_quartz_slab":1,"minecraft:white_candle":1,"minecraft:sugar_cane":4,"bosses_of_mass_destruction:vine_wall":6,"minecraft:mud":66,"minecraft:tinted_glass":6,"paraglider:horned_statue":2,"minecraft:jukebox":1,"create:polished_cut_ochrum":22,"minecraft:grass":146,"minecraft:smooth_quartz":2,"stalwart_dungeons:pusher":98,"minecraft:smooth_basalt":16,"minecraft:deepslate":21,"create:zinc_ore":12,"alexscaves:flood_basalt":1,"minecraft:deepslate_tiles":5,"minecraft:dark_prismarine":76,"alexscaves:acidic_radrock":3,"alexscaves:primal_magma":402,"minecraft:mossy_cobblestone":48,"minecraft:cyan_stained_glass":1,"minecraft:sea_lantern":15,"alexscaves:cave_painting_tree_stars":3,"minecraft:spruce_fence":1,"graveyard:tg_deepslate":8,"minecraft:redstone_wire":2,"minecraft:red_mushroom":10,"alexscaves:galena":459,"minecraft:packed_mud":20,"minecraft:acacia_trapdoor":2,"supplementaries:bamboo_spikes":19,"minecraft:green_terracotta":10,"minecraft:andesite":112,"alexscaves:cinder_block_slab":1,"minecraft:mossy_stone_brick_stairs":5,"minecraft:cobblestone_slab":86,"minecraft:vine":21,"alexscaves:scrap_metal":19,"minecraft:glass_pane":4,"minecraft:soul_sand":68,"minecraft:lily_of_the_valley":1,"alexscaves:fissure_primal_magma":4,"alexscaves:flytrap":2,"minecraft:warped_roots":1,"minecraft:campfire":25,"minecraft:tall_grass":69,"minecraft:copper_ore":25,"minecraft:deepslate_gold_ore":31,"minecraft:diorite":130,"stalwart_dungeons:tungsten_ore":35,"alexscaves:cave_painting_relicheirus":1,"minecraft:red_terracotta":1,"minecraft:coarse_dirt":6,"minecraft:light_blue_bed":14,"minecraft:stripped_spruce_wood":2,"minecraft:creeper_head":3,"minecraft:red_sandstone_wall":3,"alexscaves:cave_painting_pewen":3,"alexscaves:geothermal_vent_thin":4,"minecraft:sunflower":4,"minecraft:gravel":110,"minecraft:cobweb":17,"minecraft:stone_bricks":201,"minecraft:gold_ore":75,"alexscaves:cave_painting_footprints":3,"minecraft:waxed_exposed_cut_copper":1,"minecraft:fern":13,"graveyard:hanged_skeleton":1,"alexscaves:geothermal_vent_medium":4,"minecraft:orange_stained_glass":2,"minecraft:brewing_stand":12,"minecraft:spruce_trapdoor":14,"alexscaves:geothermal_vent":2,"alexscaves:pewen_branch":2,"minecraft:cracked_polished_blackstone_bricks":19,"alexscaves:sulfur":38,"minecraft:composter":2,"minecraft:brown_bed":9,"supplementaries:stick":4,"minecraft:iron_bars":57,"alexscaves:ambersol":4,"alexscaves:sulfur_bud_large":3,"minecraft:spruce_slab":1,"minecraft:quartz_block":28,"minecraft:medium_amethyst_bud":1,"stalwart_dungeons:soul_tiles":11,"alexscaves:energized_galena_neutral":7,"minecraft:nether_quartz_ore":55,"graveyard:lying_skeleton":2,"minecraft:oak_planks":54,"minecraft:wall_torch":55,"minecraft:warped_nylium":13,"minecraft:dark_oak_slab":1,"bygonenether:cobbled_blackstone":1,"minecraft:tnt":6,"graveyard:skull_pile":6,"minecraft:oak_log":25,"minecraft:dirt":214,"alexscaves:unrefined_waste":3,"minecraft:ancient_debris":35,"minecraft:cyan_candle":12,"alexscaves:quarry":5,"minecraft:dark_oak_leaves":1,"minecraft:red_stained_glass":2,"minecraft:glow_lichen":1,"minecraft:ladder":23,"minecraft:purple_terracotta":1,"minecraft:decorated_pot":1,"minecraft:brown_mushroom_block":2,"alexscaves:galena_spire":7,"minecraft:spruce_leaves":14,"minecraft:cracked_nether_bricks":1,"minecraft:hay_block":28,"graveyard:soul_fire_brazier":15,"minecraft:light_gray_shulker_box":103,"supplementaries:gunpowder":1,"minecraft:peony":1,"minecraft:gold_block":52,"minecraft:bookshelf":50,"minecraft:deepslate_iron_ore":13,"minecraft:shroomlight":20,"alexscaves:cave_painting_trilocaris":2,"minecraft:stripped_oak_log":2,"minecraft:acacia_leaves":7,"minecraft:scaffolding":1,"minecraft:basalt":908,"supplementaries:ashen_basalt":1,"alexscaves:cave_painting_tremorsaurus":1,"graveyard:small_light_gray_urn":4,"alexscaves:metal_scaffolding":14,"minecraft:stone_slab":40,"minecraft:polished_blackstone_brick_stairs":1,"supplementaries:cage":3,"minecraft:prismarine_bricks":9,"graveyard:skull_with_rib_cage":1,"minecraft:black_wall_banner":1,"minecraft:bee_nest":2,"elevatorid:elevator_white":2,"minecraft:cyan_carpet":3,"graveyard:leaning_skeleton":5,"minecraft:cracked_stone_bricks":4,"minecraft:stripped_acacia_wood":29,"minecraft:mossy_stone_bricks":13,"alexscaves:scarlet_neodymium_pillar":32,"paraglider:goddess_statue":3,"alexscaves:scrap_metal_plate":3,"minecraft:dark_oak_planks":5,"minecraft:dark_prismarine_stairs":3,"graveyard:pedestal":6,"minecraft:black_terracotta":2,"minecraft:jungle_leaves":1,"minecraft:carved_pumpkin":8,"minecraft:obsidian":13,"minecraft:stone_brick_wall":3,"minecraft:coal_block":31,"minecraft:hopper":38,"minecraft:chiseled_stone_bricks":3,"minecraft:orange_concrete":5,"alexscaves:grottoceratops_egg":3,"minecraft:stripped_dark_oak_wood":6,"minecraft:cave_vines":1,"minecraft:polished_deepslate_slab":3,"minecraft:oak_sign":1,"minecraft:dirt_path":5,"stalwart_dungeons:soul_magma_bricks":14,"minecraft:blue_orchid":1,"minecraft:iron_block":2,"minecraft:brown_mushroom":7,"alexscaves:amber":254,"minecraft:red_bed":9,"alexscaves:cave_painting_grottoceratops":3,"minecraft:soul_fire":20,"minecraft:amethyst_cluster":6,"minecraft:blast_furnace":8,"minecraft:glass":34,"minecraft:damaged_anvil":3,"minecraft:smooth_sandstone_slab":1,"minecraft:black_bed":1,"minecraft:copper_block":15,"alexscaves:pewen_sapling":1,"minecraft:loom":1,"minecraft:piston":1,"minecraft:yellow_terracotta":7,"minecraft:pink_shulker_box":62,"stalwart_dungeons:soul_bricks":67,"alexscaves:radrock":235,"minecraft:shulker_box":87,"alexscaves:metal_barrel":1,"minecraft:nether_bricks":23,"minecraft:cobbled_deepslate_slab":7,"minecraft:allium":1,"minecraft:jungle_planks":7,"minecraft:crimson_roots":1,"minecraft:orange_shulker_box":34,"alexscaves:sulfur_bud_medium":2,"minecraft:moss_block":35,"minecraft:kelp":2,"minecraft:black_stained_glass_pane":4,"bosses_of_mass_destruction:void_blossom":10,"alexscaves:heart_of_iron":2,"graveyard:sarcophagus":2,"bosses_of_mass_destruction:gauntlet_blackstone":2,"minecraft:bamboo":6,"minecraft:white_wool":6,"minecraft:cake":1,"minecraft:gray_concrete":2,"alexscaves:azure_neodymium_node":1,"minecraft:brown_carpet":1,"minecraft:stone_brick_slab":1,"minecraft:smooth_sandstone":30,"minecraft:emerald_ore":6,"minecraft:purple_bed":1,"graveyard:vase_block":54,"minecraft:purple_stained_glass":2,"minecraft:spruce_log":8,"minecraft:mycelium":7,"stalwart_dungeons:igniter":30,"minecraft:pitcher_crop":1,"alexscaves:cycad":14,"bygonenether:soul_stone":2,"minecraft:acacia_planks":29,"minecraft:spruce_fence_gate":1,"minecraft:deepslate_emerald_ore":16,"minecraft:black_shulker_box":20,"stalwart_dungeons:spore_vaporizer":8,"minecraft:large_amethyst_bud":1,"minecraft:spruce_planks":17,"minecraft:cave_vines_plant":1,"minecraft:stripped_crimson_hyphae":1,"minecraft:grass_block":112,"graveyard:dark_iron_door":3,"minecraft:soul_soil":40,"minecraft:mud_bricks":22,"minecraft:smooth_stone":1,"minecraft:red_nether_brick_stairs":1,"minecraft:iron_ore":19,"graveyard:leaning_wither_skeleton":2,"minecraft:anvil":11,"alexscaves:amber_monolith":2,"minecraft:dark_oak_stairs":2,"alexscaves:underweed":2,"minecraft:purple_carpet":1,"minecraft:end_stone_bricks":10,"alexscaves:fern_thatch":1,"alexscaves:pewen_planks":1,"create:cut_limestone":13,"minecraft:cyan_terracotta":18,"minecraft:blackstone":797,"minecraft:polished_deepslate_stairs":2,"stalwart_dungeons:transient_block_close":18,"minecraft:clay":5,"minecraft:calcite":4,"minecraft:chest":25,"minecraft:cobblestone":104,"graveyard:skeleton_hand":3,"minecraft:slime_block":2,"alexscaves:rusty_scaffolding":28,"minecraft:grindstone":4,"minecraft:prismarine":2,"minecraft:iron_door":2,"minecraft:deepslate_copper_ore":1,"minecraft:seagrass":1,"minecraft:nether_wart_block":2,"amendments:directional_cake":1,"minecraft:orange_tulip":1,"minecraft:cracked_deepslate_tiles":2,"graveyard:creeper_skeleton":6,"minecraft:sand":3309,"minecraft:wither_skeleton_skull":5,"minecraft:netherrack":4995,"minecraft:oak_leaves":4,"minecraft:nether_gold_ore":10,"alexscaves:spelunkery_table":3,"minecraft:deepslate_diamond_ore":39,"alexscaves:cave_painting_subterranodon":1,"alexscaves:sulfur_cluster":15,"minecraft:brick_stairs":1,"alexscaves:magnetic_light":4,"minecraft:polished_andesite_slab":2,"minecraft:mangrove_trapdoor":1,"minecraft:sandstone":57,"minecraft:rooted_dirt":40,"minecraft:large_fern":17,"minecraft:deepslate_brick_slab":7,"alexscaves:radrock_uranium_ore":7,"alexscaves:subterranodon_egg":11,"minecraft:furnace":3,"alexscaves:energized_galena_azure":74,"alexscaves:relicheirus_egg":1,"create:scorchia":2,"minecraft:stripped_spruce_log":8,"minecraft:black_concrete":8,"treechop:chopped_log":16,"minecraft:chiseled_deepslate":2,"minecraft:polished_deepslate":4,"minecraft:packed_ice":15,"alexscaves:curly_fern":10,"minecraft:stone":5434,"minecraft:white_tulip":1,"minecraft:podzol":6,"alexscaves:cave_painting_dark":4,"minecraft:soul_torch":1,"alexscaves:cooked_dinosaur_chop":1,"minecraft:spruce_door":1,"minecraft:crafting_table":16,"minecraft:blackstone_slab":2,"alexscaves:tree_star":9,"minecraft:rose_bush":18,"minecraft:andesite_slab":2,"minecraft:lectern":45,"alexscaves:metal_swarf":12,"minecraft:lapis_ore":20,"supplementaries:urn":15,"minecraft:spruce_stairs":1,"alexscaves:galena_iron_ore":2,"minecraft:redstone_torch":1,"alexscaves:waste_drum":25,"graveyard:dark_iron_bars":12,"minecraft:coal_ore":109,"alexscaves:cave_painting_ambersol":1,"minecraft:terracotta":10},"minecraft:picked_up":{"alexscaves:waste_drum":30,"alexscaves:tough_hide":34,"alexscaves:sulfur_cluster":7,"minecraft:lead":8,"minecraft:stone_slab":33,"alexscaves:unrefined_waste":2,"minecraft:enchanted_book":14,"lightmanscurrency:coin_diamond":103,"minecraft:polished_deepslate":3,"minecraft:polished_blackstone_brick_stairs":3,"minecraft:string":114,"graveyard:sarcophagus":2,"alexscaves:energized_galena_scarlet":23,"minecraft:shroomlight":18,"minecraft:diamond_leggings":1,"alexsmobs:emu_feather":4,"alexscaves:cave_painting_tremorsaurus":2,"minecraft:crimson_sign":2,"minecraft:jukebox":1,"minecraft:acacia_log":35,"minecraft:golden_axe":2,"alexscaves:pewen_branch":1,"minecraft:green_terracotta":10,"minecraft:golden_chestplate":4,"casinocraft:rulebook_5_2":63,"minecraft:brown_carpet":3,"lightmanscurrency:coin_emerald":175,"alexscaves:ominous_catalyst":1,"minecraft:stone_sword":7,"minecraft:polished_basalt":5,"minecraft:carved_pumpkin":8,"alexscaves:primitive_club":2,"supplementaries:ash":60,"minecraft:blaze_rod":165,"minecraft:iron_bars":42,"minecraft:snowball":222,"minecraft:feather":37,"minecraft:cooked_beef":130,"minecraft:water_bucket":3,"minecraft:copper_block":15,"alexscaves:cinder_block_slab":1,"alexsmobs:bison_fur":15,"minecraft:flint":36,"alexsmobs:cooked_kangaroo_meat":77,"minecraft:purple_stained_glass":1,"minecraft:lantern":2,"alexscaves:galena":532,"minecraft:purple_carpet":1,"alexscaves:extinction_spear":1,"minecraft:diamond_helmet":3,"alexsmobs:vine_lasso":1,"minecraft:stripped_acacia_wood":28,"minecraft:stripped_spruce_log":23,"minecraft:brown_mushroom_block":2,"minecraft:acacia_stairs":7,"alexsmobs:animal_dictionary":2,"immersive_melodies:piano":1,"stalwart_dungeons:spore_vaporizer":8,"supplementaries:bamboo_spikes":11,"minecraft:deepslate":21,"minecraft:lever":1,"minecraft:granite":45,"alexscaves:heart_of_iron":3,"minecraft:rooted_dirt":78,"minecraft:crimson_roots":1,"minecraft:diamond_pickaxe":11,"alexscaves:raw_scarlet_neodymium":24,"minecraft:mud":43,"alexscaves:primal_magma":114,"minecraft:leather_leggings":5,"minecraft:clay_ball":32,"minecraft:golden_pickaxe":2,"friendsandfoes:totem_of_illusion":4,"paraglider:heart_container":1,"minecraft:cornflower":1,"casinocraft:cardtable_wide_black":1,"minecraft:flint_and_steel":4,"camera:image_frame":1,"create:scorchia":2,"minecraft:iron_shovel":2,"graveyard:soul_fire_brazier":15,"minecraft:spruce_slab":1,"alexscaves:amber_monolith":2,"minecraft:copper_ore":27,"minecraft:stone":3500,"alexscaves:cycad":36,"graveyard:dark_iron_bars":12,"graveyard:lying_skeleton":2,"minecraft:diamond_chestplate":2,"minecraft:decorated_pot":1,"minecraft:hay_block":36,"stalwart_dungeons:tungsten_axe":5,"minecraft:yellow_terracotta":11,"minecraft:totem_of_undying":4,"minecraft:mutton":6,"minecraft:mud_bricks":20,"alexscaves:sulfur_dust":99,"minecraft:blackstone_slab":2,"minecraft:packed_mud":14,"alexscaves:charred_remnant":15,"alexscaves:ambersol":4,"alexsmobs:mosquito_proboscis":1,"minecraft:paper":12,"alexscaves:pewen_sapling":20,"minecraft:apple":1,"alexsmobs:cockroach_wing_fragment":7,"alexscaves:green_soylent":14,"minecraft:stone_pickaxe":1,"minecraft:iron_ore":18,"endermanoverhaul:warped_pearl":4,"minecraft:dark_oak_stairs":5,"minecraft:smooth_basalt":12,"alexsmobs:fish_bones":1,"minecraft:cracked_nether_bricks":1,"graveyard:skeleton_hand":2,"minecraft:crimson_stairs":1,"illagerinvasion:illusionary_dust":3,"minecraft:leather_helmet":10,"lightmanscurrency:coin_copper":3574,"minecraft:diamond_shovel":3,"minecraft:coal_ore":67,"minecraft:slime_ball":12,"alexscaves:subterranodon_egg":9,"alexscaves:scarlet_neodymium_pillar":30,"alexscaves:galena_spire":6,"minecraft:baked_potato":1,"minecraft:smooth_quartz_slab":1,"minecraft:hopper":38,"alexscaves:relicheirus_egg":1,"alexscaves:radgill":3,"illagerinvasion:platinum_chunk":45,"alexscaves:cave_tablet":1,"minecraft:stone_brick_stairs":2,"minecraft:dead_tube_coral_block":4,"minecraft:deepslate_lapis_ore":22,"alexscaves:scrap_metal_plate":3,"minecraft:experience_bottle":48,"alexsmobs:dropbear_claw":3,"alexsmobs:blood_sac":4,"minecraft:smooth_stone":1,"alexscaves:magnetic_light":5,"minecraft:white_tulip":1,"minecraft:rose_bush":16,"minecraft:cobblestone_slab":69,"minecraft:iron_pickaxe":2,"alexscaves:flytrap":5,"alexscaves:tesla_bulb":2,"minecraft:polished_deepslate_stairs":1,"alexscaves:raw_azure_neodymium":26,"minecraft:spruce_stairs":2,"alexscaves:nuclear_bomb":1,"minecraft:diorite":129,"minecraft:rotten_flesh":361,"alexscaves:galena_iron_ore":4,"minecraft:deepslate_copper_ore":1,"minecraft:deepslate_brick_stairs":5,"minecraft:obsidian":10,"alexsmobs:mungal_spores":12,"iammusicplayer:boombox":2,"minecraft:cobblestone":1909,"minecraft:leather_chestplate":6,"minecraft:lilac":1,"minecraft:andesite":36,"minecraft:black_bed":1,"minecraft:golden_leggings":5,"minecraft:potato":1,"alexscaves:cave_book":1,"minecraft:prismarine_bricks":7,"graveyard:dark_iron_door":3,"minecraft:dirt":420,"minecraft:glass":30,"minecraft:bone":732,"minecraft:acacia_planks":42,"minecraft:wheat_seeds":31,"minecraft:bow":14,"alexscaves:toxic_paste":31,"minecraft:orange_tulip":1,"alexscaves:quarry":5,"minecraft:grindstone":5,"alexscaves:cave_painting_footprint":4,"friendsandfoes:wildfire_crown_fragment":10,"minecraft:mossy_stone_bricks":9,"camera:image":2,"minecraft:bamboo":68,"casinocraft:rulebook_4_2":63,"minecraft:prismarine":1,"minecraft:red_sandstone_wall":3,"alexscaves:uranium":12,"alexscaves:grottoceratops_egg":3,"endermanoverhaul:soul_pearl":5,"minecraft:nether_brick_stairs":7,"minecraft:grass_block":3,"minecraft:mossy_cobblestone":50,"minecraft:sugar":3,"minecraft:slime_block":2,"minecraft:polished_blackstone_pressure_plate":2,"waystones:waystone":5,"minecraft:cracked_polished_blackstone_bricks":17,"alexsmobs:rattlesnake_rattle":2,"minecraft:crossbow":2,"casinocraft:rulebook_4_1":63,"minecraft:golden_apple":1,"minecraft:spruce_sign":15,"minecraft:emerald":321,"minecraft:netherrack":5775,"minecraft:ladder":26,"minecraft:brown_mushroom":65,"alexscaves:raygun":1,"minecraft:stone_brick_wall":24,"alexscaves:flood_basalt":1,"stalwart_dungeons:soul_bricks":67,"minecraft:chain":10,"alexscaves:tectonic_shard":5,"minecraft:shield":9,"alexscaves:metal_swarf":43,"minecraft:moss_carpet":4,"alexscaves:cave_painting_tree_stars":6,"minecraft:mycelium":2,"minecraft:blackstone":767,"casinocraft:rulebook_1_1":63,"graveyard:corruption":140,"create:cut_limestone":13,"create:zinc_ore":4,"graveyard:skull_with_rib_cage":1,"minecraft:note_block":5,"alexscaves:fern_thatch":1,"minecraft:polished_blackstone_bricks":35,"minecraft:cookie":1,"minecraft:light_blue_bed":18,"minecraft:purple_terracotta":1,"minecraft:nether_bricks":15,"minecraft:stripped_dark_oak_wood":3,"minecraft:black_banner":1,"minecraft:skeleton_skull":1,"minecraft:basalt":1127,"minecraft:golden_carrot":36,"minecraft:leather":39,"minecraft:ice":5,"casinocraft:rulebook_3_1":63,"minecraft:bedrock":1,"minecraft:chainmail_chestplate":4,"alexscaves:pewen_planks":26,"minecraft:cobbled_deepslate_stairs":2,"minecraft:gunpowder":2191,"alexscaves:ferrouslime_ball":7,"alexscaves:amber":212,"minecraft:cooked_mutton":10,"alexscaves:azure_neodymium_node":3,"minecraft:deepslate_emerald_ore":16,"minecraft:spruce_wood":70,"alexscaves:radrock":226,"minecraft:iron_ingot":11,"casinocraft:rulebook_2_1":63,"casinocraft:cardtable_base_black":1,"alexscaves:curly_fern":21,"alexscaves:sulfur":35,"minecraft:polished_andesite_slab":1,"minecraft:warped_fungus":1,"minecraft:nether_quartz_ore":50,"graveyard:pedestal":6,"minecraft:stone_brick_slab":3,"alexscaves:fissile_core":3,"minecraft:quartz":65,"stalwart_dungeons:soul_tiles":10,"alexscaves:tree_star":61,"minecraft:amethyst_shard":69,"minecraft:soul_torch":2,"minecraft:nether_brick_slab":2,"minecraft:spruce_door":1,"casinocraft:rulebook_6_2":63,"minecraft:pumpkin_seeds":1,"bygonenether:wither_waltz_music_disc":1,"minecraft:chainmail_leggings":18,"lightmanscurrency:coin_netherite":5,"minecraft:mossy_cobblestone_stairs":4,"alexscaves:azure_neodymium_pillar":30,"minecraft:terracotta":2,"stalwart_dungeons:igniter":28,"minecraft:damaged_anvil":3,"minecraft:netherite_hoe":1,"alexscaves:ancient_sapling":62,"minecraft:sunflower":4,"minecraft:wooden_axe":1,"minecraft:iron_chestplate":6,"minecraft:chainmail_boots":4,"minecraft:creeper_head":3,"minecraft:anvil":12,"minecraft:prismarine_shard":21,"minecraft:magenta_carpet":1,"minecraft:diamond_sword":4,"minecraft:oak_stairs":6,"graveyard:light_gray_urn":1,"minecraft:brown_bed":9,"alexscaves:trilocaris_tail":14,"minecraft:wither_rose":1,"minecraft:brewing_stand":18,"minecraft:golden_sword":1,"minecraft:amethyst_block":4,"alexscaves:smooth_limestone":5,"paraglider:goddess_statue":3,"minecraft:soul_soil":55,"alexscaves:pure_darkness":1,"minecraft:red_nether_bricks":2,"minecraft:gold_nugget":30,"minecraft:cobbled_deepslate":22,"bosses_of_mass_destruction:soul_star":18,"minecraft:spruce_planks":21,"casinocraft:arcade_base_black":1,"minecraft:written_book":1,"minecraft:melon_slice":133,"minecraft:coal_block":29,"minecraft:golden_helmet":1,"minecraft:composter":1,"casinocraft:rulebook_5_1":63,"minecraft:chiseled_nether_bricks":2,"stalwart_dungeons:soul_magma_bricks":14,"minecraft:iron_block":2,"minecraft:cyan_terracotta":17,"casinocraft:rulebook_2_2":63,"alexscaves:notor_gizmo":8,"alexscaves:archaic_vine":8,"minecraft:blackstone_stairs":1,"minecraft:magma_block":131,"minecraft:oxidized_copper":1,"minecraft:iron_door":2,"minecraft:jungle_log":313,"alexscaves:cave_painting_pewen":2,"minecraft:gray_concrete":2,"iammusicplayer:cassette_deck":1,"stalwart_dungeons:blaze_armor_scrap":69,"iammusicplayer:music_manager":1,"minecraft:glowstone_dust":2,"minecraft:moss_block":30,"minecraft:pitcher_pod":1,"graveyard:fire_brazier":5,"stalwart_dungeons:tungsten_ore":9,"alexscaves:amber_curiosity":3,"bosses_of_mass_destruction:crystal_fruit":3,"alexscaves:metal_scaffolding":14,"minecraft:ink_sac":3,"minecraft:granite_slab":1,"minecraft:loom":2,"minecraft:red_terracotta":1,"minecraft:barrel":22,"cataclysm:lionfish":1,"minecraft:white_candle":6,"alexsmobs:guster_eye":1,"minecraft:deepslate_gold_ore":30,"minecraft:blue_ice":15,"minecraft:chainmail_helmet":1,"minecraft:bread":50,"alexsmobs:maggot":5,"minecraft:coarse_dirt":9,"minecraft:crafting_table":17,"minecraft:nether_wart":88,"stalwart_dungeons:void_crystal":4,"alexscaves:fiddlehead":7,"minecraft:red_bed":10,"graveyard:hanged_skeleton":1,"alexscaves:scrap_metal":19,"minecraft:cracked_stone_bricks":13,"minecraft:deepslate_diamond_ore":39,"alexscaves:geothermal_vent_medium":1,"minecraft:beef":36,"minecraft:iron_nugget":47,"graveyard:leaning_skeleton":2,"casinocraft:rulebook_6_1":63,"minecraft:chest":25,"minecraft:egg":1,"minecraft:sandstone":267,"minecraft:polished_deepslate_slab":3,"alexscaves:geothermal_vent":2,"minecraft:amethyst_cluster":2,"alexsmobs:straddlite":1,"minecraft:spruce_fence":1,"bosses_of_mass_destruction:void_thorn":2,"minecraft:carrot":7,"minecraft:redstone":18,"minecraft:prismarine_crystals":7,"alexscaves:cave_painting_trilocaris":4,"minecraft:tnt":20,"minecraft:cooked_cod":6,"minecraft:peony":1,"minecraft:diamond_boots":5,"minecraft:gold_ingot":6,"minecraft:glow_berries":5,"alexscaves:cave_painting_grottoceratops":4,"minecraft:white_wool":34,"minecraft:lapis_ore":8,"alexscaves:pewen_log":88,"minecraft:red_mushroom":20,"minecraft:filled_map":2,"alexsmobs:froststalker_helmet":1,"supplementaries:urn":2,"graveyard:small_light_gray_urn":1,"minecraft:oak_log":41,"minecraft:ancient_debris":37,"casinocraft:rulebook_3_2":63,"minecraft:white_banner":4,"minecraft:stone_bricks":216,"minecraft:kelp":3,"alexscaves:cooked_dinosaur_chop":61,"minecraft:cobweb":49,"minecraft:glass_bottle":11,"lightmanscurrency:coin_iron":1741,"minecraft:iron_sword":20,"elevatorid:elevator_white":2,"minecraft:dark_oak_slab":4,"minecraft:gravel":164,"minecraft:spruce_sapling":5,"create:schematic":1,"minecraft:spruce_log":71,"minecraft:sea_lantern":15,"alexscaves:telecore":9,"minecraft:red_stained_glass":1,"minecraft:purple_bed":1,"lightmanscurrency:coin_gold":927,"alexscaves:pine_nuts":23,"minecraft:diamond_axe":2,"alexscaves:rusty_scaffolding":29,"minecraft:gray_wool":3,"alexscaves:cave_map":1,"minecraft:warped_nylium":10,"minecraft:crimson_nylium":3,"minecraft:ender_pearl":10,"minecraft:shulker_shell":7,"minecraft:chiseled_deepslate":2,"minecraft:wheat":8,"minecraft:light_gray_shulker_box":105,"minecraft:potion":17,"minecraft:nether_brick":20,"minecraft:crimson_planks":1,"casinocraft:rulebook_7_0":63,"minecraft:raw_copper":13,"graveyard:candle_holder":1,"minecraft:iron_leggings":1,"alexscaves:acidic_radrock":1,"minecraft:pink_shulker_box":63,"minecraft:oak_sign":2,"minecraft:black_shulker_box":20,"alexsmobs:banana":5,"minecraft:redstone_torch":4,"minecraft:calcite":4,"thedirtystuff:hemp_seed":2,"bygonenether:soul_stone":2,"minecraft:furnace":3,"minecraft:iron_boots":9,"minecraft:stick":167,"minecraft:orange_shulker_box":34,"alexscaves:limestone_spear":42,"minecraft:deepslate_brick_wall":1,"minecraft:oak_fence":8,"minecraft:torch":198,"alexscaves:heavy_bone":18,"minecraft:porkchop":16,"graveyard:dark_iron_trapdoor":7,"minecraft:quartz_block":18,"minecraft:nether_gold_ore":5,"minecraft:cactus":1,"supplementaries:antique_ink":3,"alexscaves:energized_galena_azure":74,"minecraft:cod":2,"paraglider:paraglider":1,"graveyard:skull_pile":3,"progressivebosses:nether_star_shard":2,"minecraft:magma_cream":27,"paraglider:spirit_orb":206,"minecraft:tuff":3,"alexscaves:cave_painting_subterranodon":2,"supplementaries:flax_seeds":3,"minecraft:wither_skeleton_skull":8,"minecraft:lapis_lazuli":289,"minecraft:leather_boots":15,"casinocraft:arcade_slot_black":1,"minecraft:deepslate_brick_slab":5,"minecraft:raw_gold":3,"minecraft:cobbled_deepslate_slab":7,"minecraft:cyan_candle":27,"graveyard:creeper_skeleton":6,"alexsmobs:blobfish":1,"minecraft:oak_planks":108,"alexscaves:radrock_uranium_ore":1,"minecraft:mossy_stone_brick_stairs":5,"friendsandfoes:totem_of_freezing":4,"minecraft:ghast_tear":1,"minecraft:black_terracotta":3,"minecraft:cooked_porkchop":39,"graveyard:bone_dagger":3,"minecraft:oak_pressure_plate":1,"minecraft:jungle_planks":14,"alexscaves:energized_galena_neutral":7,"minecraft:sand":3829,"minecraft:shulker_box":87,"minecraft:dark_prismarine":73,"minecraft:black_concrete":6,"minecraft:diamond":10,"minecraft:spruce_boat":8,"minecraft:polished_blackstone_button":1,"minecraft:oak_sapling":2,"minecraft:nether_star":1,"minecraft:end_stone_bricks":9,"minecraft:allium":1,"alexscaves:cave_painting_ambersol":2,"minecraft:chicken":1,"create:polished_cut_ochrum":17,"minecraft:gold_block":53,"alexscaves:dinosaur_nugget":14,"minecraft:iron_axe":17,"minecraft:orange_concrete":3,"minecraft:wooden_sword":5,"minecraft:item_frame":3,"alexscaves:dinosaur_chop":2,"takesapillage:ravager_horn":3,"minecraft:cyan_carpet":4,"minecraft:dark_prismarine_stairs":3,"minecraft:oak_boat":5,"minecraft:player_head":44,"supplementaries:cage":3,"minecraft:lectern":45,"minecraft:tinted_glass":2,"minecraft:sugar_cane":9,"minecraft:spruce_trapdoor":36,"minecraft:phantom_membrane":11,"minecraft:stripped_crimson_hyphae":1,"minecraft:raw_iron":45,"bygonenether:cobbled_blackstone":31,"minecraft:copper_ingot":1,"minecraft:magenta_shulker_box":1,"minecraft:dark_oak_planks":5,"minecraft:smooth_sandstone_slab":1,"minecraft:arrow":126,"stalwart_dungeons:raw_tungsten":52,"minecraft:jungle_stairs":1,"alexscaves:pewen_wood":10,"graveyard:leaning_wither_skeleton":1,"alexscaves:spelunkery_table":3,"paraglider:horned_statue":1,"create:empty_schematic":1,"minecraft:wet_sponge":4,"minecraft:cracked_deepslate_tiles":3,"alexscaves:cave_painting_dark":4,"alexscaves:cave_painting_footprints":6,"minecraft:air":277,"casinocraft:rulebook_3_3":63,"minecraft:birch_planks":2,"alexscaves:heavyweight":3,"alexscaves:limestone":573,"minecraft:nether_wart_block":2,"minecraft:podzol":4,"minecraft:smooth_sandstone":32,"minecraft:red_nether_brick_stairs":1,"stalwart_dungeons:pusher":90,"minecraft:acacia_sapling":2,"minecraft:soul_sand":61,"stalwart_dungeons:transient_block_close":18,"minecraft:book":228,"alexscaves:geothermal_vent_thin":2,"minecraft:scaffolding":2,"minecraft:chiseled_stone_bricks":3,"minecraft:blast_furnace":7,"minecraft:white_bed":1,"minecraft:gold_ore":75,"minecraft:spider_eye":35,"alexsmobs:raw_catfish":6,"minecraft:campfire":10,"minecraft:iron_helmet":13,"minecraft:coal":247},"minecraft:killed":{"illagerinvasion:archivist":10,"illagerinvasion:basher":8,"minecraft:guardian":22,"friendsandfoes:glare":1,"endermanoverhaul:desert_enderman":1,"graveyard:acolyte":53,"alexsmobs:straddler":5,"alexsmobs:centipede_head":1,"alexscaves:forsaken":1,"endermanoverhaul:badlands_enderman":1,"alexscaves:teletor":8,"minecraft:parrot":1,"alexscaves:gammaroach":16,"stalwart_dungeons:giddy_blaze":11,"minecraft:pillager":346,"minecraft:donkey":3,"minecraft:zombie":439,"stalwart_dungeons:incomplete_wither":140,"alexscaves:trilocaris":24,"minecraft:evoker":3,"alexscaves:brainiac":12,"graveyard:corrupted_vindicator":13,"minecraft:vindicator":15,"alexsmobs:gorilla":2,"cataclysm:deepling_angler":1,"minecraft:husk":11,"endermanoverhaul:warped_forest_enderman":1,"minecraft:ravager":3,"friendsandfoes:wildfire":1,"alexsmobs:gelada_monkey":1,"alexsmobs:crocodile":2,"minecraft:witch":6,"minecraft:zombified_piglin":2,"minecraft:spider":93,"illagerinvasion:provoker":9,"minecraft:silverfish":31,"minecraft:piglin_brute":18,"minecraft:piglin":24,"minecraft:zombie_villager":1,"alexsmobs:stradpole":4,"illagerinvasion:alchemist":6,"alexsmobs:crimson_mosquito":8,"minecraft:sheep":5,"minecraft:ghast":5,"witherstormmod:tentacle":1,"graveyard:corrupted_pillager":8,"minecraft:vex":11,"endermanoverhaul:flower_fields_enderman":1,"minecraft:slime":1,"alexscaves:nucleeper":2,"endermanoverhaul:scarab":3,"bygonenether:wither_skeleton_knight":3,"endermanoverhaul:soulsand_valley_enderman":4,"minecraft:drowned":1,"bosses_of_mass_destruction:lich":1,"alexscaves:relicheirus":7,"friendsandfoes:iceologer":5,"stalwart_dungeons:reinforced_blaze":100,"takesapillage:skirmisher":4,"bosses_of_mass_destruction:void_blossom":1,"minecraft:hoglin":2,"alexsmobs:emu":1,"endermanoverhaul:spirit":4,"alexsmobs:cockroach":3,"minecraft:wither_skeleton":591,"minecraft:cave_spider":19,"alexscaves:boundroid":3,"graveyard:wraith":25,"minecraft:shulker":1,"minecraft:skeleton":248,"bosses_of_mass_destruction:gauntlet":1,"illagerinvasion:necromancer":3,"minecraft:magma_cube":48,"alexsmobs:seal":6,"creeperoverhaul:desert_creeper":1,"cataclysm:deepling":2,"takesapillage:archer":9,"minecraft:cow":28,"graveyard:nightmare":1,"illagerinvasion:marauder":7,"alexscaves:ferrouslime":4,"alexsmobs:seagull":2,"minecraft:horse":1,"stalwart_dungeons:shelterer_without_armor":1,"bygonenether:wraither":5,"stalwart_dungeons:nether_wart_cocoon":6,"alexsmobs:rocky_roller":1,"alexsmobs:guster":7,"endermanoverhaul:snowy_enderman":1,"alexscaves:grottoceratops":21,"minecraft:enderman":9,"endermanoverhaul:mushroom_fields_enderman":1,"alexsmobs:froststalker":1,"alexsmobs:banana_slug":1,"minecraft:illusioner":3,"alexscaves:notor":2,"illagerinvasion:inquisitor":2,"minecraft:pig":15,"endermanoverhaul:nether_wastes_enderman":1,"minecraft:creeper":148,"cataclysm:deepling_brute":2,"illagerinvasion:sorcerer":3,"alexsmobs:fly":1,"bygonenether:corpor":2,"minecraft:blaze":18,"alexscaves:vallumraptor":21,"alexsmobs:dropbear":1,"stalwart_dungeons:propulk":14,"graveyard:revenant":1,"takesapillage:legioner":3,"alexsmobs:rattlesnake":3,"minecraft:phantom":18,"friendsandfoes:mauler":1,"alexsmobs:bison":12,"alexsmobs:soul_vulture":3,"minecraft:bat":1,"alexscaves:magnetron":2,"bygonenether:wex":3},"minecraft:crafted":{"minecraft:black_dye":1,"minecraft:chain":3,"minecraft:shulker_box":4,"minecraft:acacia_slab":12,"alexscaves:quarry_smasher":1,"supplementaries:cage":15,"waystones:warp_stone":4,"minecraft:lectern":1,"minecraft:stone_slab":30,"alexscaves:quarry":1,"minecraft:netherite_ingot":1,"minecraft:composter":1,"minecraft:polished_blackstone_bricks":16,"minecraft:golden_carrot":72,"minecraft:orange_shulker_box":1,"minecraft:iron_nugget":9,"alexscaves:cave_codex":6,"minecraft:light_gray_shulker_box":1,"minecraft:stone_pickaxe":2,"minecraft:spruce_boat":1,"minecraft:enchanting_table":1,"minecraft:enchanted_book":23,"minecraft:orange_dye":1,"alexsmobs:fedora":1,"minecraft:cobblestone_slab":36,"paraglider:goddess_statue":1,"minecraft:cake":12,"alexscaves:serene_salad":5,"minecraft:chest":119,"alexscaves:cave_book":1,"minecraft:arrow":336,"minecraft:iron_helmet":1,"minecraft:tnt":435,"minecraft:spruce_trapdoor":10,"minecraft:stick":1120,"minecraft:iron_ingot":177,"minecraft:furnace":1,"alexscaves:azure_neodymium_ingot":5,"paraglider:paraglider":2,"elevatorid:elevator_white":2,"minecraft:mangrove_planks":8,"minecraft:jungle_planks":820,"minecraft:anvil":1,"minecraft:torch":172,"waystones:waystone":4,"supplementaries:bamboo_spikes":12,"minecraft:lever":3,"minecraft:bookshelf":22,"minecraft:iron_bars":48,"minecraft:glass":16,"graveyard:bone_dagger":1,"minecraft:polished_blackstone":16,"alexscaves:cave_tablet":1,"minecraft:magenta_dye":1,"minecraft:emerald":39,"minecraft:diamond_axe":1,"minecraft:campfire":6,"minecraft:iron_block":4,"minecraft:gold_ingot":45,"minecraft:light_gray_dye":1,"minecraft:pink_dye":2,"minecraft:diamond":369,"minecraft:ladder":33,"minecraft:spruce_slab":42,"minecraft:diamond_boots":3,"minecraft:dark_oak_planks":12,"minecraft:wheat":290,"minecraft:jungle_slab":12,"minecraft:iron_leggings":2,"minecraft:oak_planks":304,"minecraft:pink_shulker_box":1,"alexscaves:pewen_planks":236,"minecraft:hopper":30,"minecraft:iron_boots":2,"alexscaves:spelunkery_table":1,"alexscaves:primitive_club":1,"stalwart_dungeons:tungsten_axe":2,"minecraft:oak_slab":42,"minecraft:crafting_table":11,"minecraft:spruce_planks":684,"minecraft:wooden_pickaxe":1,"minecraft:gold_block":53,"minecraft:black_shulker_box":1,"minecraft:iron_chestplate":2,"minecraft:paper":9,"minecraft:diamond_pickaxe":1,"minecraft:shield":3,"bosses_of_mass_destruction:charged_ender_pearl":1,"minecraft:cookie":306,"minecraft:coal":63,"alexscaves:dinosaur_nugget":720,"alexscaves:cave_map":6,"minecraft:netherite_leggings":1,"minecraft:iron_axe":3,"minecraft:netherite_scrap":2,"minecraft:crimson_planks":4,"minecraft:diamond_sword":1,"alexsmobs:cooked_kangaroo_meat":160,"minecraft:bowl":4,"minecraft:nether_bricks":1,"minecraft:bucket":2,"minecraft:air":0,"minecraft:bread":100,"minecraft:oak_boat":2,"alexscaves:limestone_spear":80,"alexscaves:magnetic_light":16,"minecraft:pumpkin_pie":96,"minecraft:acacia_planks":252},"minecraft:dropped":{"minecraft:iron_sword":8,"minecraft:lapis_lazuli":2,"minecraft:glass_bottle":4,"minecraft:crafting_table":1,"minecraft:pitcher_pod":1,"minecraft:dark_oak_slab":4,"minecraft:glow_berries":1,"minecraft:black_bed":1,"minecraft:cracked_stone_bricks":4,"graveyard:corruption":1,"minecraft:red_mushroom":1,"minecraft:emerald":151,"minecraft:gold_block":2,"minecraft:red_bed":2,"paraglider:heart_container":1,"alexscaves:dinosaur_nugget":151,"minecraft:gold_nugget":6,"minecraft:sand":268,"minecraft:dark_oak_planks":5,"alexscaves:raygun":1,"minecraft:white_wool":22,"minecraft:iron_nugget":23,"minecraft:cobbled_deepslate":18,"minecraft:wheat":1,"minecraft:obsidian":2,"minecraft:rotten_flesh":178,"minecraft:oak_planks":8,"bosses_of_mass_destruction:soul_star":2,"minecraft:sea_lantern":12,"alexscaves:cave_book":1,"alexscaves:smooth_limestone":3,"minecraft:quartz_block":2,"minecraft:leather_boots":1,"minecraft:acacia_sapling":2,"minecraft:leather_leggings":1,"minecraft:red_nether_bricks":1,"minecraft:beef":20,"minecraft:stone_brick_stairs":1,"alexsmobs:fedora":1,"minecraft:wheat_seeds":12,"minecraft:book":80,"minecraft:prismarine_crystals":7,"alexscaves:limestone_spear":32,"minecraft:golden_apple":26,"minecraft:cobweb":21,"alexscaves:cave_painting_pewen":1,"minecraft:ink_sac":3,"alexscaves:sulfur_cluster":1,"minecraft:potion":2,"alexscaves:primitive_club":2,"minecraft:chainmail_leggings":7,"minecraft:acacia_planks":8,"minecraft:stone_brick_slab":1,"minecraft:creeper_head":1,"minecraft:soul_soil":1,"alexscaves:tree_star":1,"minecraft:clay_ball":32,"minecraft:iron_boots":9,"supplementaries:cage":7,"lightmanscurrency:coin_gold":606,"minecraft:diamond_sword":3,"alexscaves:flood_basalt":1,"minecraft:spruce_planks":19,"minecraft:diamond_pickaxe":7,"minecraft:pink_shulker_box":1,"minecraft:redstone_torch":3,"minecraft:brown_bed":1,"minecraft:bamboo":2,"minecraft:stone_bricks":1,"minecraft:sandstone":24,"lightmanscurrency:coin_iron":446,"minecraft:bow":4,"minecraft:magma_block":3,"alexscaves:cave_painting_subterranodon":1,"minecraft:terracotta":2,"minecraft:soul_sand":9,"minecraft:moss_block":26,"minecraft:loom":1,"minecraft:golden_pickaxe":1,"iammusicplayer:music_manager":1,"minecraft:leather":4,"minecraft:jungle_planks":11,"paraglider:spirit_orb":139,"minecraft:ice":5,"minecraft:snowball":22,"minecraft:wet_sponge":4,"minecraft:black_concrete":6,"paraglider:paraglider":2,"minecraft:gold_ingot":2,"alexscaves:pewen_sapling":1,"endermanoverhaul:warped_pearl":3,"create:cut_limestone":1,"minecraft:beetroot":3,"minecraft:white_candle":3,"alexscaves:pewen_wood":3,"supplementaries:antique_ink":1,"minecraft:leather_chestplate":2,"minecraft:stone_brick_wall":8,"minecraft:iron_ore":22,"minecraft:bread":32,"minecraft:golden_helmet":1,"iammusicplayer:cassette_deck":1,"alexscaves:cave_painting_footprints":3,"minecraft:spruce_stairs":1,"minecraft:light_gray_shulker_box":1,"minecraft:fire_charge":1,"minecraft:polished_basalt":5,"alexscaves:cave_painting_grottoceratops":2,"friendsandfoes:totem_of_freezing":1,"friendsandfoes:wildfire_crown_fragment":5,"lightmanscurrency:coin_diamond":8,"minecraft:flint_and_steel":3,"minecraft:copper_ore":6,"alexscaves:radgill":1,"alexsmobs:mungal_spores":9,"minecraft:oak_sapling":2,"alexscaves:pine_nuts":1,"minecraft:spruce_log":28,"minecraft:wooden_pickaxe":1,"minecraft:amethyst_cluster":2,"alexsmobs:fish_bones":1,"minecraft:oak_pressure_plate":1,"minecraft:cooked_beef":14,"alexscaves:curly_fern":2,"alexscaves:uranium_rod":1,"minecraft:cookie":64,"minecraft:rooted_dirt":38,"minecraft:leather_helmet":3,"minecraft:dirt":47,"minecraft:packed_mud":5,"alexscaves:radrock_uranium_ore":1,"alexscaves:primal_magma":4,"minecraft:chain":10,"minecraft:wooden_sword":4,"alexsmobs:emu_feather":4,"alexscaves:cave_painting_ambersol":1,"minecraft:sunflower":3,"minecraft:phantom_membrane":2,"minecraft:iron_pickaxe":2,"alexscaves:cycad":12,"minecraft:bone":223,"alexscaves:waste_drum":1,"minecraft:golden_chestplate":1,"alexsmobs:animal_dictionary":2,"minecraft:nether_brick":16,"alexscaves:tough_hide":2,"iammusicplayer:boombox":1,"alexscaves:pewen_planks":25,"alexscaves:cave_painting_footprint":2,"supplementaries:flax_seeds":3,"minecraft:tipped_arrow":2,"minecraft:charcoal":9,"minecraft:hopper":1,"minecraft:ladder":1,"minecraft:enchanted_book":2,"minecraft:chiseled_nether_bricks":2,"lightmanscurrency:coin_emerald":107,"minecraft:feather":32,"minecraft:iron_helmet":8,"minecraft:cobblestone":214,"minecraft:apple":9,"minecraft:granite":38,"minecraft:chainmail_helmet":1,"minecraft:coal":111,"stalwart_dungeons:blaze_armor_scrap":7,"alexscaves:trilocaris_tail":5,"minecraft:golden_carrot":62,"alexscaves:cinder_block_slab":1,"minecraft:rose_bush":2,"minecraft:diamond_helmet":1,"alexscaves:limestone":61,"minecraft:mossy_cobblestone_stairs":4,"minecraft:iron_shovel":4,"minecraft:paper":1,"minecraft:string":46,"minecraft:magenta_shulker_box":1,"minecraft:oxidized_copper":1,"minecraft:spruce_sapling":2,"minecraft:moss_carpet":4,"alexscaves:uranium":2,"minecraft:stone_sword":1,"minecraft:deepslate":14,"minecraft:stone_slab":1,"minecraft:nether_bricks":1,"minecraft:spruce_fence":1,"minecraft:pumpkin_seeds":1,"supplementaries:quiver":1,"minecraft:cobblestone_slab":1,"minecraft:potato":9,"minecraft:hay_block":6,"minecraft:stone":64,"minecraft:spider_eye":15,"minecraft:brown_carpet":2,"waystones:waystone":1,"minecraft:dark_prismarine":3,"minecraft:spruce_sign":2,"minecraft:brown_mushroom":54,"minecraft:dark_oak_stairs":4,"minecraft:diamond_axe":1,"lightmanscurrency:coin_copper":1141,"minecraft:baked_potato":25,"alexscaves:cave_painting_tremorsaurus":1,"alexsmobs:bison_fur":2,"minecraft:flint":7,"minecraft:cyan_terracotta":8,"minecraft:polished_blackstone_brick_stairs":1,"minecraft:cornflower":1,"minecraft:crimson_roots":1,"minecraft:cooked_cod":6,"minecraft:pumpkin_pie":48,"minecraft:amethyst_shard":20,"alexscaves:ferrouslime_ball":1,"minecraft:polished_blackstone_bricks":1,"minecraft:brown_mushroom_block":2,"minecraft:gravel":28,"alexscaves:cave_painting_trilocaris":2,"minecraft:blackstone":576,"alexscaves:amber":21,"minecraft:black_terracotta":2,"minecraft:diamond_shovel":2,"minecraft:prismarine":1,"minecraft:carrot":2,"supplementaries:ash":30,"minecraft:gunpowder":1772,"minecraft:chest":1,"minecraft:chainmail_boots":1,"minecraft:basalt":1,"minecraft:arrow":2,"minecraft:prismarine_bricks":7,"minecraft:netherrack":84,"minecraft:water_bucket":4,"bygonenether:wither_waltz_music_disc":1,"minecraft:mossy_cobblestone":6,"minecraft:diamond_leggings":1,"minecraft:prismarine_shard":21,"minecraft:lead":3,"minecraft:stick":68,"alexsmobs:froststalker_helmet":1,"illagerinvasion:platinum_chunk":13,"minecraft:nether_gold_ore":2,"minecraft:brewing_stand":7,"minecraft:torch":1,"minecraft:iron_leggings":3,"minecraft:wither_rose":1,"minecraft:iron_axe":5,"alexscaves:extinction_spear":1,"minecraft:redstone":5,"minecraft:nether_brick_slab":2,"minecraft:anvil":1,"alexsmobs:maggot":1,"minecraft:warped_nylium":5,"minecraft:nether_wart":33,"minecraft:raw_copper":9,"alexsmobs:blobfish":1,"minecraft:wither_skeleton_skull":1,"minecraft:iron_hoe":1,"alexscaves:ominous_catalyst":1,"minecraft:red_terracotta":1,"minecraft:filled_map":3,"alexscaves:cave_painting_tree_stars":3,"minecraft:shield":5,"minecraft:diamond_chestplate":1,"minecraft:iron_chestplate":7,"minecraft:cake":6,"minecraft:mossy_stone_bricks":2,"stalwart_dungeons:tungsten_axe":1,"minecraft:golden_sword":2,"minecraft:diamond_boots":3,"minecraft:slime_ball":20,"minecraft:stone_pickaxe":1,"minecraft:raw_gold":3,"minecraft:nether_quartz_ore":10,"minecraft:light_blue_bed":1},"minecraft:used":{"minecraft:moss_block":3,"minecraft:writable_book":1,"minecraft:chiseled_deepslate":1,"minecraft:stone":1438,"minecraft:rotten_flesh":33,"minecraft:soul_sand":34,"graveyard:vase_block":1,"minecraft:deepslate_brick_slab":1,"minecraft:snowball":29,"minecraft:spruce_boat":8,"minecraft:lava_bucket":86,"friendsandfoes:totem_of_illusion":3,"minecraft:deepslate_copper_ore":1,"minecraft:quartz_block":2,"minecraft:netherite_boots":1,"minecraft:bow":955,"minecraft:dark_prismarine_stairs":3,"minecraft:mossy_stone_bricks":1,"minecraft:damaged_anvil":2,"minecraft:blackstone":139,"minecraft:cactus":1,"minecraft:wooden_pickaxe":4,"minecraft:composter":2,"minecraft:glow_berries":8,"minecraft:golden_apple":63,"stalwart_dungeons:soul_bricks":52,"minecraft:purple_terracotta":1,"minecraft:deepslate_brick_stairs":3,"minecraft:nether_wart_block":2,"minecraft:diamond_sword":7636,"minecraft:coal_block":1,"minecraft:oak_boat":6,"camera:image_frame":1,"alexscaves:green_soylent":14,"minecraft:enchanting_table":1,"minecraft:dead_tube_coral_block":4,"minecraft:orange_concrete":3,"create:schematic_table":8,"minecraft:tinted_glass":2,"stalwart_dungeons:reinforced_blaze_spawn_egg":5,"minecraft:torch":467,"minecraft:nether_quartz_ore":8,"alexscaves:pewen_sapling":1,"minecraft:sea_lantern":743,"alexscaves:fern_thatch":1,"bygonenether:soul_stone":1,"minecraft:barrel":6,"minecraft:basalt":185,"minecraft:gunpowder":1,"minecraft:acacia_planks":345,"minecraft:calcite":4,"alexscaves:primitive_club":11,"minecraft:diamond_block":1,"minecraft:red_bed":2,"minecraft:campfire":25,"minecraft:white_bed":1,"minecraft:spruce_log":2,"minecraft:diamond_pickaxe":16065,"minecraft:diamond_shovel":3765,"alexscaves:extinction_spear":42,"minecraft:leather_helmet":1,"minecraft:spruce_trapdoor":37,"minecraft:spruce_sapling":2,"minecraft:potion":4,"minecraft:purple_bed":1,"minecraft:cooked_porkchop":94,"minecraft:porkchop":16,"stalwart_dungeons:shelterer_spawn_egg":1,"alexscaves:nuclear_bomb":1,"minecraft:diamond_leggings":5,"minecraft:polished_deepslate":269,"alexscaves:fiddlehead":1,"minecraft:decorated_pot":1,"minecraft:green_terracotta":33,"paraglider:goddess_statue":4,"minecraft:jungle_planks":9,"minecraft:obsidian":152,"alexsmobs:spawn_egg_gorilla":4,"minecraft:lantern":8,"alexscaves:spawn_egg_forsaken":1,"minecraft:warped_nylium":1,"minecraft:light_blue_bed":16,"minecraft:written_book":2,"minecraft:gold_block":15,"alexsmobs:spawn_egg_potoo":1,"minecraft:diamond_boots":2,"minecraft:wither_skeleton_skull":8,"iammusicplayer:cassette_deck":1,"minecraft:stone_pickaxe":261,"minecraft:oak_planks":296,"minecraft:sandstone":28,"minecraft:diamond_axe":243,"minecraft:white_wool":6,"alexsmobs:spawn_egg_gelada_monkey":1,"alexscaves:grottoceratops_egg":1,"minecraft:crossbow":1,"minecraft:deepslate_lapis_ore":12,"minecraft:black_terracotta":1,"waystones:waystone":11,"minecraft:lever":3,"minecraft:bread":251,"minecraft:barrier":348,"cataclysm:altar_of_fire":1,"minecraft:deepslate":7,"minecraft:coarse_dirt":3,"stalwart_dungeons:incomplete_wither_spawn_egg":16,"minecraft:rose_bush":2,"minecraft:flint_and_steel":47,"minecraft:dried_kelp":14,"minecraft:cooked_chicken":3,"minecraft:dirt":224,"alexsmobs:cooked_kangaroo_meat":98,"alexscaves:limestone":244,"alexscaves:waste_drum":2,"alexscaves:limestone_spear":146,"minecraft:brown_terracotta":1,"minecraft:smooth_sandstone":32,"alexsmobs:platypus_bucket":2,"alexscaves:cinder_block":3,"minecraft:soul_soil":46,"minecraft:deepslate_tile_stairs":1,"alexsmobs:banana":5,"minecraft:cooked_beef":151,"minecraft:iron_leggings":4,"alexscaves:dinosaur_nugget":521,"minecraft:baked_potato":22,"witherstormmod:tentacle_spawn_egg":2,"minecraft:magenta_carpet":1,"bosses_of_mass_destruction:soul_star":5,"alexscaves:slam":9,"alexscaves:spawn_egg_brainiac":2,"supplementaries:cage":28,"minecraft:command_block":39,"minecraft:lapis_ore":12,"minecraft:jungle_stairs":1,"minecraft:stone_slab":64,"minecraft:pink_shulker_box":62,"minecraft:pumpkin_pie":58,"alexsmobs:animal_dictionary":2,"takesapillage:ravager_horn":1,"minecraft:spruce_slab":1,"minecraft:ladder":64,"minecraft:chest":111,"alexscaves:primal_magma":1,"iammusicplayer:boombox":1,"alexscaves:cinder_brick":43,"alexscaves:ambersol":2,"minecraft:grass_block":15,"minecraft:orange_shulker_box":34,"supplementaries:bomb_blue":1,"supplementaries:ash":9,"minecraft:furnace":2,"alexscaves:smooth_limestone":2,"minecraft:diorite":2,"minecraft:end_stone_bricks":2,"minecraft:spruce_door":1,"minecraft:red_stained_glass":1,"minecraft:cookie":59,"elevatorid:elevator_white":4,"minecraft:sand":45,"minecraft:deepslate_tiles":4,"minecraft:crying_obsidian":118,"minecraft:cyan_carpet":4,"minecraft:lectern":39,"graveyard:acolyte_spawn_egg":4,"minecraft:lilac":1,"supplementaries:bamboo_spikes":25,"minecraft:ice":15,"alexscaves:magnetic_light":9,"alexscaves:quarry":6,"minecraft:iron_bars":10,"minecraft:stone_sword":12,"minecraft:netherrack":1893,"minecraft:stick":6,"minecraft:light_gray_shulker_box":104,"minecraft:anvil":3,"minecraft:shroomlight":41,"minecraft:iron_axe":553,"minecraft:rooted_dirt":39,"minecraft:slime_block":2,"minecraft:spawner":28,"minecraft:mud_bricks":17,"minecraft:smooth_basalt":12,"minecraft:beef":3,"minecraft:goat_horn":2,"minecraft:oxidized_copper":12,"alexscaves:quarry_smasher":1,"minecraft:water_bucket":228,"minecraft:smooth_sandstone_slab":1,"minecraft:cracked_stone_bricks":1,"minecraft:polished_blackstone_bricks":11,"minecraft:mossy_cobblestone":39,"minecraft:lime_terracotta":25,"minecraft:tnt":258,"minecraft:crafting_table":24,"alexscaves:trilocaris_bucket":3,"minecraft:cod":5,"minecraft:cake":5,"minecraft:mud":1,"minecraft:dark_prismarine":61,"minecraft:sunflower":1,"minecraft:iron_pickaxe":1424,"minecraft:crimson_nylium":2,"minecraft:chiseled_stone_bricks":2,"minecraft:cobblestone":314,"bosses_of_mass_destruction:charged_ender_pearl":317,"alexscaves:radrock":77,"minecraft:jukebox":1,"minecraft:shield":154,"minecraft:iron_sword":35,"minecraft:zombie_spawn_egg":5,"alexscaves:galena":133,"minecraft:player_head":1,"minecraft:iron_chestplate":1,"create:analog_lever":3,"minecraft:nether_bricks":26,"minecraft:carrot":7,"minecraft:tuff":1,"minecraft:axolotl_bucket":9,"minecraft:glass":48,"tmg:the_imp_spawn_egg":1,"minecraft:cyan_terracotta":7,"minecraft:coal_ore":4,"minecraft:packed_mud":8,"minecraft:iron_helmet":3,"alexscaves:amber":123,"minecraft:stone_bricks":3,"minecraft:bedrock":5,"minecraft:brown_carpet":1,"minecraft:hay_block":1,"alexscaves:sulfur_cluster":1,"minecraft:dark_oak_stairs":1,"minecraft:ender_pearl":3,"iammusicplayer:music_manager":5,"minecraft:yellow_terracotta":11,"alexscaves:cave_book":16,"minecraft:stone_brick_wall":3,"minecraft:note_block":2,"minecraft:redstone_torch":5,"minecraft:black_concrete":536,"minecraft:melon_slice":30,"minecraft:gravel":6,"minecraft:granite_slab":1,"minecraft:stripped_oak_wood":35,"minecraft:grindstone":5,"minecraft:cobweb":1,"minecraft:golden_pickaxe":90,"minecraft:experience_bottle":8,"graveyard:sarcophagus":1,"stalwart_dungeons:propulk_spawn_egg":3,"minecraft:spruce_planks":250,"minecraft:hopper":70,"illagerinvasion:illusioner_spawn_egg":1,"minecraft:diamond_helmet":1,"minecraft:shulker_box":87,"alexscaves:spawn_egg_nucleeper":1,"minecraft:granite":6,"minecraft:dark_oak_planks":12,"paraglider:horned_statue":1,"minecraft:bookshelf":21,"minecraft:polished_blackstone_brick_stairs":2,"minecraft:crimson_planks":4,"alexscaves:spelunkery_table":5,"cataclysm:obsidian_brick_stairs":9,"minecraft:golden_carrot":144,"alexsmobs:spawn_egg_shoebill":2,"minecraft:brown_bed":3,"minecraft:cooked_mutton":10,"minecraft:polished_andesite":22,"minecraft:cyan_candle":3,"easy_npc:easy_npc_preset":2,"minecraft:copper_block":3,"minecraft:black_shulker_box":20,"minecraft:cobblestone_slab":102,"minecraft:polished_blackstone_pressure_plate":27,"minecraft:book":1,"alexscaves:pewen_planks":176,"minecraft:acacia_stairs":1,"minecraft:apple":21,"endermanoverhaul:warped_pearl":1,"minecraft:cracked_polished_blackstone_bricks":10,"minecraft:white_banner":4,"minecraft:bucket":207,"minecraft:polished_blackstone_button":23,"minecraft:purple_carpet":1,"minecraft:smooth_stone":1,"minecraft:splash_potion":8,"minecraft:soul_torch":1},"minecraft:killed_by":{"minecraft:zombie":1,"minecraft:wither_skeleton":1,"bosses_of_mass_destruction:void_blossom":2},"minecraft:custom":{"minecraft:interact_with_crafting_table":287,"minecraft:damage_blocked_by_shield":11543,"minecraft:play_time":4411144,"minecraft:deaths":14,"minecraft:jump":57946,"minecraft:interact_with_smoker":1,"minecraft:inspect_dispenser":2,"minecraft:horse_one_cm":77,"minecraft:interact_with_anvil":68,"minecraft:inspect_hopper":253,"minecraft:tune_noteblock":6,"minecraft:time_since_rest":221928,"minecraft:swim_one_cm":1271386,"minecraft:open_chest":4599,"minecraft:open_shulker_box":852,"minecraft:damage_resisted":2385,"minecraft:play_noteblock":7,"minecraft:talked_to_villager":270,"minecraft:interact_with_brewingstand":7,"minecraft:damage_dealt_resisted":457,"minecraft:raid_win":1,"minecraft:boat_one_cm":751728,"minecraft:damage_taken":77269,"minecraft:open_barrel":365,"minecraft:bell_ring":14,"minecraft:eat_cake_slice":15,"minecraft:leave_game":46,"minecraft:time_since_death":320100,"minecraft:enchant_item":23,"minecraft:interact_with_furnace":47,"minecraft:traded_with_villager":178,"minecraft:sleep_in_bed":33,"minecraft:waystone_activated":25,"minecraft:damage_dealt":523327,"minecraft:interact_with_smithing_table":5,"minecraft:damage_dealt_absorbed":5206,"minecraft:sneak_time":160536,"minecraft:interact_with_lectern":14,"minecraft:interact_with_blast_furnace":5,"minecraft:total_world_time":4411144,"minecraft:interact_with_stonecutter":1,"minecraft:fly_one_cm":14535585,"minecraft:fall_one_cm":1428685,"minecraft:animals_bred":4,"minecraft:sprint_one_cm":7287443,"minecraft:drop":1559,"minecraft:walk_on_water_one_cm":610617,"minecraft:interact_with_loom":13,"minecraft:open_enderchest":40,"minecraft:crouch_one_cm":643667,"minecraft:mob_kills":3035,"minecraft:climb_one_cm":272379,"minecraft:walk_one_cm":5952067,"minecraft:walk_under_water_one_cm":480779,"minecraft:raid_trigger":1,"minecraft:interact_with_grindstone":102,"minecraft:damage_absorbed":1880,"minecraft:trigger_trapped_chest":2}},"DataVersion":3465}