{"stats":{"minecraft:killed_by":{"minecraft:zombie":1,"minecraft:wither_skeleton":1,"bosses_of_mass_destruction:void_blossom":2},"minecraft:mined":{"minecraft:cut_sandstone_slab":4,"eeeabsmobs:soul_light":14,"minecraft:blackstone_stairs":1,"minecraft:white_bed":2,"minecraft:fire_coral_wall_fan":5,"graveyard:candle_holder":1,"minecraft:red_nether_bricks":3,"alexscaves:azure_neodymium_pillar":33,"alexscaves:limestone":509,"minecraft:granite":84,"minecraft:acacia_log":5,"deeperdarker:gloomy_grass":1,"create:small_veridium_bricks":4,"minecraft:nether_wart":12,"minecraft:red_stained_glass_pane":2,"minecraft:spawner":96,"alexscaves:cave_painting_footprint":2,"minecraft:polished_blackstone_bricks":138,"minecraft:magma_block":47,"thedirtystuff:cocaine_crop_7":41,"minecraft:mossy_cobblestone_stairs":5,"minecraft:cobbled_deepslate":6,"minecraft:fire":147,"minecraft:barrel":36,"minecraft:deepslate_lapis_ore":34,"minecraft:granite_slab":1,"minecraft:nether_brick_stairs":12,"alexscaves:fiddlehead":7,"deeperdarker:crystallized_amber":10,"illagerinvasion:magic_fire":15,"alexscaves:smooth_limestone":4,"minecraft:spruce_wood":102,"minecraft:player_head":39,"minecraft:tripwire":4,"minecraft:orange_bed":4,"minecraft:bamboo_slab":1,"minecraft:cut_sandstone":6,"graveyard:light_gray_urn":1,"minecraft:magenta_carpet":1,"minecraft:kelp_plant":31,"graveyard:dark_iron_trapdoor":7,"minecraft:deepslate_brick_wall":1,"minecraft:crimson_nylium":5,"graveyard:fire_brazier":5,"deeperdarker:sculk_stone":59,"minecraft:torch":30,"minecraft:note_block":4,"minecraft:oxidized_copper":1,"minecraft:melon":23,"minecraft:white_stained_glass_pane":2,"minecraft:dead_bush":4,"minecraft:nether_brick_slab":1,"alexscaves:energized_galena_scarlet":24,"minecraft:spruce_wall_sign":2,"minecraft:smooth_quartz_slab":1,"minecraft:white_candle":1,"minecraft:tube_coral_fan":3,"minecraft:sugar_cane":47,"minecraft:bricks":1,"bosses_of_mass_destruction:vine_wall":6,"minecraft:white_terracotta":1,"minecraft:mud":66,"minecraft:tinted_glass":8,"paraglider:horned_statue":3,"minecraft:jukebox":1,"create:polished_cut_ochrum":22,"minecraft:wither_rose":5,"minecraft:grass":185,"create:cut_veridium_bricks":138,"minecraft:smooth_quartz":534,"minecraft:sandstone_wall":4,"stalwart_dungeons:pusher":100,"minecraft:smooth_basalt":137,"minecraft:deepslate":424,"create:zinc_ore":23,"alexscaves:flood_basalt":1,"minecraft:deepslate_tiles":19,"minecraft:dark_prismarine":76,"alexscaves:acidic_radrock":3,"alexscaves:primal_magma":402,"minecraft:mossy_cobblestone":48,"minecraft:dark_oak_log":1,"minecraft:cyan_stained_glass":1,"minecraft:sea_lantern":15,"alexscaves:cave_painting_tree_stars":3,"cataclysm:stone_tile_stairs":1,"minecraft:spruce_fence":1,"graveyard:tg_deepslate":8,"minecraft:redstone_wire":5,"minecraft:red_mushroom":21,"alexscaves:galena":459,"minecraft:packed_mud":20,"minecraft:acacia_trapdoor":2,"supplementaries:bamboo_spikes":33,"minecraft:andesite":188,"minecraft:green_terracotta":22,"alexscaves:cinder_block_slab":1,"minecraft:mossy_stone_brick_stairs":5,"minecraft:cobblestone_slab":86,"minecraft:vine":21,"minecraft:rail":2,"minecraft:brain_coral_wall_fan":3,"alexscaves:scrap_metal":19,"minecraft:fire_coral_block":60,"minecraft:mud_brick_slab":2,"minecraft:redstone_block":3,"minecraft:glass_pane":4,"minecraft:soul_sand":127,"minecraft:lily_of_the_valley":1,"alexscaves:fissure_primal_magma":4,"minecraft:fire_coral":1,"alexscaves:flytrap":2,"minecraft:warped_roots":4,"minecraft:campfire":31,"minecraft:brain_coral_fan":1,"minecraft:copper_ore":57,"minecraft:tall_grass":79,"minecraft:deepslate_gold_ore":43,"thedirtystuff:hemp_crop_6":1,"minecraft:diorite":130,"stalwart_dungeons:tungsten_ore":36,"alexscaves:cave_painting_relicheirus":1,"cataclysm:mechanical_fusion_anvil":1,"minecraft:warped_wart_block":1,"minecraft:red_terracotta":2,"minecraft:coarse_dirt":6,"minecraft:light_blue_bed":14,"minecraft:stripped_spruce_wood":2,"minecraft:creeper_head":3,"eeeabsmobs:immortal_block":2,"minecraft:mangrove_leaves":4,"minecraft:red_sandstone_wall":3,"cataclysm:sandstone_falling_trap":55,"alexscaves:cave_painting_pewen":3,"alexscaves:geothermal_vent_thin":4,"minecraft:sunflower":4,"minecraft:gravel":549,"minecraft:cobweb":27,"minecraft:brown_terracotta":6,"minecraft:polished_blackstone":11,"minecraft:stone_bricks":212,"minecraft:gold_ore":139,"alexscaves:cave_painting_footprints":3,"minecraft:waxed_exposed_cut_copper":1,"minecraft:iron_trapdoor":2,"minecraft:fern":18,"graveyard:hanged_skeleton":1,"minecraft:farmland":9,"minecraft:mossy_stone_brick_slab":1,"alexscaves:geothermal_vent_medium":4,"minecraft:orange_stained_glass":2,"minecraft:brewing_stand":12,"minecraft:spruce_trapdoor":54,"alexscaves:geothermal_vent":2,"alexscaves:pewen_branch":2,"minecraft:cracked_polished_blackstone_bricks":32,"alexscaves:sulfur":38,"minecraft:composter":2,"minecraft:gilded_blackstone":2,"minecraft:sculk_catalyst":4,"minecraft:brown_bed":9,"supplementaries:stick":4,"minecraft:iron_bars":75,"alexscaves:ambersol":4,"alexscaves:sulfur_bud_large":3,"minecraft:granite_stairs":1,"minecraft:spruce_slab":1,"minecraft:quartz_block":28,"minecraft:medium_amethyst_bud":1,"minecraft:orange_terracotta":1,"stalwart_dungeons:soul_tiles":11,"alexscaves:energized_galena_neutral":7,"minecraft:light_gray_terracotta":1,"minecraft:wither_skeleton_wall_skull":3,"thedirtystuff:hemp_crop_2":1,"minecraft:nether_quartz_ore":252,"graveyard:lying_skeleton":2,"minecraft:oak_planks":54,"minecraft:wall_torch":65,"minecraft:warped_nylium":39,"minecraft:powered_rail":1,"minecraft:dark_oak_slab":1,"minecraft:warped_planks":8,"bygonenether:cobbled_blackstone":3,"minecraft:tnt":102,"graveyard:skull_pile":6,"minecraft:oak_log":25,"minecraft:dirt":613,"alexscaves:unrefined_waste":3,"minecraft:ancient_debris":266,"minecraft:cyan_candle":12,"alexscaves:quarry":5,"minecraft:yellow_wall_banner":3,"minecraft:dark_oak_leaves":2,"minecraft:red_stained_glass":2,"minecraft:glow_lichen":2,"minecraft:ladder":24,"minecraft:purple_terracotta":1,"minecraft:tube_coral_wall_fan":9,"minecraft:decorated_pot":3,"minecraft:brown_mushroom_block":2,"minecraft:soul_campfire":9,"alexscaves:galena_spire":7,"minecraft:spruce_leaves":15,"minecraft:cracked_nether_bricks":2,"minecraft:hay_block":33,"graveyard:soul_fire_brazier":15,"minecraft:raw_gold_block":37,"minecraft:polished_basalt":3,"minecraft:light_gray_shulker_box":175,"supplementaries:gunpowder":2,"minecraft:peony":1,"minecraft:gold_block":116,"minecraft:bookshelf":50,"minecraft:deepslate_iron_ore":14,"minecraft:shroomlight":20,"alexscaves:cave_painting_trilocaris":2,"minecraft:stripped_oak_log":2,"minecraft:scaffolding":2,"minecraft:acacia_leaves":7,"minecraft:basalt":1054,"supplementaries:ashen_basalt":4,"alexscaves:cave_painting_tremorsaurus":1,"graveyard:small_light_gray_urn":4,"eeeabsmobs:tomb_gas_trap":7,"alexscaves:metal_scaffolding":14,"minecraft:stone_slab":45,"bygonenether:chiseled_warped_nether_bricks":1,"minecraft:polished_blackstone_brick_stairs":5,"supplementaries:cage":5,"minecraft:prismarine_bricks":9,"minecraft:bubble_coral":2,"graveyard:skull_with_rib_cage":1,"minecraft:sea_pickle":12,"minecraft:polished_blackstone_slab":3,"minecraft:black_wall_banner":1,"minecraft:bee_nest":2,"elevatorid:elevator_white":2,"minecraft:ochre_froglight":2,"minecraft:yellow_concrete":2,"minecraft:cyan_carpet":3,"graveyard:leaning_skeleton":5,"minecraft:cracked_stone_bricks":4,"minecraft:stripped_acacia_wood":29,"minecraft:small_dripleaf":2,"minecraft:mossy_stone_bricks":13,"deeperdarker:gloomy_geyser":8,"alexscaves:scarlet_neodymium_pillar":32,"paraglider:goddess_statue":3,"alexscaves:scrap_metal_plate":3,"minecraft:dark_oak_planks":5,"minecraft:dark_prismarine_stairs":3,"graveyard:pedestal":6,"minecraft:black_terracotta":2,"minecraft:jungle_leaves":12,"minecraft:obsidian":14,"minecraft:carved_pumpkin":8,"minecraft:stone_brick_wall":3,"deeperdarker:echo_soil":31,"minecraft:horn_coral_fan":2,"minecraft:coal_block":83,"minecraft:deepslate_bricks":20,"minecraft:bubble_coral_block":8,"minecraft:tube_coral_block":11,"minecraft:hopper":38,"minecraft:chiseled_stone_bricks":3,"minecraft:orange_concrete":5,"alexscaves:grottoceratops_egg":3,"minecraft:stripped_dark_oak_wood":6,"minecraft:sculk_shrieker":11,"minecraft:cave_vines":3,"minecraft:oak_sign":1,"minecraft:polished_deepslate_slab":3,"minecraft:dirt_path":5,"stalwart_dungeons:soul_magma_bricks":14,"minecraft:deepslate_brick_stairs":1,"minecraft:smooth_sandstone_stairs":5,"minecraft:blue_orchid":1,"minecraft:iron_block":7,"create:veridium":572,"minecraft:brown_mushroom":26,"alexscaves:amber":254,"minecraft:red_bed":10,"alexscaves:cave_painting_grottoceratops":3,"minecraft:soul_fire":36,"minecraft:amethyst_cluster":7,"minecraft:blast_furnace":18,"minecraft:polished_andesite_stairs":1,"create:framed_glass":7,"minecraft:glass":106,"minecraft:damaged_anvil":6,"minecraft:smooth_sandstone_slab":10,"minecraft:light_gray_stained_glass":2,"minecraft:black_bed":1,"minecraft:stone_brick_stairs":2,"minecraft:copper_block":16,"alexscaves:pewen_sapling":1,"eeeabsmobs:tomb_summon_trap":5,"supplementaries:blackstone_tile":1,"minecraft:loom":1,"deeperdarker:gloomy_cactus":10,"minecraft:piston":1,"minecraft:yellow_terracotta":10,"minecraft:pink_shulker_box":64,"stalwart_dungeons:soul_bricks":67,"alexscaves:radrock":235,"minecraft:shulker_box":87,"alexscaves:metal_barrel":1,"minecraft:cobbled_deepslate_slab":7,"minecraft:nether_bricks":25,"minecraft:allium":1,"minecraft:jungle_planks":7,"minecraft:orange_shulker_box":78,"minecraft:crimson_roots":1,"alexscaves:sulfur_bud_medium":2,"minecraft:moss_block":40,"minecraft:kelp":67,"minecraft:horn_coral_wall_fan":8,"minecraft:black_stained_glass_pane":4,"bosses_of_mass_destruction:void_blossom":10,"minecraft:diamond_block":4,"alexscaves:heart_of_iron":2,"graveyard:sarcophagus":2,"create:veridium_pillar":3,"bosses_of_mass_destruction:gauntlet_blackstone":6,"minecraft:bamboo":7,"minecraft:brain_coral":1,"minecraft:white_wool":6,"minecraft:cake":1,"minecraft:light_gray_carpet":1,"minecraft:gray_concrete":2,"alexscaves:azure_neodymium_node":1,"minecraft:brown_carpet":1,"minecraft:stone_brick_slab":1,"minecraft:smooth_sandstone":116,"minecraft:emerald_ore":6,"minecraft:cracked_deepslate_bricks":2,"minecraft:purple_bed":2,"graveyard:vase_block":59,"amendments:carpet_slab":1,"minecraft:purple_stained_glass":3,"minecraft:spruce_log":9,"minecraft:mycelium":9,"stalwart_dungeons:igniter":30,"minecraft:pitcher_crop":1,"alexscaves:cycad":14,"bygonenether:soul_stone":6,"minecraft:acacia_planks":29,"minecraft:spruce_fence_gate":1,"minecraft:deepslate_emerald_ore":19,"minecraft:black_shulker_box":54,"stalwart_dungeons:spore_vaporizer":8,"minecraft:large_amethyst_bud":1,"minecraft:spruce_planks":23,"minecraft:sculk_vein":11,"minecraft:cave_vines_plant":2,"cataclysm:sandstone_ignite_trap":52,"minecraft:stripped_crimson_hyphae":1,"minecraft:grass_block":467,"minecraft:purple_stained_glass_pane":2,"graveyard:dark_iron_door":3,"minecraft:soul_soil":80,"minecraft:stripped_warped_hyphae":1,"minecraft:mud_bricks":22,"minecraft:sandstone_stairs":1,"minecraft:smooth_stone":1,"cataclysm:sandstone_poison_dart_trap":9,"minecraft:raw_iron_block":33,"minecraft:red_nether_brick_stairs":1,"minecraft:iron_ore":22,"graveyard:leaning_wither_skeleton":2,"minecraft:anvil":14,"alexscaves:amber_monolith":2,"minecraft:dark_oak_stairs":2,"bygonenether:warped_nether_bricks":2,"alexscaves:underweed":2,"minecraft:purple_carpet":1,"minecraft:azalea_leaves":1,"minecraft:end_stone_bricks":10,"alexscaves:fern_thatch":1,"create:cut_limestone":13,"alexscaves:pewen_planks":1,"minecraft:cyan_terracotta":31,"minecraft:blackstone":1283,"minecraft:polished_deepslate_stairs":2,"stalwart_dungeons:transient_block_close":18,"minecraft:clay":5,"minecraft:calcite":4,"minecraft:chest":27,"minecraft:cobblestone":105,"graveyard:skeleton_hand":3,"minecraft:slime_block":2,"alexscaves:rusty_scaffolding":28,"minecraft:grindstone":4,"minecraft:prismarine":2,"minecraft:iron_door":2,"minecraft:deepslate_copper_ore":1,"minecraft:seagrass":2,"minecraft:nether_wart_block":2,"amendments:directional_cake":1,"minecraft:orange_tulip":1,"minecraft:cracked_deepslate_tiles":2,"graveyard:creeper_skeleton":6,"minecraft:sand":10951,"minecraft:wither_skeleton_skull":7,"minecraft:netherrack":28331,"minecraft:oak_leaves":56,"minecraft:horn_coral_block":45,"minecraft:emerald_block":31,"alexscaves:spelunkery_table":3,"minecraft:nether_gold_ore":55,"minecraft:tube_coral":2,"minecraft:tuff":137,"minecraft:deepslate_diamond_ore":42,"alexscaves:cave_painting_subterranodon":1,"cataclysm:stone_tile_wall":1,"alexscaves:sulfur_cluster":15,"cataclysm:chiseled_stone_brick_pillar":1,"minecraft:brick_stairs":4,"alexscaves:magnetic_light":4,"minecraft:mangrove_trapdoor":1,"minecraft:polished_andesite_slab":2,"minecraft:sandstone":94,"minecraft:rooted_dirt":40,"minecraft:large_fern":28,"deeperdarker:gloomy_sculk":5,"alexscaves:radrock_uranium_ore":7,"minecraft:deepslate_brick_slab":7,"alexscaves:subterranodon_egg":11,"minecraft:furnace":5,"alexscaves:energized_galena_azure":74,"minecraft:chiseled_sandstone":23,"alexscaves:relicheirus_egg":1,"create:scorchia":3,"minecraft:stripped_spruce_log":8,"minecraft:black_concrete":8,"minecraft:chiseled_deepslate":2,"treechop:chopped_log":26,"minecraft:polished_deepslate":5,"minecraft:packed_ice":15,"alexscaves:curly_fern":11,"minecraft:white_tulip":1,"minecraft:stone":8836,"minecraft:podzol":6,"alexscaves:cave_painting_dark":4,"minecraft:soul_torch":1,"alexscaves:cooked_dinosaur_chop":1,"minecraft:spruce_door":1,"minecraft:crafting_table":26,"minecraft:blackstone_slab":3,"alexscaves:tree_star":9,"minecraft:rose_bush":18,"minecraft:andesite_slab":2,"minecraft:sculk_sensor":8,"minecraft:lectern":46,"alexscaves:metal_swarf":12,"minecraft:lapis_ore":30,"minecraft:sculk":329,"thedirtystuff:hemp_crop_0":1,"supplementaries:urn":24,"minecraft:spruce_stairs":1,"minecraft:polished_blackstone_stairs":7,"alexscaves:galena_iron_ore":2,"minecraft:redstone_torch":1,"alexscaves:waste_drum":25,"graveyard:dark_iron_bars":12,"minecraft:coal_ore":112,"alexscaves:cave_painting_ambersol":1,"minecraft:end_rod":3,"minecraft:bubble_coral_wall_fan":2,"minecraft:terracotta":13,"thedirtystuff:hemp_crop_7":47},"minecraft:picked_up":{"alexscaves:waste_drum":30,"alexscaves:tough_hide":34,"alexscaves:sulfur_cluster":7,"minecraft:lead":11,"minecraft:stone_slab":38,"alexscaves:unrefined_waste":2,"minecraft:enchanted_book":14,"camera:camera":2,"lightmanscurrency:coin_diamond":116,"minecraft:polished_deepslate":5,"minecraft:polished_blackstone_brick_stairs":11,"minecraft:string":138,"graveyard:sarcophagus":2,"alexscaves:energized_galena_scarlet":23,"minecraft:shroomlight":18,"minecraft:diamond_leggings":1,"alexsmobs:emu_feather":4,"minecraft:horn_coral_block":41,"minecraft:bubble_coral":1,"alexscaves:cave_painting_tremorsaurus":2,"minecraft:crimson_sign":2,"minecraft:polished_blackstone_stairs":7,"minecraft:jukebox":1,"minecraft:acacia_log":35,"deeperdarker:crystallized_amber":10,"minecraft:golden_axe":2,"minecraft:warped_button":1,"alexscaves:pewen_branch":1,"deeperdarker:echo_log":5,"minecraft:golden_chestplate":5,"minecraft:green_terracotta":21,"casinocraft:rulebook_5_2":63,"minecraft:brown_carpet":3,"alexscaves:ominous_catalyst":1,"lightmanscurrency:coin_emerald":270,"minecraft:yellow_banner":3,"minecraft:orange_bed":4,"minecraft:stone_sword":8,"minecraft:horn_coral_fan":7,"minecraft:polished_basalt":8,"minecraft:carved_pumpkin":8,"minecraft:end_rod":3,"minecraft:white_terracotta":1,"alexscaves:primitive_club":2,"supplementaries:ash":75,"minecraft:blaze_rod":231,"minecraft:iron_bars":60,"minecraft:snowball":222,"minecraft:cooked_beef":188,"minecraft:feather":45,"minecraft:water_bucket":3,"minecraft:copper_block":16,"alexscaves:cinder_block_slab":1,"alexsmobs:bison_fur":26,"minecraft:flint":95,"alexsmobs:cooked_kangaroo_meat":109,"minecraft:purple_stained_glass":1,"cataclysm:mechanical_fusion_anvil":1,"minecraft:lantern":2,"alexscaves:galena":532,"minecraft:purple_carpet":1,"cataclysm:koboleton_bone":90,"alexscaves:extinction_spear":1,"minecraft:diamond_helmet":3,"alexsmobs:vine_lasso":1,"minecraft:stripped_acacia_wood":28,"minecraft:stripped_spruce_log":23,"minecraft:brown_mushroom_block":2,"minecraft:acacia_stairs":7,"alexsmobs:animal_dictionary":2,"immersive_melodies:piano":1,"stalwart_dungeons:spore_vaporizer":8,"supplementaries:bamboo_spikes":16,"minecraft:deepslate":287,"cataclysm:mech_eye":35,"minecraft:lever":2,"minecraft:granite":82,"alexscaves:heart_of_iron":3,"minecraft:rooted_dirt":78,"eeeabsmobs:guardian_core":1,"minecraft:light_gray_carpet":1,"minecraft:crimson_roots":1,"minecraft:diamond_pickaxe":14,"alexscaves:raw_scarlet_neodymium":24,"minecraft:mud":43,"alexscaves:primal_magma":114,"minecraft:stripped_warped_hyphae":2,"minecraft:clay_ball":32,"minecraft:leather_leggings":5,"minecraft:golden_pickaxe":2,"friendsandfoes:totem_of_illusion":7,"paraglider:heart_container":2,"minecraft:fire_coral":1,"minecraft:cornflower":13,"casinocraft:cardtable_wide_black":1,"minecraft:flint_and_steel":4,"camera:image_frame":4,"create:scorchia":3,"minecraft:iron_shovel":2,"graveyard:soul_fire_brazier":15,"supplementaries:bomb":2,"minecraft:netherite_sword":1,"minecraft:poppy":1,"minecraft:spruce_slab":1,"alexscaves:amber_monolith":2,"create:veridium_pillar":3,"minecraft:copper_ore":64,"minecraft:stone":6728,"minecraft:raw_gold_block":37,"alexscaves:cycad":36,"create:cut_veridium_bricks":138,"graveyard:dark_iron_bars":12,"graveyard:lying_skeleton":2,"minecraft:diamond_chestplate":2,"minecraft:decorated_pot":1,"minecraft:hay_block":41,"stalwart_dungeons:tungsten_axe":5,"minecraft:cracked_deepslate_bricks":2,"minecraft:yellow_terracotta":14,"minecraft:totem_of_undying":12,"minecraft:polished_blackstone":10,"minecraft:mutton":6,"minecraft:rail":2,"eeeabsmobs:guling_eye":27,"minecraft:mud_bricks":20,"minecraft:tripwire_hook":3,"alexscaves:sulfur_dust":99,"minecraft:blackstone_slab":3,"minecraft:packed_mud":14,"minecraft:lily_pad":3,"alexscaves:charred_remnant":15,"alexscaves:ambersol":4,"alexsmobs:mosquito_proboscis":3,"deeperdarker:echo_soil":30,"minecraft:paper":12,"alexscaves:pewen_sapling":20,"minecraft:apple":1,"minecraft:warped_stem":1,"alexsmobs:cockroach_wing_fragment":7,"alexscaves:green_soylent":14,"minecraft:stone_pickaxe":2,"minecraft:iron_ore":18,"endermanoverhaul:warped_pearl":8,"minecraft:dark_oak_stairs":5,"minecraft:smooth_basalt":118,"alexsmobs:fish_bones":1,"minecraft:cracked_nether_bricks":1,"graveyard:skeleton_hand":2,"minecraft:crimson_stairs":1,"eeeabsmobs:bloody_altar_eye":4,"illagerinvasion:illusionary_dust":6,"minecraft:leather_helmet":10,"lightmanscurrency:coin_copper":4609,"minecraft:diamond_shovel":4,"deeperdarker:sculk_bone":44,"minecraft:coal_ore":69,"minecraft:slime_ball":12,"minecraft:snort_pottery_sherd":1,"alexscaves:subterranodon_egg":9,"minecraft:painting":3,"minecraft:polished_blackstone_brick_wall":1,"alexscaves:scarlet_neodymium_pillar":30,"alexscaves:galena_spire":6,"minecraft:baked_potato":1,"minecraft:smooth_quartz_slab":1,"minecraft:hopper":38,"alexscaves:relicheirus_egg":1,"alexscaves:radgill":3,"illagerinvasion:platinum_chunk":68,"alexscaves:cave_tablet":1,"minecraft:stone_brick_stairs":2,"minecraft:dead_tube_coral_block":4,"minecraft:deepslate_lapis_ore":22,"alexscaves:scrap_metal_plate":3,"minecraft:experience_bottle":48,"alexsmobs:dropbear_claw":3,"alexsmobs:blood_sac":10,"minecraft:smooth_stone":1,"alexscaves:magnetic_light":5,"minecraft:white_tulip":1,"minecraft:rose_bush":16,"minecraft:cobblestone_slab":69,"minecraft:iron_pickaxe":2,"minecraft:smooth_quartz":532,"alexscaves:flytrap":5,"minecraft:deepslate_iron_ore":1,"alexscaves:tesla_bulb":2,"minecraft:polished_deepslate_stairs":1,"alexscaves:raw_azure_neodymium":26,"minecraft:spruce_stairs":2,"alexscaves:nuclear_bomb":1,"minecraft:diorite":129,"create:framed_glass":6,"camera:album":2,"cataclysm:coral_chunk":1,"deeperdarker:soul_dust":6,"minecraft:rotten_flesh":456,"alexscaves:galena_iron_ore":4,"minecraft:deepslate_copper_ore":1,"immersive_melodies:flute":1,"eeeabsmobs:tomb_gas_trap":8,"minecraft:deepslate_brick_stairs":11,"minecraft:obsidian":10,"alexsmobs:mungal_spores":12,"iammusicplayer:boombox":2,"minecraft:cobblestone":3793,"minecraft:leather_chestplate":6,"thedirtystuff:cocaine_seed":113,"minecraft:lilac":1,"minecraft:andesite":128,"minecraft:black_bed":1,"minecraft:golden_leggings":6,"minecraft:potato":1,"alexscaves:cave_book":1,"deeperdarker:echo_sapling":1,"minecraft:smooth_sandstone_stairs":4,"minecraft:prismarine_bricks":7,"graveyard:dark_iron_door":3,"minecraft:cut_sandstone_slab":4,"minecraft:dirt":1218,"minecraft:glass":72,"minecraft:bone":829,"minecraft:acacia_planks":42,"alexscaves:toxic_paste":31,"minecraft:bow":20,"minecraft:wheat_seeds":49,"minecraft:orange_tulip":8,"alexscaves:quarry":5,"minecraft:grindstone":5,"alexscaves:cave_painting_footprint":4,"minecraft:mossy_stone_bricks":9,"friendsandfoes:wildfire_crown_fragment":10,"camera:image":14,"minecraft:bamboo":77,"casinocraft:rulebook_4_2":63,"minecraft:prismarine":1,"minecraft:red_sandstone_wall":3,"alexscaves:uranium":12,"alexscaves:grottoceratops_egg":3,"endermanoverhaul:soul_pearl":5,"minecraft:nether_brick_stairs":7,"minecraft:grass_block":3,"minecraft:diamond_block":3,"eeeabsmobs:heart_of_pagan":2,"minecraft:mossy_cobblestone":51,"minecraft:light_gray_terracotta":1,"minecraft:sugar":11,"minecraft:slime_block":2,"minecraft:polished_blackstone_pressure_plate":2,"waystones:waystone":10,"minecraft:cracked_polished_blackstone_bricks":29,"alexsmobs:rattlesnake_rattle":2,"minecraft:crossbow":4,"casinocraft:rulebook_4_1":63,"minecraft:golden_apple":1,"minecraft:spruce_sign":17,"minecraft:emerald":446,"minecraft:netherrack":22257,"minecraft:azure_bluet":1,"minecraft:ladder":31,"minecraft:brown_mushroom":96,"alexscaves:raygun":1,"minecraft:stone_brick_wall":24,"alexscaves:flood_basalt":1,"stalwart_dungeons:soul_bricks":67,"minecraft:chain":10,"minecraft:shield":10,"alexscaves:tectonic_shard":5,"minecraft:brick":3,"alexscaves:metal_swarf":43,"minecraft:moss_carpet":8,"alexscaves:cave_painting_tree_stars":6,"minecraft:mycelium":2,"minecraft:blackstone":902,"casinocraft:rulebook_1_1":63,"minecraft:blue_orchid":1,"graveyard:corruption":145,"create:cut_limestone":13,"create:zinc_ore":15,"eeeabsmobs:immortal_block":2,"eeeabsmobs:guardian_axe":1,"graveyard:skull_with_rib_cage":1,"minecraft:note_block":5,"alexscaves:fern_thatch":1,"minecraft:polished_blackstone_bricks":109,"minecraft:cookie":1,"minecraft:light_blue_bed":18,"minecraft:stone_pressure_plate":1,"minecraft:purple_terracotta":1,"minecraft:tube_coral":2,"minecraft:nether_bricks":16,"minecraft:stripped_dark_oak_wood":3,"minecraft:black_banner":1,"minecraft:brick_stairs":2,"minecraft:skeleton_skull":1,"create:small_veridium_bricks":4,"minecraft:basalt":1298,"minecraft:golden_carrot":36,"minecraft:leather":47,"eeeabsmobs:tomb_summon_trap":5,"minecraft:ice":5,"casinocraft:rulebook_3_1":63,"minecraft:bedrock":1,"minecraft:chainmail_chestplate":4,"minecraft:cobbled_deepslate_stairs":2,"minecraft:gunpowder":4079,"alexscaves:ferrouslime_ball":7,"alexscaves:pewen_planks":26,"alexscaves:amber":212,"minecraft:orange_terracotta":1,"minecraft:cooked_mutton":10,"alexscaves:azure_neodymium_node":3,"minecraft:deepslate_emerald_ore":16,"minecraft:spruce_wood":172,"minecraft:iron_ingot":29,"alexscaves:radrock":226,"casinocraft:rulebook_2_1":63,"casinocraft:cardtable_base_black":1,"alexscaves:curly_fern":23,"alexscaves:sulfur":35,"minecraft:polished_andesite_slab":1,"minecraft:sculk_catalyst":2,"minecraft:warped_fungus":3,"minecraft:nether_quartz_ore":77,"minecraft:emerald_block":71,"graveyard:pedestal":6,"minecraft:stone_brick_slab":3,"alexscaves:fissile_core":3,"minecraft:quartz":381,"stalwart_dungeons:soul_tiles":10,"alexscaves:tree_star":61,"minecraft:amethyst_shard":98,"minecraft:soul_torch":2,"minecraft:nether_brick_slab":2,"minecraft:spruce_door":1,"casinocraft:rulebook_6_2":63,"minecraft:pumpkin_seeds":1,"bygonenether:wither_waltz_music_disc":1,"minecraft:chainmail_leggings":18,"cataclysm:ancient_metal_ingot":21,"lightmanscurrency:coin_netherite":7,"minecraft:mossy_cobblestone_stairs":4,"alexscaves:azure_neodymium_pillar":30,"minecraft:terracotta":5,"stalwart_dungeons:igniter":28,"minecraft:damaged_anvil":6,"minecraft:netherite_hoe":1,"minecraft:sunflower":4,"alexscaves:ancient_sapling":62,"minecraft:wooden_axe":1,"minecraft:iron_chestplate":7,"minecraft:flower_pot":1,"minecraft:chainmail_boots":6,"minecraft:creeper_head":3,"minecraft:anvil":15,"minecraft:prismarine_shard":21,"minecraft:magenta_carpet":1,"eeeabsmobs:soul_summoning_necklace":2,"minecraft:diamond_sword":6,"graveyard:light_gray_urn":1,"minecraft:oak_stairs":6,"minecraft:brown_bed":9,"alexscaves:trilocaris_tail":14,"minecraft:wither_rose":6,"cataclysm:abyss_eye":13,"minecraft:brewing_stand":18,"minecraft:golden_sword":1,"minecraft:amethyst_block":4,"alexscaves:smooth_limestone":5,"paraglider:goddess_statue":3,"minecraft:soul_soil":94,"alexscaves:pure_darkness":1,"minecraft:red_nether_bricks":2,"minecraft:gold_nugget":387,"minecraft:cobbled_deepslate":51,"bosses_of_mass_destruction:soul_star":20,"minecraft:spruce_planks":27,"casinocraft:arcade_base_black":1,"minecraft:written_book":1,"minecraft:enchanted_golden_apple":1,"minecraft:melon_slice":133,"minecraft:coal_block":79,"minecraft:golden_helmet":2,"minecraft:composter":1,"minecraft:bamboo_slab":1,"cataclysm:kobolediator_skull":2,"minecraft:sandstone_wall":4,"minecraft:warped_planks":8,"bygonenether:warped_ender_pearl":3,"casinocraft:rulebook_5_1":63,"minecraft:chiseled_nether_bricks":2,"stalwart_dungeons:soul_magma_bricks":14,"minecraft:tropical_fish":7,"minecraft:iron_block":7,"minecraft:cyan_terracotta":30,"casinocraft:rulebook_2_2":63,"alexscaves:notor_gizmo":8,"alexscaves:archaic_vine":8,"minecraft:blackstone_stairs":1,"minecraft:birch_log":7,"minecraft:magma_block":152,"minecraft:oxidized_copper":1,"deeperdarker:gloomy_cactus":10,"minecraft:iron_door":2,"minecraft:jungle_log":313,"cataclysm:coral_spear":7,"alexscaves:cave_painting_pewen":2,"minecraft:map":2,"minecraft:gray_concrete":2,"iammusicplayer:cassette_deck":1,"stalwart_dungeons:blaze_armor_scrap":95,"iammusicplayer:music_manager":1,"minecraft:glowstone_dust":9,"minecraft:moss_block":33,"minecraft:pitcher_pod":1,"graveyard:fire_brazier":5,"stalwart_dungeons:tungsten_ore":9,"eeeabsmobs:soul_light":14,"minecraft:warped_wart_block":1,"bosses_of_mass_destruction:crystal_fruit":3,"alexscaves:amber_curiosity":3,"alexscaves:metal_scaffolding":14,"minecraft:ink_sac":3,"minecraft:granite_slab":1,"minecraft:crimson_door":1,"minecraft:loom":2,"supplementaries:blackstone_tile":1,"minecraft:red_terracotta":2,"minecraft:barrel":31,"cataclysm:lionfish":3,"minecraft:white_candle":6,"alexsmobs:guster_eye":3,"minecraft:miner_pottery_sherd":1,"minecraft:deepslate_gold_ore":32,"cataclysm:sandstone_falling_trap":58,"minecraft:blue_ice":15,"minecraft:chainmail_helmet":1,"minecraft:bread":50,"alexsmobs:maggot":12,"minecraft:bricks":1,"minecraft:crafting_table":27,"minecraft:coarse_dirt":9,"minecraft:sandstone_slab":1,"minecraft:bubble_coral_fan":2,"minecraft:nether_wart":88,"minecraft:mourner_pottery_sherd":1,"stalwart_dungeons:void_crystal":4,"minecraft:red_bed":11,"alexscaves:fiddlehead":7,"graveyard:hanged_skeleton":1,"alexscaves:scrap_metal":19,"minecraft:cracked_stone_bricks":13,"minecraft:deepslate_diamond_ore":42,"alexscaves:geothermal_vent_medium":1,"minecraft:beef":49,"cataclysm:witherite_ingot":6,"minecraft:iron_nugget":77,"graveyard:leaning_skeleton":2,"casinocraft:rulebook_6_1":63,"minecraft:chest":27,"cataclysm:necklace_of_the_desert":2,"minecraft:egg":1,"minecraft:sandstone":301,"minecraft:polished_deepslate_slab":3,"alexscaves:geothermal_vent":2,"minecraft:amethyst_cluster":2,"alexsmobs:straddlite":4,"minecraft:spruce_fence":1,"bosses_of_mass_destruction:void_thorn":2,"minecraft:carrot":8,"minecraft:redstone":29,"minecraft:prismarine_crystals":7,"alexscaves:cave_painting_trilocaris":4,"minecraft:tnt":308,"minecraft:cooked_cod":6,"minecraft:peony":1,"minecraft:tube_coral_fan":10,"minecraft:deepslate_bricks":32,"minecraft:diamond_boots":5,"minecraft:sandstone_stairs":1,"minecraft:warped_sign":3,"minecraft:tube_coral_block":10,"minecraft:gold_ingot":12,"minecraft:glow_berries":7,"alexscaves:cave_painting_grottoceratops":4,"minecraft:white_wool":34,"minecraft:lapis_ore":8,"alexscaves:pewen_log":88,"minecraft:red_mushroom":34,"minecraft:ochre_froglight":2,"minecraft:filled_map":2,"supplementaries:urn":2,"alexsmobs:froststalker_helmet":1,"graveyard:small_light_gray_urn":1,"minecraft:oak_log":44,"minecraft:ancient_debris":506,"casinocraft:rulebook_3_2":63,"minecraft:golden_boots":1,"minecraft:white_banner":5,"minecraft:stone_bricks":219,"minecraft:kelp":193,"alexscaves:cooked_dinosaur_chop":61,"minecraft:cobweb":97,"minecraft:glass_bottle":11,"lightmanscurrency:coin_iron":2221,"minecraft:arms_up_pottery_sherd":1,"minecraft:iron_sword":22,"elevatorid:elevator_white":2,"minecraft:dark_oak_slab":4,"minecraft:gravel":775,"minecraft:spruce_sapling":8,"create:schematic":1,"minecraft:spruce_log":83,"cataclysm:ancient_metal_block":1,"cataclysm:flame_eye":13,"minecraft:sea_lantern":15,"alexscaves:telecore":9,"minecraft:red_stained_glass":1,"minecraft:purple_bed":3,"lightmanscurrency:coin_gold":1116,"alexscaves:pine_nuts":23,"minecraft:diamond_axe":2,"deeperdarker:sculk_stone":97,"alexscaves:rusty_scaffolding":29,"minecraft:gray_wool":3,"alexscaves:cave_map":1,"cataclysm:sandstone_poison_dart_trap":9,"minecraft:warped_nylium":10,"minecraft:crimson_nylium":3,"minecraft:ender_pearl":20,"minecraft:shulker_shell":7,"minecraft:chiseled_deepslate":2,"minecraft:wheat":8,"minecraft:redstone_block":3,"cataclysm:monstrous_horn":1,"minecraft:iron_trapdoor":2,"minecraft:light_gray_shulker_box":177,"minecraft:potion":17,"minecraft:nether_brick":20,"minecraft:crimson_planks":1,"casinocraft:rulebook_7_0":63,"minecraft:raw_copper":49,"graveyard:candle_holder":1,"minecraft:iron_leggings":1,"alexscaves:acidic_radrock":1,"minecraft:pink_shulker_box":65,"minecraft:oak_sign":2,"minecraft:sea_pickle":20,"minecraft:deepslate_tiles":13,"minecraft:tnt_minecart":5,"minecraft:black_shulker_box":54,"alexsmobs:banana":5,"minecraft:redstone_torch":5,"deeperdarker:gloomy_geyser":7,"minecraft:calcite":4,"thedirtystuff:hemp_seed":144,"bygonenether:soul_stone":5,"cataclysm:khopesh":4,"minecraft:iron_boots":9,"minecraft:furnace":5,"minecraft:stick":241,"minecraft:orange_shulker_box":78,"alexscaves:limestone_spear":42,"minecraft:deepslate_brick_wall":1,"minecraft:brown_terracotta":6,"minecraft:oak_fence":8,"minecraft:torch":237,"deeperdarker:heart_of_the_deep":2,"alexscaves:heavy_bone":18,"minecraft:porkchop":16,"graveyard:dark_iron_trapdoor":7,"minecraft:quartz_block":18,"minecraft:nether_gold_ore":7,"minecraft:cactus":3,"cataclysm:athame":2,"supplementaries:antique_ink":3,"create:veridium":571,"minecraft:fire_coral_fan":4,"alexscaves:energized_galena_azure":74,"minecraft:cod":2,"minecraft:nautilus_shell":3,"paraglider:paraglider":1,"graveyard:skull_pile":3,"progressivebosses:nether_star_shard":8,"cataclysm:music_disc_the_harbinger":1,"minecraft:magma_cream":28,"alexsmobs:bear_fur":2,"paraglider:spirit_orb":210,"minecraft:tuff":120,"alexscaves:cave_painting_subterranodon":2,"supplementaries:flax_seeds":6,"minecraft:wither_skeleton_skull":14,"minecraft:lapis_lazuli":467,"minecraft:leather_boots":19,"casinocraft:arcade_slot_black":1,"minecraft:deepslate_brick_slab":5,"minecraft:raw_gold":177,"minecraft:cobbled_deepslate_slab":7,"minecraft:cyan_candle":27,"graveyard:creeper_skeleton":6,"minecraft:powered_rail":2,"alexsmobs:blobfish":8,"minecraft:oak_planks":108,"alexscaves:radrock_uranium_ore":1,"minecraft:mossy_stone_brick_stairs":5,"minecraft:brain_coral":1,"friendsandfoes:totem_of_freezing":4,"minecraft:ghast_tear":3,"minecraft:black_terracotta":3,"minecraft:cooked_porkchop":39,"graveyard:bone_dagger":3,"minecraft:oak_pressure_plate":1,"minecraft:jungle_planks":14,"minecraft:polished_blackstone_slab":3,"alexscaves:energized_galena_neutral":7,"minecraft:sand":13196,"minecraft:cyan_bed":2,"minecraft:chiseled_sandstone":20,"alexsmobs:bison_carpet":1,"minecraft:shulker_box":87,"minecraft:dark_prismarine":73,"cataclysm:tidal_claws":1,"minecraft:diamond":10,"minecraft:spruce_boat":9,"minecraft:black_concrete":6,"minecraft:polished_blackstone_button":1,"cataclysm:ancient_metal_nugget":77,"cataclysm:sandstone_ignite_trap":52,"minecraft:oak_sapling":6,"minecraft:bubble_coral_block":6,"minecraft:nether_star":3,"minecraft:end_stone_bricks":9,"minecraft:fishing_rod":1,"minecraft:mud_brick_slab":2,"minecraft:allium":1,"minecraft:chicken":1,"alexscaves:cave_painting_ambersol":2,"create:polished_cut_ochrum":17,"minecraft:gold_block":116,"alexscaves:dinosaur_nugget":14,"minecraft:iron_axe":20,"minecraft:orange_concrete":3,"minecraft:wooden_sword":5,"minecraft:item_frame":5,"alexscaves:dinosaur_chop":2,"minecraft:cyan_carpet":4,"deeperdarker:warden_carapace":4,"minecraft:dark_prismarine_stairs":3,"minecraft:oak_boat":5,"minecraft:player_head":44,"cataclysm:abyssal_sacrifice":1,"supplementaries:cage":5,"minecraft:lectern":46,"minecraft:tinted_glass":2,"minecraft:sugar_cane":111,"minecraft:spruce_trapdoor":76,"minecraft:phantom_membrane":22,"minecraft:stripped_crimson_hyphae":1,"minecraft:raw_iron":65,"bygonenether:cobbled_blackstone":554,"minecraft:copper_ingot":1,"cataclysm:witherite_block":1,"eeeabsmobs:ancient_drive_crystal":1,"minecraft:stone_button":1,"minecraft:magenta_shulker_box":1,"minecraft:dark_oak_planks":5,"minecraft:smooth_sandstone_slab":19,"minecraft:arrow":204,"stalwart_dungeons:raw_tungsten":53,"minecraft:jungle_stairs":1,"alexscaves:pewen_wood":10,"graveyard:leaning_wither_skeleton":1,"alexscaves:spelunkery_table":3,"paraglider:horned_statue":2,"create:empty_schematic":1,"minecraft:soul_campfire":9,"minecraft:wet_sponge":4,"minecraft:cracked_deepslate_tiles":3,"alexscaves:cave_painting_dark":4,"minecraft:air":340,"alexscaves:cave_painting_footprints":6,"casinocraft:rulebook_3_3":63,"minecraft:glow_ink_sac":3,"cataclysm:ignitium_ingot":3,"minecraft:cut_sandstone":6,"minecraft:birch_planks":2,"alexscaves:heavyweight":3,"alexsmobs:cachalot_whale_tooth":1,"alexscaves:limestone":573,"minecraft:nether_wart_block":2,"minecraft:podzol":4,"minecraft:red_nether_brick_stairs":1,"minecraft:smooth_sandstone":116,"cataclysm:infernal_forge":1,"minecraft:fire_coral_block":58,"stalwart_dungeons:pusher":92,"cataclysm:sandstorm_in_a_bottle":1,"minecraft:acacia_sapling":2,"minecraft:soul_sand":133,"stalwart_dungeons:transient_block_close":18,"minecraft:book":228,"alexscaves:geothermal_vent_thin":2,"minecraft:scaffolding":7,"minecraft:birch_boat":7,"minecraft:chiseled_stone_bricks":3,"minecraft:raw_iron_block":33,"minecraft:brain_coral_fan":2,"cataclysm:desert_eye":14,"cataclysm:remnant_skull":1,"minecraft:blast_furnace":16,"minecraft:white_bed":2,"minecraft:gold_ore":76,"minecraft:spider_eye":46,"alexsmobs:raw_catfish":12,"minecraft:campfire":10,"minecraft:iron_helmet":13,"minecraft:coal":327},"minecraft:killed":{"illagerinvasion:archivist":10,"illagerinvasion:basher":8,"minecraft:guardian":22,"friendsandfoes:glare":1,"endermanoverhaul:desert_enderman":3,"graveyard:acolyte":53,"eeeabsmobs:guling_sentinel":21,"deeperdarker:sculk_snapper":3,"alexsmobs:straddler":14,"alexsmobs:centipede_head":1,"alexscaves:forsaken":1,"minecraft:tropical_fish":7,"cataclysm:wadjet":1,"endermanoverhaul:badlands_enderman":1,"alexscaves:teletor":8,"minecraft:parrot":1,"alexscaves:gammaroach":16,"stalwart_dungeons:giddy_blaze":11,"cataclysm:ancient_remnant":1,"minecraft:pillager":456,"minecraft:donkey":3,"minecraft:zombie":539,"stalwart_dungeons:incomplete_wither":265,"alexscaves:trilocaris":24,"minecraft:evoker":9,"eeeabsmobs:corpse_villager":4,"alexscaves:brainiac":12,"graveyard:corrupted_vindicator":13,"minecraft:vindicator":37,"alexsmobs:gorilla":2,"minecraft:warden":2,"cataclysm:koboleton":34,"cataclysm:deepling_angler":12,"minecraft:husk":11,"graveyard:ghoul":1,"cataclysm:the_watcher":7,"endermanoverhaul:warped_forest_enderman":3,"minecraft:ravager":3,"alexsmobs:rhinoceros":1,"friendsandfoes:wildfire":1,"eeeabsmobs:guling_sentinel_heavy":1,"alexsmobs:gelada_monkey":1,"alexsmobs:crocodile":2,"cataclysm:coralssus":2,"minecraft:witch":16,"minecraft:zombified_piglin":9,"minecraft:spider":107,"cataclysm:netherite_monstrosity":1,"minecraft:wither":1,"illagerinvasion:provoker":9,"minecraft:silverfish":31,"minecraft:piglin_brute":19,"minecraft:piglin":41,"minecraft:zombie_villager":1,"alexsmobs:stradpole":8,"illagerinvasion:alchemist":6,"alexsmobs:crimson_mosquito":22,"minecraft:sheep":5,"minecraft:trader_llama":2,"minecraft:ghast":7,"bygonenether:warped_enderman":4,"witherstormmod:tentacle":1,"graveyard:corrupted_pillager":8,"minecraft:vex":88,"endermanoverhaul:flower_fields_enderman":1,"minecraft:slime":1,"alexscaves:nucleeper":2,"endermanoverhaul:scarab":9,"bygonenether:wither_skeleton_knight":3,"endermanoverhaul:soulsand_valley_enderman":4,"minecraft:drowned":1,"bosses_of_mass_destruction:lich":1,"alexscaves:relicheirus":7,"friendsandfoes:iceologer":5,"stalwart_dungeons:reinforced_blaze":200,"eeeabsmobs:nameless_guardian":1,"bosses_of_mass_destruction:void_blossom":1,"minecraft:hoglin":2,"alexsmobs:emu":2,"endermanoverhaul:spirit":4,"alexsmobs:cockroach":3,"cataclysm:deepling_priest":1,"eeeabsmobs:corpse":9,"minecraft:wither_skeleton":675,"minecraft:cave_spider":19,"deeperdarker:sculk_centipede":2,"alexscaves:boundroid":3,"graveyard:wraith":25,"minecraft:shulker":1,"minecraft:skeleton":296,"bosses_of_mass_destruction:gauntlet":5,"cataclysm:kobolediator":2,"illagerinvasion:necromancer":3,"minecraft:magma_cube":54,"alexsmobs:seal":6,"creeperoverhaul:desert_creeper":6,"cataclysm:deepling":28,"alexsmobs:rain_frog":1,"alexsmobs:roadrunner":2,"minecraft:cow":29,"graveyard:nightmare":2,"illagerinvasion:marauder":7,"alexscaves:ferrouslime":4,"alexsmobs:seagull":5,"minecraft:horse":1,"stalwart_dungeons:shelterer_without_armor":1,"bygonenether:wraither":9,"stalwart_dungeons:nether_wart_cocoon":6,"alexsmobs:rocky_roller":1,"alexsmobs:guster":17,"endermanoverhaul:snowy_enderman":1,"eeeabsmobs:corpse_to_player":1,"minecraft:wandering_trader":1,"endermanoverhaul:cave_enderman":1,"alexscaves:grottoceratops":21,"minecraft:enderman":9,"graveyard:skeleton_creeper":3,"endermanoverhaul:mushroom_fields_enderman":2,"alexsmobs:froststalker":1,"alexsmobs:banana_slug":1,"minecraft:illusioner":8,"alexscaves:notor":2,"illagerinvasion:inquisitor":2,"eeeabsmobs:immortal_golem":7,"minecraft:pig":17,"endermanoverhaul:nether_wastes_enderman":1,"minecraft:creeper":171,"alexsmobs:warped_toad":4,"cataclysm:deepling_brute":12,"illagerinvasion:sorcerer":3,"alexsmobs:fly":3,"bygonenether:corpor":3,"minecraft:blaze":21,"alexsmobs:jerboa":2,"alexscaves:vallumraptor":21,"cataclysm:ignited_revenant":1,"alexsmobs:dropbear":1,"stalwart_dungeons:propulk":14,"graveyard:revenant":1,"progressivebosses:wither_minion":11,"alexsmobs:rattlesnake":4,"minecraft:phantom":37,"friendsandfoes:mauler":1,"deeperdarker:shattered":18,"alexsmobs:bison":21,"alexsmobs:soul_vulture":3,"cataclysm:lionfish":2,"minecraft:bat":1,"alexscaves:magnetron":2,"bygonenether:wex":4},"minecraft:broken":{"minecraft:diamond_helmet":1,"minecraft:iron_leggings":1,"minecraft:shield":1,"minecraft:iron_pickaxe":2,"minecraft:wooden_hoe":2,"minecraft:stone_pickaxe":2,"minecraft:iron_boots":1,"minecraft:bow":1,"minecraft:iron_axe":2,"minecraft:iron_helmet":1,"minecraft:flint_and_steel":2,"minecraft:golden_pickaxe":1},"minecraft:custom":{"minecraft:interact_with_crafting_table":463,"minecraft:damage_blocked_by_shield":11543,"minecraft:play_time":6635356,"minecraft:deaths":21,"minecraft:jump":88750,"minecraft:interact_with_smoker":12,"minecraft:inspect_dispenser":2,"minecraft:horse_one_cm":363,"minecraft:interact_with_anvil":75,"minecraft:inspect_hopper":299,"minecraft:tune_noteblock":6,"minecraft:time_since_rest":265827,"minecraft:swim_one_cm":1950676,"minecraft:open_chest":7055,"minecraft:open_shulker_box":1314,"minecraft:damage_resisted":8153,"minecraft:play_noteblock":7,"minecraft:talked_to_villager":272,"minecraft:interact_with_brewingstand":10,"minecraft:interact_with_beacon":7,"minecraft:damage_dealt_resisted":457,"minecraft:raid_win":1,"minecraft:boat_one_cm":791323,"minecraft:damage_taken":147701,"minecraft:open_barrel":740,"minecraft:bell_ring":15,"minecraft:eat_cake_slice":15,"minecraft:leave_game":89,"minecraft:time_since_death":1839579,"minecraft:enchant_item":23,"minecraft:interact_with_furnace":181,"minecraft:traded_with_villager":205,"minecraft:sleep_in_bed":46,"minecraft:waystone_activated":35,"minecraft:damage_dealt":766275,"minecraft:interact_with_smithing_table":8,"minecraft:damage_dealt_absorbed":5206,"minecraft:sneak_time":296007,"minecraft:interact_with_lectern":20,"minecraft:interact_with_blast_furnace":36,"minecraft:total_world_time":6635356,"minecraft:interact_with_stonecutter":14,"minecraft:fly_one_cm":22815021,"minecraft:fall_one_cm":2559972,"minecraft:animals_bred":4,"minecraft:sprint_one_cm":10973695,"minecraft:drop":1917,"minecraft:walk_on_water_one_cm":886070,"minecraft:interact_with_loom":13,"minecraft:open_enderchest":43,"minecraft:crouch_one_cm":1463208,"minecraft:mob_kills":4203,"minecraft:climb_one_cm":408505,"minecraft:walk_one_cm":10095797,"minecraft:walk_under_water_one_cm":921555,"minecraft:raid_trigger":1,"minecraft:interact_with_grindstone":108,"minecraft:damage_absorbed":4317,"minecraft:trigger_trapped_chest":33},"minecraft:dropped":{"minecraft:iron_sword":8,"minecraft:lapis_lazuli":2,"minecraft:glass_bottle":5,"minecraft:crafting_table":1,"minecraft:cooked_porkchop":3,"minecraft:pitcher_pod":1,"minecraft:dark_oak_slab":4,"minecraft:glow_berries":1,"minecraft:black_bed":1,"minecraft:cracked_stone_bricks":4,"graveyard:corruption":3,"minecraft:red_mushroom":2,"minecraft:emerald":151,"minecraft:gold_block":2,"minecraft:red_bed":2,"paraglider:heart_container":1,"alexscaves:dinosaur_nugget":151,"minecraft:gold_nugget":6,"minecraft:bubble_coral_block":6,"minecraft:sand":1596,"minecraft:dark_oak_planks":5,"alexscaves:raygun":1,"minecraft:white_wool":22,"minecraft:ancient_debris":228,"minecraft:iron_nugget":23,"minecraft:cobbled_deepslate":18,"minecraft:netherite_sword":1,"minecraft:wheat":1,"minecraft:obsidian":2,"camera:image":11,"minecraft:rotten_flesh":195,"minecraft:oak_planks":8,"minecraft:warped_sign":2,"bosses_of_mass_destruction:soul_star":2,"minecraft:sea_lantern":12,"alexsmobs:blood_sac":1,"alexscaves:cave_book":1,"alexscaves:smooth_limestone":3,"minecraft:quartz_block":2,"minecraft:leather_boots":1,"minecraft:acacia_sapling":2,"camera:camera":2,"minecraft:leather_leggings":1,"minecraft:red_nether_bricks":1,"minecraft:beef":20,"minecraft:stone_brick_stairs":1,"camera:album":2,"alexsmobs:fedora":1,"minecraft:golden_boots":1,"minecraft:wheat_seeds":16,"cataclysm:athame":1,"minecraft:horn_coral_block":41,"minecraft:book":80,"minecraft:prismarine_crystals":7,"alexscaves:limestone_spear":32,"minecraft:golden_apple":26,"alexsmobs:raw_catfish":6,"minecraft:cobweb":21,"alexscaves:cave_painting_pewen":1,"minecraft:ink_sac":3,"alexscaves:sulfur_cluster":1,"minecraft:potion":3,"alexscaves:primitive_club":2,"minecraft:chainmail_leggings":7,"minecraft:acacia_planks":8,"minecraft:stone_brick_slab":1,"minecraft:creeper_head":1,"cataclysm:flame_eye":1,"minecraft:soul_soil":1,"alexscaves:tree_star":1,"minecraft:clay_ball":32,"minecraft:iron_boots":9,"supplementaries:cage":10,"lightmanscurrency:coin_gold":606,"minecraft:diamond_sword":4,"cataclysm:tidal_claws":1,"alexscaves:flood_basalt":1,"minecraft:spruce_planks":19,"minecraft:diamond_pickaxe":9,"minecraft:fire_coral_block":58,"minecraft:pink_shulker_box":1,"minecraft:redstone_torch":3,"minecraft:brown_bed":1,"minecraft:stone_bricks":1,"minecraft:bamboo":2,"minecraft:sandstone":24,"lightmanscurrency:coin_iron":520,"minecraft:bow":5,"alexscaves:cave_painting_subterranodon":1,"minecraft:magma_block":3,"stalwart_dungeons:raw_tungsten":1,"cataclysm:coral_spear":2,"minecraft:terracotta":2,"minecraft:soul_sand":9,"minecraft:moss_block":26,"minecraft:loom":1,"minecraft:golden_pickaxe":1,"minecraft:nether_star":2,"iammusicplayer:music_manager":1,"minecraft:tube_coral_block":10,"minecraft:leather":4,"minecraft:jungle_planks":11,"paraglider:spirit_orb":139,"minecraft:cracked_polished_blackstone_bricks":2,"minecraft:ice":5,"minecraft:snowball":22,"minecraft:wet_sponge":4,"minecraft:tube_coral":2,"minecraft:black_concrete":6,"paraglider:paraglider":3,"minecraft:crimson_door":1,"minecraft:gold_ingot":2,"alexscaves:pewen_sapling":1,"endermanoverhaul:warped_pearl":3,"create:cut_limestone":1,"minecraft:beetroot":3,"minecraft:white_candle":3,"alexscaves:pewen_wood":3,"supplementaries:antique_ink":1,"minecraft:leather_chestplate":2,"minecraft:horn_coral_fan":7,"minecraft:fire_coral_fan":4,"minecraft:stone_brick_wall":8,"minecraft:iron_ore":22,"minecraft:bread":37,"minecraft:golden_helmet":1,"eeeabsmobs:heart_of_pagan":1,"iammusicplayer:cassette_deck":1,"alexscaves:cave_painting_footprints":3,"minecraft:spruce_stairs":1,"minecraft:light_gray_shulker_box":1,"minecraft:fire_charge":1,"minecraft:polished_basalt":5,"alexscaves:cave_painting_grottoceratops":2,"friendsandfoes:totem_of_freezing":1,"friendsandfoes:wildfire_crown_fragment":5,"lightmanscurrency:coin_diamond":16,"minecraft:flint_and_steel":3,"minecraft:deepslate_bricks":15,"minecraft:copper_ore":11,"alexscaves:radgill":1,"alexsmobs:mungal_spores":9,"minecraft:oak_sapling":2,"alexscaves:pine_nuts":1,"minecraft:brain_coral":1,"minecraft:spruce_log":28,"minecraft:wooden_pickaxe":1,"minecraft:amethyst_cluster":2,"alexsmobs:fish_bones":1,"minecraft:cooked_beef":16,"minecraft:oak_pressure_plate":1,"alexscaves:curly_fern":3,"minecraft:cookie":64,"alexscaves:uranium_rod":1,"minecraft:rooted_dirt":38,"minecraft:bubble_coral_fan":2,"minecraft:leather_helmet":3,"minecraft:dirt":47,"minecraft:packed_mud":5,"cataclysm:witherite_ingot":6,"alexscaves:radrock_uranium_ore":1,"alexscaves:primal_magma":4,"minecraft:chain":10,"minecraft:wooden_sword":4,"alexsmobs:emu_feather":4,"alexscaves:cave_painting_ambersol":1,"minecraft:sunflower":3,"minecraft:phantom_membrane":4,"minecraft:iron_pickaxe":2,"alexscaves:cycad":12,"minecraft:bone":254,"minecraft:brain_coral_fan":2,"minecraft:emerald_block":40,"minecraft:sugar_cane":2,"alexscaves:waste_drum":1,"minecraft:golden_chestplate":1,"alexsmobs:animal_dictionary":2,"minecraft:nether_brick":16,"alexscaves:tough_hide":2,"minecraft:enchanted_golden_apple":2,"iammusicplayer:boombox":1,"alexscaves:pewen_planks":25,"alexscaves:cave_painting_footprint":2,"supplementaries:flax_seeds":5,"minecraft:tipped_arrow":2,"minecraft:charcoal":9,"minecraft:hopper":1,"minecraft:ladder":1,"minecraft:enchanted_book":2,"minecraft:chiseled_nether_bricks":2,"supplementaries:bamboo_spikes":1,"minecraft:tnt":129,"lightmanscurrency:coin_emerald":107,"minecraft:feather":32,"minecraft:iron_helmet":8,"minecraft:cobblestone":283,"minecraft:apple":9,"minecraft:granite":38,"minecraft:chainmail_helmet":1,"minecraft:coal":175,"stalwart_dungeons:blaze_armor_scrap":8,"alexscaves:trilocaris_tail":5,"minecraft:golden_carrot":62,"alexscaves:cinder_block_slab":1,"minecraft:rose_bush":2,"minecraft:diamond_helmet":1,"minecraft:brown_terracotta":6,"alexscaves:limestone":61,"minecraft:mossy_cobblestone_stairs":4,"minecraft:iron_shovel":4,"minecraft:paper":3,"minecraft:string":49,"minecraft:oxidized_copper":1,"minecraft:magenta_shulker_box":1,"minecraft:spruce_sapling":2,"minecraft:moss_carpet":5,"alexscaves:uranium":2,"minecraft:stone_sword":1,"minecraft:deepslate":14,"minecraft:stone_slab":1,"minecraft:nether_bricks":1,"minecraft:spruce_fence":1,"minecraft:pumpkin_seeds":1,"alexsmobs:cooked_kangaroo_meat":141,"minecraft:potato":9,"supplementaries:quiver":1,"minecraft:cobblestone_slab":1,"minecraft:hay_block":6,"minecraft:stone":238,"minecraft:spider_eye":18,"minecraft:brown_carpet":2,"waystones:waystone":1,"minecraft:dark_prismarine":3,"minecraft:spruce_sign":2,"minecraft:brown_mushroom":54,"minecraft:dark_oak_stairs":4,"minecraft:diamond_axe":1,"lightmanscurrency:coin_copper":1276,"minecraft:baked_potato":25,"cataclysm:lionfish":1,"cataclysm:mech_eye":1,"alexscaves:cave_painting_tremorsaurus":1,"minecraft:tube_coral_fan":10,"alexsmobs:bison_fur":2,"minecraft:flint":7,"minecraft:cyan_terracotta":8,"minecraft:polished_blackstone_brick_stairs":1,"minecraft:cornflower":1,"minecraft:crimson_roots":1,"minecraft:cooked_cod":6,"minecraft:pumpkin_pie":48,"minecraft:amethyst_shard":20,"alexscaves:ferrouslime_ball":1,"minecraft:polished_blackstone_bricks":4,"eeeabsmobs:soul_summoning_necklace":1,"minecraft:brown_mushroom_block":2,"minecraft:gravel":35,"alexscaves:cave_painting_trilocaris":2,"minecraft:blackstone":577,"alexscaves:amber":21,"minecraft:black_terracotta":2,"minecraft:diamond_shovel":3,"minecraft:prismarine":1,"minecraft:carrot":2,"supplementaries:ash":32,"minecraft:gunpowder":3694,"minecraft:chest":1,"minecraft:chainmail_boots":1,"minecraft:basalt":1,"minecraft:arrow":53,"minecraft:prismarine_bricks":7,"minecraft:quartz":17,"minecraft:netherrack":338,"minecraft:water_bucket":4,"bygonenether:wither_waltz_music_disc":1,"minecraft:mossy_cobblestone":7,"minecraft:diamond_leggings":1,"minecraft:prismarine_shard":21,"minecraft:lead":4,"minecraft:stick":69,"alexsmobs:froststalker_helmet":1,"illagerinvasion:platinum_chunk":13,"minecraft:nether_gold_ore":2,"minecraft:brewing_stand":7,"minecraft:torch":1,"minecraft:iron_leggings":3,"minecraft:wither_rose":1,"minecraft:iron_axe":6,"alexscaves:extinction_spear":1,"minecraft:redstone":5,"minecraft:nether_brick_slab":2,"minecraft:bubble_coral":1,"minecraft:anvil":1,"alexsmobs:maggot":5,"minecraft:warped_nylium":5,"minecraft:nether_wart":33,"minecraft:raw_copper":9,"minecraft:tuff":28,"alexsmobs:blobfish":1,"minecraft:wither_skeleton_skull":4,"minecraft:iron_hoe":1,"alexscaves:ominous_catalyst":1,"minecraft:red_terracotta":1,"minecraft:filled_map":3,"alexscaves:cave_painting_tree_stars":3,"minecraft:shield":5,"minecraft:diamond_chestplate":1,"minecraft:iron_chestplate":7,"minecraft:cake":6,"minecraft:mossy_stone_bricks":2,"stalwart_dungeons:tungsten_axe":1,"minecraft:fire_coral":1,"minecraft:golden_sword":2,"minecraft:diamond_boots":3,"minecraft:slime_ball":20,"minecraft:stone_pickaxe":1,"minecraft:raw_gold":3,"minecraft:nether_quartz_ore":12,"minecraft:light_blue_bed":1},"minecraft:crafted":{"minecraft:black_dye":1,"cataclysm:desert_eye":1,"minecraft:birch_boat":1,"minecraft:chain":3,"camera:album":1,"minecraft:shulker_box":4,"camera:image":1,"minecraft:acacia_slab":24,"alexscaves:quarry_smasher":1,"supplementaries:cage":29,"waystones:warp_stone":9,"minecraft:lectern":1,"minecraft:wooden_hoe":3,"cataclysm:abyss_eye":1,"minecraft:stone_slab":30,"minecraft:sandstone":21,"alexscaves:quarry":1,"minecraft:netherite_ingot":1,"minecraft:composter":1,"minecraft:polished_blackstone_bricks":16,"minecraft:golden_carrot":72,"minecraft:orange_shulker_box":1,"minecraft:iron_nugget":9,"alexscaves:cave_codex":6,"minecraft:light_gray_shulker_box":1,"minecraft:stone_pickaxe":2,"minecraft:spruce_boat":2,"cataclysm:wither_assault_shoulder_weapon":1,"minecraft:enchanting_table":1,"eeeabsmobs:bloody_altar_eye":1,"minecraft:enchanted_book":24,"minecraft:orange_dye":1,"supplementaries:speaker_block":1,"alexsmobs:fedora":1,"camera:image_frame":1,"minecraft:cobblestone_slab":36,"paraglider:goddess_statue":1,"minecraft:warped_planks":4,"minecraft:cake":12,"minecraft:bow":1,"alexscaves:serene_salad":5,"minecraft:chest":164,"minecraft:netherite_helmet":1,"minecraft:stone_bricks":12,"alexscaves:cave_book":1,"eeeabsmobs:guling_eye":2,"minecraft:arrow":336,"minecraft:iron_helmet":1,"minecraft:brush":1,"minecraft:tnt":2079,"minecraft:spruce_trapdoor":94,"minecraft:stick":1160,"minecraft:iron_ingot":260,"minecraft:furnace":2,"alexscaves:azure_neodymium_ingot":5,"minecraft:netherite_chestplate":1,"paraglider:paraglider":2,"cataclysm:khopesh":1,"elevatorid:elevator_white":2,"cataclysm:flame_eye":1,"minecraft:mangrove_planks":8,"minecraft:jungle_planks":1060,"alexsmobs:maraca":1,"minecraft:anvil":1,"minecraft:torch":208,"minecraft:birch_slab":6,"waystones:waystone":9,"supplementaries:bamboo_spikes":16,"minecraft:lever":4,"minecraft:bookshelf":22,"minecraft:iron_bars":48,"minecraft:glass":172,"graveyard:bone_dagger":1,"minecraft:netherite_boots":1,"minecraft:polished_blackstone":16,"alexscaves:cave_tablet":1,"minecraft:magenta_dye":1,"minecraft:emerald":39,"minecraft:diamond_axe":1,"minecraft:copper_ingot":9,"minecraft:campfire":6,"camera:camera":1,"minecraft:iron_block":4,"minecraft:gold_ingot":1782,"minecraft:light_gray_dye":1,"minecraft:bone_meal":384,"minecraft:pink_dye":2,"minecraft:diamond":369,"minecraft:ladder":54,"minecraft:spruce_slab":42,"minecraft:diamond_boots":3,"minecraft:dark_oak_planks":12,"minecraft:wheat":335,"minecraft:jungle_slab":60,"minecraft:golden_apple":17,"minecraft:iron_leggings":2,"minecraft:oak_planks":408,"minecraft:pink_shulker_box":1,"alexsmobs:sombrero":1,"alexscaves:pewen_planks":236,"minecraft:hopper":40,"minecraft:iron_boots":2,"alexscaves:spelunkery_table":1,"alexscaves:primitive_club":1,"cataclysm:coral_spear":1,"stalwart_dungeons:tungsten_axe":2,"minecraft:oak_slab":54,"minecraft:crafting_table":14,"minecraft:spruce_planks":928,"minecraft:wooden_pickaxe":1,"minecraft:gold_block":53,"minecraft:birch_planks":24,"minecraft:black_shulker_box":1,"minecraft:iron_chestplate":2,"minecraft:paper":114,"minecraft:emerald_block":19,"minecraft:diamond_pickaxe":1,"minecraft:shield":3,"minecraft:redstone_torch":4,"bosses_of_mass_destruction:charged_ender_pearl":1,"minecraft:cookie":306,"minecraft:redstone":9,"minecraft:coal":72,"alexscaves:dinosaur_nugget":720,"minecraft:stone_button":1,"alexscaves:cave_map":6,"minecraft:glass_pane":16,"minecraft:diamond_block":16,"cataclysm:witherite_ingot":9,"minecraft:netherite_leggings":2,"minecraft:iron_axe":3,"minecraft:netherite_scrap":2,"minecraft:crimson_planks":4,"cataclysm:mechanical_fusion_anvil":1,"minecraft:diamond_sword":1,"alexsmobs:cooked_kangaroo_meat":704,"minecraft:bowl":4,"cataclysm:mech_eye":1,"minecraft:nether_bricks":1,"minecraft:bucket":4,"minecraft:amethyst_block":1,"minecraft:air":0,"minecraft:bread":115,"minecraft:oak_boat":2,"alexscaves:limestone_spear":80,"minecraft:raw_gold":288,"alexscaves:magnetic_light":16,"minecraft:pumpkin_pie":96,"minecraft:acacia_planks":292,"minecraft:lapis_block":26},"minecraft:used":{"minecraft:moss_block":5,"minecraft:writable_book":1,"thedirtystuff:cocaine_seed":94,"minecraft:chiseled_deepslate":1,"minecraft:stone":1841,"minecraft:rotten_flesh":48,"minecraft:soul_sand":74,"graveyard:vase_block":1,"minecraft:deepslate_brick_slab":1,"minecraft:snowball":29,"minecraft:spruce_boat":10,"cataclysm:infernal_forge":12,"minecraft:lava_bucket":87,"lightmanscurrency:sus_jar":2,"friendsandfoes:totem_of_illusion":4,"minecraft:deepslate_copper_ore":1,"minecraft:quartz_block":2,"minecraft:netherite_boots":1,"minecraft:bow":1657,"minecraft:dark_prismarine_stairs":3,"minecraft:mossy_stone_bricks":1,"minecraft:damaged_anvil":5,"cataclysm:mech_eye":35,"minecraft:blackstone":171,"minecraft:cactus":1,"minecraft:wooden_pickaxe":4,"minecraft:composter":2,"minecraft:glow_berries":11,"minecraft:golden_apple":108,"stalwart_dungeons:soul_bricks":52,"minecraft:blast_furnace":4,"minecraft:purple_terracotta":1,"minecraft:deepslate_brick_stairs":3,"minecraft:deepslate_iron_ore":1,"minecraft:nether_wart_block":2,"minecraft:diamond_sword":11086,"minecraft:coal_block":1,"minecraft:oak_boat":6,"camera:image_frame":5,"alexscaves:green_soylent":14,"minecraft:enchanting_table":1,"minecraft:dead_tube_coral_block":4,"minecraft:orange_concrete":3,"create:schematic_table":8,"minecraft:light_gray_carpet":1,"minecraft:tinted_glass":2,"stalwart_dungeons:reinforced_blaze_spawn_egg":5,"minecraft:torch":534,"minecraft:nether_quartz_ore":8,"alexscaves:pewen_sapling":1,"minecraft:sea_lantern":743,"alexscaves:fern_thatch":1,"bygonenether:soul_stone":1,"supplementaries:speaker_block":1,"minecraft:barrel":12,"minecraft:basalt":219,"minecraft:gunpowder":2,"minecraft:acacia_planks":345,"minecraft:calcite":4,"minecraft:birch_planks":3,"illagerinvasion:imbuing_table":1,"minecraft:gold_ore":64,"minecraft:deepslate_bricks":13,"alexscaves:primitive_club":11,"minecraft:diamond_block":1,"minecraft:rail":1,"minecraft:red_bed":4,"minecraft:white_bed":3,"minecraft:campfire":31,"minecraft:spruce_log":2,"minecraft:diamond_pickaxe":47621,"minecraft:diamond_shovel":12707,"alexscaves:extinction_spear":42,"minecraft:leather_helmet":1,"minecraft:spruce_trapdoor":161,"minecraft:bamboo_slab":1,"minecraft:spruce_sapling":2,"minecraft:potion":5,"minecraft:purple_bed":3,"minecraft:cooked_porkchop":96,"minecraft:porkchop":16,"stalwart_dungeons:shelterer_spawn_egg":1,"minecraft:brush":5,"alexscaves:nuclear_bomb":1,"minecraft:diamond_leggings":5,"minecraft:polished_deepslate":270,"alexscaves:fiddlehead":1,"minecraft:polished_basalt":3,"minecraft:decorated_pot":1,"minecraft:green_terracotta":33,"paraglider:goddess_statue":4,"minecraft:jungle_planks":9,"minecraft:obsidian":152,"minecraft:bricks":1,"alexsmobs:spawn_egg_gorilla":4,"minecraft:lantern":8,"alexscaves:spawn_egg_forsaken":1,"minecraft:warped_nylium":1,"minecraft:light_blue_bed":16,"minecraft:item_frame":2,"minecraft:written_book":4,"minecraft:gold_block":25,"create:cut_veridium_bricks":376,"alexsmobs:spawn_egg_potoo":1,"minecraft:diamond_boots":2,"minecraft:wither_skeleton_skull":19,"iammusicplayer:cassette_deck":1,"minecraft:stone_pickaxe":261,"minecraft:oak_planks":296,"minecraft:sandstone":74,"minecraft:diamond_axe":538,"eeeabsmobs:bloody_altar_eye":4,"minecraft:white_wool":6,"alexsmobs:spawn_egg_gelada_monkey":1,"alexscaves:grottoceratops_egg":1,"minecraft:crossbow":2,"minecraft:ochre_froglight":2,"minecraft:deepslate_lapis_ore":12,"minecraft:black_terracotta":1,"waystones:waystone":21,"minecraft:lever":4,"eeeabsmobs:guardian_core":26,"minecraft:bread":277,"minecraft:barrier":348,"cataclysm:altar_of_fire":1,"minecraft:deepslate":17,"minecraft:coarse_dirt":3,"stalwart_dungeons:incomplete_wither_spawn_egg":16,"minecraft:rose_bush":2,"minecraft:flint_and_steel":131,"thedirtystuff:hemp_seed":107,"minecraft:dried_kelp":14,"minecraft:deepslate_gold_ore":10,"minecraft:cooked_chicken":3,"minecraft:dirt":445,"alexsmobs:cooked_kangaroo_meat":663,"alexscaves:limestone":247,"alexscaves:waste_drum":2,"alexscaves:limestone_spear":146,"minecraft:brown_terracotta":1,"minecraft:smooth_sandstone":108,"alexsmobs:platypus_bucket":2,"alexscaves:cinder_block":3,"minecraft:soul_soil":47,"minecraft:deepslate_tile_stairs":1,"alexsmobs:banana":5,"minecraft:cooked_beef":227,"minecraft:enchanted_golden_apple":4,"minecraft:iron_leggings":4,"alexscaves:dinosaur_nugget":521,"minecraft:cobblestone_stairs":1,"cataclysm:desert_eye":14,"minecraft:baked_potato":22,"minecraft:spruce_sign":4,"minecraft:cut_sandstone":6,"minecraft:birch_boat":8,"witherstormmod:tentacle_spawn_egg":2,"minecraft:magenta_carpet":1,"bosses_of_mass_destruction:soul_star":5,"minecraft:warped_planks":8,"minecraft:wooden_hoe":131,"alexscaves:slam":9,"alexscaves:spawn_egg_brainiac":2,"supplementaries:cage":39,"minecraft:command_block":39,"minecraft:lapis_ore":12,"minecraft:jungle_stairs":1,"minecraft:stone_slab":65,"create:veridium_pillar":23,"minecraft:pink_shulker_box":64,"minecraft:pumpkin_pie":68,"minecraft:sea_pickle":17,"alexsmobs:animal_dictionary":2,"deeperdarker:heart_of_the_deep":1,"minecraft:polished_blackstone":10,"minecraft:spruce_slab":1,"minecraft:ladder":90,"minecraft:chest":139,"alexscaves:primal_magma":1,"iammusicplayer:boombox":1,"alexscaves:cinder_brick":43,"alexscaves:ambersol":2,"easy_npc:humanoid_spawn_egg":1,"alexsmobs:bison_carpet":16,"minecraft:grass_block":15,"minecraft:orange_shulker_box":78,"minecraft:stone_brick_stairs":1,"supplementaries:bomb_blue":1,"supplementaries:ash":9,"minecraft:furnace":4,"alexscaves:smooth_limestone":2,"minecraft:diorite":2,"minecraft:end_stone_bricks":2,"minecraft:spruce_door":1,"minecraft:red_stained_glass":1,"minecraft:cookie":59,"elevatorid:elevator_white":4,"minecraft:sand":540,"eeeabsmobs:guling_eye":28,"minecraft:deepslate_tiles":26,"minecraft:chiseled_sandstone":18,"minecraft:crying_obsidian":118,"minecraft:cyan_carpet":4,"minecraft:lectern":40,"minecraft:red_terracotta":1,"graveyard:acolyte_spawn_egg":4,"minecraft:lilac":1,"supplementaries:bamboo_spikes":46,"minecraft:ice":15,"alexscaves:magnetic_light":9,"alexscaves:quarry":6,"create:framed_glass":107,"minecraft:iron_bars":10,"minecraft:stone_sword":12,"create:veridium":8,"minecraft:sandstone_wall":3,"minecraft:netherrack":6970,"minecraft:orange_bed":4,"minecraft:stick":6,"minecraft:light_gray_shulker_box":177,"minecraft:anvil":5,"minecraft:ancient_debris":3,"minecraft:warped_wart_block":1,"minecraft:shroomlight":41,"minecraft:iron_axe":553,"minecraft:rooted_dirt":39,"minecraft:slime_block":2,"minecraft:spawner":28,"minecraft:smooth_quartz":451,"minecraft:totem_of_undying":3,"minecraft:mud_bricks":17,"minecraft:smooth_basalt":17,"cataclysm:mechanical_fusion_anvil":1,"minecraft:beef":3,"minecraft:goat_horn":2,"minecraft:oxidized_copper":12,"minecraft:cobbled_deepslate":12,"alexscaves:quarry_smasher":1,"minecraft:water_bucket":319,"minecraft:sandstone_stairs":1,"minecraft:smooth_sandstone_slab":19,"minecraft:cracked_stone_bricks":1,"minecraft:polished_blackstone_bricks":42,"minecraft:mossy_cobblestone":39,"minecraft:lime_terracotta":25,"minecraft:tnt":2283,"minecraft:crafting_table":37,"supplementaries:bomb":2,"alexscaves:trilocaris_bucket":3,"minecraft:cod":5,"minecraft:cake":5,"minecraft:mud":1,"minecraft:dark_prismarine":61,"minecraft:sunflower":1,"minecraft:iron_pickaxe":1424,"minecraft:crimson_nylium":2,"minecraft:chiseled_stone_bricks":2,"deeperdarker:sculk_stone":4,"minecraft:cobblestone":404,"bosses_of_mass_destruction:charged_ender_pearl":641,"minecraft:sandstone_slab":1,"minecraft:kelp":188,"alexscaves:radrock":77,"minecraft:jukebox":1,"stalwart_dungeons:pusher":2,"create:scorchia":1,"minecraft:diamond_hoe":369,"minecraft:shield":154,"minecraft:iron_sword":35,"minecraft:zombie_spawn_egg":5,"alexscaves:galena":133,"minecraft:player_head":1,"minecraft:smooth_sandstone_stairs":1,"minecraft:iron_chestplate":1,"create:analog_lever":3,"minecraft:nether_bricks":27,"minecraft:carrot":13,"minecraft:tuff":1,"minecraft:axolotl_bucket":9,"minecraft:glass":139,"tmg:the_imp_spawn_egg":1,"minecraft:cyan_terracotta":7,"minecraft:coal_ore":4,"minecraft:packed_mud":8,"minecraft:iron_helmet":3,"alexscaves:amber":123,"minecraft:stone_bricks":6,"minecraft:bedrock":5,"minecraft:brown_carpet":1,"minecraft:magma_block":15,"minecraft:hay_block":1,"minecraft:scaffolding":1,"alexscaves:sulfur_cluster":1,"minecraft:polished_blackstone_stairs":4,"bygonenether:cobbled_blackstone":5,"minecraft:dark_oak_stairs":1,"minecraft:ender_pearl":3,"iammusicplayer:music_manager":5,"minecraft:yellow_terracotta":14,"alexscaves:cave_book":16,"minecraft:light_gray_terracotta":1,"minecraft:stone_brick_wall":3,"minecraft:note_block":2,"minecraft:redstone_torch":9,"minecraft:black_concrete":536,"minecraft:melon_slice":30,"minecraft:gravel":23,"minecraft:granite_slab":1,"minecraft:stripped_oak_wood":35,"minecraft:grindstone":5,"minecraft:andesite":10,"minecraft:cobweb":5,"minecraft:golden_pickaxe":90,"minecraft:experience_bottle":81,"graveyard:sarcophagus":1,"minecraft:cracked_deepslate_bricks":2,"stalwart_dungeons:propulk_spawn_egg":3,"minecraft:spruce_planks":251,"minecraft:hopper":73,"illagerinvasion:illusioner_spawn_egg":1,"minecraft:diamond_helmet":1,"minecraft:shulker_box":87,"alexscaves:spawn_egg_nucleeper":1,"cataclysm:sandstone_falling_trap":9,"minecraft:granite":15,"minecraft:dark_oak_planks":12,"paraglider:horned_statue":1,"minecraft:bookshelf":21,"minecraft:polished_blackstone_brick_stairs":8,"minecraft:crimson_planks":4,"alexscaves:spelunkery_table":5,"cataclysm:abyss_eye":13,"cataclysm:obsidian_brick_stairs":9,"minecraft:golden_carrot":144,"create:small_veridium_bricks":160,"alexsmobs:spawn_egg_shoebill":2,"minecraft:brown_bed":3,"minecraft:cooked_mutton":10,"minecraft:polished_andesite":22,"minecraft:mud_brick_slab":2,"minecraft:cyan_candle":3,"easy_npc:easy_npc_preset":2,"minecraft:copper_block":3,"minecraft:black_shulker_box":54,"minecraft:cobblestone_slab":104,"minecraft:polished_blackstone_pressure_plate":27,"minecraft:terracotta":3,"minecraft:book":3,"alexscaves:pewen_planks":176,"minecraft:acacia_stairs":1,"minecraft:apple":21,"endermanoverhaul:warped_pearl":1,"minecraft:cracked_polished_blackstone_bricks":17,"cataclysm:flame_eye":13,"minecraft:white_banner":4,"minecraft:bucket":301,"minecraft:polished_blackstone_button":23,"minecraft:purple_carpet":1,"minecraft:smooth_stone":1,"minecraft:splash_potion":8,"minecraft:soul_torch":1}},"DataVersion":3465}