{"stats":{"minecraft:used":{"alexsmobs:animal_dictionary":3},"minecraft:custom":{"minecraft:jump":117,"minecraft:open_chest":2,"minecraft:time_since_rest":14400,"minecraft:open_enderchest":3,"minecraft:walk_on_water_one_cm":274,"minecraft:waystone_activated":8,"minecraft:damage_dealt":40,"minecraft:crouch_one_cm":41845,"minecraft:damage_taken":105,"minecraft:sprint_one_cm":25259,"minecraft:play_time":14400,"minecraft:time_since_death":14400,"minecraft:walk_one_cm":56320,"minecraft:sneak_time":5508,"minecraft:total_world_time":14400,"minecraft:walk_under_water_one_cm":393,"minecraft:swim_one_cm":3118,"minecraft:fall_one_cm":894,"minecraft:fly_one_cm":10587,"minecraft:leave_game":1,"minecraft:open_barrel":7}},"DataVersion":3465}