{"stats":{"minecraft:custom":{"minecraft:time_since_rest":60222,"minecraft:waystone_activated":9,"minecraft:interact_with_furnace":1,"minecraft:sprint_one_cm":211839,"minecraft:open_enderchest":3,"minecraft:damage_taken":653,"minecraft:walk_one_cm":477794,"minecraft:drop":6,"minecraft:damage_dealt":82,"minecraft:swim_one_cm":17188,"minecraft:interact_with_crafting_table":1,"minecraft:fly_one_cm":308294,"minecraft:open_barrel":7,"minecraft:open_chest":5,"minecraft:crouch_one_cm":82715,"minecraft:play_time":60222,"minecraft:sneak_time":9309,"minecraft:walk_under_water_one_cm":14442,"minecraft:jump":1442,"minecraft:leave_game":4,"minecraft:walk_on_water_one_cm":12080,"minecraft:time_since_death":60222,"minecraft:total_world_time":60222,"minecraft:fall_one_cm":41844},"minecraft:picked_up":{"minecraft:stone":3,"minecraft:cooked_beef":2,"minecraft:water_bucket":1,"minecraft:torch":14,"minecraft:diamond_sword":1,"minecraft:sand":195,"alexsmobs:cooked_kangaroo_meat":68,"minecraft:glass":66,"minecraft:diamond_chestplate":1,"minecraft:diamond_leggings":1,"minecraft:diamond_boots":1,"minecraft:diamond_axe":1,"minecraft:white_concrete":1,"minecraft:diamond_helmet":1,"minecraft:obsidian":3,"minecraft:diamond_pickaxe":2},"minecraft:mined":{"graveyard:small_light_gray_urn":1,"minecraft:torch":2,"minecraft:sand":2},"minecraft:dropped":{"minecraft:water_bucket":1,"minecraft:white_concrete":1,"minecraft:obsidian":3,"minecraft:sand":1},"minecraft:used":{"minecraft:glass":66,"minecraft:water_bucket":7,"minecraft:diamond_boots":1,"minecraft:stone":2,"minecraft:diamond_axe":1,"minecraft:diamond_chestplate":1,"minecraft:torch":2,"minecraft:diamond_sword":8,"minecraft:sand":76,"alexsmobs:cooked_kangaroo_meat":8,"minecraft:bucket":7,"alexsmobs:animal_dictionary":3,"minecraft:diamond_helmet":1,"minecraft:cooked_beef":2,"minecraft:diamond_leggings":1}},"DataVersion":3465}