{"stats":{"minecraft:picked_up":{"alexscaves:waste_drum":20,"alexscaves:tough_hide":10,"minecraft:smithing_table":1,"minecraft:lead":4,"minecraft:stone_slab":1,"minecraft:enchanted_book":22,"lightmanscurrency:coin_diamond":157,"minecraft:polished_deepslate":27,"minecraft:polished_blackstone_brick_stairs":1,"minecraft:string":106,"alexscaves:energized_galena_scarlet":7,"paraglider:deku_leaf":3,"minecraft:shroomlight":3,"minecraft:diamond_leggings":2,"alexscaves:azure_magnet":1,"minecraft:horn_coral_block":61,"minecraft:bubble_coral":4,"minecraft:acacia_log":7,"minecraft:honeycomb_block":4,"minecraft:green_terracotta":1,"minecraft:golden_chestplate":1,"lightmanscurrency:coin_emerald":157,"alexscaves:ominous_catalyst":2,"minecraft:orange_bed":6,"minecraft:stone_sword":3,"minecraft:horn_coral_fan":23,"minecraft:glowstone":94,"alexscaves:primitive_club":1,"supplementaries:ash":53,"minecraft:blaze_rod":30,"minecraft:iron_bars":12,"minecraft:snowball":391,"minecraft:sponge":4,"minecraft:cooked_beef":34,"minecraft:feather":12,"minecraft:water_bucket":3,"alexsmobs:bison_fur":12,"minecraft:flint":91,"alexsmobs:cooked_kangaroo_meat":65,"minecraft:lantern":24,"alexscaves:galena":66,"cataclysm:koboleton_bone":16,"minecraft:stonecutter":1,"minecraft:stripped_acacia_wood":4,"minecraft:stripped_spruce_log":18,"alexscaves:smooth_bone_wall":1,"minecraft:polished_andesite":1,"create:crimsite":8,"minecraft:deepslate":287,"cataclysm:mech_eye":7,"minecraft:lever":2,"minecraft:granite":52,"alexscaves:heart_of_iron":2,"minecraft:rooted_dirt":10,"eeeabsmobs:guardian_core":1,"minecraft:crimson_roots":1,"minecraft:diamond_pickaxe":7,"alexscaves:raw_scarlet_neodymium":69,"minecraft:bee_nest":1,"alexscaves:primal_magma":93,"minecraft:clay_ball":8,"friendsandfoes:totem_of_illusion":5,"minecraft:stripped_cherry_log":1,"paraglider:heart_container":2,"minecraft:fire_coral":4,"minecraft:cornflower":1,"minecraft:acacia_door":1,"minecraft:white_carpet":2,"create:scorchia":11,"create:deepslate_zinc_ore":1,"minecraft:netherite_sword":7,"minecraft:poppy":5,"alexscaves:amber_monolith":1,"minecraft:birch_sapling":46,"minecraft:copper_ore":19,"minecraft:stone":9051,"minecraft:raw_gold_block":4,"alexscaves:cycad":17,"minecraft:mangrove_trapdoor":1,"minecraft:diamond_chestplate":1,"minecraft:hay_block":1,"stalwart_dungeons:tungsten_axe":1,"minecraft:cracked_deepslate_bricks":13,"minecraft:totem_of_undying":7,"minecraft:rail":1,"minecraft:bone_block":26,"minecraft:emerald_ore":1,"eeeabsmobs:guling_eye":16,"minecraft:tripwire_hook":10,"alexscaves:sulfur_dust":16,"minecraft:packed_mud":97,"immersive_melodies:bagpipe":2,"alexscaves:charred_remnant":19,"alexscaves:ambersol":1,"alexsmobs:mosquito_proboscis":1,"minecraft:paper":16,"alexscaves:pewen_sapling":9,"bountiful:bounty":1,"minecraft:apple":33,"alexsmobs:cockroach_wing_fragment":3,"alexscaves:green_soylent":12,"minecraft:iron_ore":25,"alexsmobs:fish_bones":1,"minecraft:sweet_berries":17,"minecraft:red_wool":3,"minecraft:cracked_nether_bricks":3,"minecraft:weathered_copper":1,"alexscaves:bone_ribs":11,"minecraft:crying_obsidian":20,"illagerinvasion:illusionary_dust":6,"alexscaves:smooth_bone":4,"lightmanscurrency:coin_copper":2653,"alexscaves:mussel":6,"minecraft:coal_ore":156,"alexscaves:smooth_limestone_stairs":1,"minecraft:slime_ball":1,"alexsmobs:rainbow_jelly":3,"minecraft:painting":1,"minecraft:deepslate_redstone_ore":2,"alexscaves:scarlet_neodymium_pillar":34,"minecraft:lodestone":1,"minecraft:hopper":4,"alexscaves:radgill":5,"minecraft:light_blue_concrete":130,"illagerinvasion:platinum_chunk":38,"bygonenether:withered_blackstone":1,"supplementaries:bomb_blue":1,"minecraft:lapis_block":1,"minecraft:dead_tube_coral_block":2,"alexscaves:scrap_metal_plate":1,"alexscaves:magnetic_activator":1,"alexsmobs:blood_sac":10,"minecraft:smooth_stone":3,"minecraft:bucket":1,"alexscaves:magnetic_light":20,"minecraft:rose_bush":12,"minecraft:azalea":1,"minecraft:iron_pickaxe":2,"alexscaves:flytrap":1,"minecraft:birch_trapdoor":41,"minecraft:polished_deepslate_stairs":4,"alexscaves:raw_azure_neodymium":79,"alexscaves:nuclear_bomb":1,"minecraft:diorite":10,"create:framed_glass":61,"minecraft:vine":41,"minecraft:rotten_flesh":310,"endermanoverhaul:bubble_pearl":3,"alexsmobs:emu_egg":2,"eeeabsmobs:tomb_gas_trap":1,"minecraft:deepslate_brick_stairs":1,"minecraft:obsidian":41,"alexsmobs:mungal_spores":1,"minecraft:cobblestone":4569,"minecraft:enchanting_table":1,"minecraft:pink_petals":112,"thedirtystuff:cocaine_seed":3,"minecraft:lilac":2,"bosses_of_mass_destruction:charged_ender_pearl":1,"minecraft:andesite":398,"minecraft:black_bed":1,"minecraft:beacon":9,"minecraft:potato":4,"alexscaves:sulfur_bud_large":1,"alexscaves:lanternfish":8,"minecraft:dirt":2101,"minecraft:stripped_birch_log":7,"minecraft:glass":622,"minecraft:bone":419,"minecraft:acacia_planks":2,"alexscaves:toxic_paste":24,"minecraft:bow":5,"minecraft:wheat_seeds":135,"alexscaves:quarry":5,"minecraft:birch_wood":1,"minecraft:grindstone":2,"friendsandfoes:wildfire_crown_fragment":5,"minecraft:mossy_stone_bricks":13,"minecraft:fletching_table":5,"camera:image":3,"alexscaves:abyssmarine":1,"alexscaves:uranium":85,"minecraft:nether_brick_stairs":2,"minecraft:grass_block":12,"minecraft:diamond_block":60,"minecraft:jungle_slab":3,"minecraft:mossy_cobblestone":11,"graveyard:upper_bone_staff":1,"minecraft:sugar":8,"minecraft:slime_block":4,"minecraft:soul_lantern":1,"waystones:waystone":13,"minecraft:cracked_polished_blackstone_bricks":12,"minecraft:crossbow":5,"minecraft:bone_meal":4,"minecraft:emerald":359,"minecraft:netherrack":845,"minecraft:azure_bluet":3,"minecraft:ladder":5,"minecraft:brown_mushroom":1,"minecraft:packed_ice":178,"stalwart_dungeons:soul_bricks":2,"minecraft:chain":23,"alexscaves:tectonic_shard":21,"minecraft:shield":6,"minecraft:brick":2,"alexscaves:metal_swarf":9,"minecraft:moss_carpet":22,"minecraft:mycelium":1,"minecraft:blackstone":17,"graveyard:corruption":89,"create:cut_limestone":2,"alexsmobs:elastic_tendon":8,"eeeabsmobs:immortal_block":2,"eeeabsmobs:guardian_axe":1,"alexscaves:fern_thatch":3,"minecraft:polished_blackstone_bricks":34,"minecraft:stone_pressure_plate":1,"minecraft:tube_coral":8,"minecraft:nether_bricks":13,"minecraft:pink_tulip":1,"minecraft:skeleton_skull":2,"minecraft:netherite_boots":4,"minecraft:basalt":108,"minecraft:golden_carrot":11,"minecraft:leather":29,"eeeabsmobs:tomb_summon_trap":1,"minecraft:ice":844,"cataclysm:bone_reptile_helmet":1,"minecraft:crimson_fungus":1,"alexscaves:pewen_planks":2,"minecraft:gunpowder":55,"alexscaves:ferrouslime_ball":19,"alexscaves:amber":853,"alexsmobs:unsettling_kimono":2,"alexscaves:azure_neodymium_node":1,"minecraft:red_carpet":25,"alexscaves:radrock":524,"minecraft:iron_ingot":30,"alexscaves:curly_fern":33,"alexscaves:sulfur":6,"alexscaves:enigmatic_engine":1,"minecraft:emerald_block":109,"minecraft:nether_quartz_ore":9,"minecraft:stone_brick_slab":7,"alexscaves:fissile_core":13,"minecraft:quartz":467,"minecraft:dandelion":6,"alexscaves:tree_star":111,"minecraft:amethyst_shard":5,"minecraft:light_blue_concrete_powder":5,"bygonenether:wither_waltz_music_disc":1,"minecraft:white_concrete_powder":44,"thedirtystuff:opium_seed":4,"lightmanscurrency:coin_netherite":17,"cataclysm:ancient_metal_ingot":21,"minecraft:cherry_sapling":156,"alexscaves:azure_neodymium_pillar":43,"minecraft:damaged_anvil":10,"minecraft:netherite_hoe":1,"alexscaves:ancient_sapling":102,"minecraft:seagrass":56,"minecraft:flower_pot":4,"minecraft:creeper_head":1,"minecraft:anvil":3,"minecraft:magenta_carpet":1,"minecraft:diamond_sword":2,"alexscaves:trilocaris_tail":18,"minecraft:wither_rose":1,"minecraft:brewing_stand":11,"alexscaves:azure_neodymium_ingot":2,"minecraft:golden_sword":1,"minecraft:amethyst_block":37,"paraglider:goddess_statue":1,"minecraft:soul_soil":11,"alexscaves:rusty_barrel":1,"alexscaves:pure_darkness":9,"minecraft:red_nether_bricks":2,"minecraft:gold_nugget":26,"minecraft:cobbled_deepslate":1618,"bosses_of_mass_destruction:soul_star":17,"minecraft:spruce_planks":273,"alexscaves:tremorsaurus_egg":3,"minecraft:melon_slice":1,"minecraft:coal_block":27,"minecraft:golden_helmet":1,"minecraft:beehive":2,"minecraft:green_bed":2,"tmg:seeker":1,"cataclysm:kobolediator_skull":1,"minecraft:cherry_log":369,"cataclysm:music_disc_ancient_remnant":1,"minecraft:tropical_fish":1,"minecraft:iron_block":7,"minecraft:cyan_terracotta":15,"alexscaves:smooth_bone_stairs":1,"alexscaves:notor_gizmo":14,"alexsmobs:flying_fish":1,"minecraft:birch_log":551,"minecraft:magma_block":126,"bosses_of_mass_destruction:levitation_block":12,"minecraft:jungle_log":1021,"minecraft:acacia_leaves":1,"cataclysm:coral_spear":1,"minecraft:gray_concrete":2,"stalwart_dungeons:blaze_armor_scrap":8,"bosses_of_mass_destruction:void_lily":24,"minecraft:glowstone_dust":126,"minecraft:moss_block":28,"alexscaves:amber_curiosity":13,"bosses_of_mass_destruction:crystal_fruit":3,"alexscaves:metal_scaffolding":2,"minecraft:crimson_door":1,"minecraft:loom":1,"minecraft:dark_oak_log":342,"cataclysm:lionfish":1,"minecraft:dead_brain_coral_block":3,"cataclysm:sandstone_falling_trap":5,"minecraft:blue_ice":3,"minecraft:bread":4,"alexsmobs:maggot":5,"minecraft:cherry_slab":70,"minecraft:coarse_dirt":26,"minecraft:crafting_table":17,"minecraft:bubble_coral_fan":27,"minecraft:nether_wart":191,"alexsmobs:froststalker_horn":1,"minecraft:dead_horn_coral_block":5,"minecraft:jungle_trapdoor":8,"minecraft:red_bed":1,"alexscaves:fiddlehead":7,"alexscaves:scrap_metal":2,"minecraft:cracked_stone_bricks":10,"minecraft:deepslate_diamond_ore":11,"minecraft:iron_nugget":156,"minecraft:chest":15,"cataclysm:necklace_of_the_desert":1,"minecraft:egg":1,"minecraft:sandstone":451,"minecraft:polished_deepslate_slab":4,"alexsmobs:straddlite":1,"minecraft:spruce_fence":1,"bosses_of_mass_destruction:void_thorn":2,"minecraft:skull_pottery_sherd":1,"minecraft:carrot":1,"minecraft:redstone":171,"minecraft:beetroot_seeds":2,"minecraft:peony":2,"minecraft:tube_coral_fan":17,"minecraft:shears":3,"minecraft:deepslate_bricks":38,"minecraft:diamond_boots":2,"minecraft:warped_sign":2,"minecraft:tube_coral_block":66,"minecraft:gold_ingot":3,"minecraft:glow_berries":1,"minecraft:white_wool":1,"alexscaves:pewen_log":33,"minecraft:chiseled_bookshelf":4,"alexsmobs:acacia_blossom":1,"alexscaves:sulfur_bud_small":2,"supplementaries:urn":1,"alexscaves:depth_glass":55,"waystones:sandy_waystone":2,"minecraft:oak_log":445,"minecraft:ancient_debris":13,"minecraft:golden_boots":2,"minecraft:white_banner":11,"minecraft:stone_bricks":95,"alexscaves:immortal_embryo":1,"minecraft:kelp":149,"alexscaves:cooked_dinosaur_chop":2,"minecraft:cobweb":12,"minecraft:glass_bottle":26,"lightmanscurrency:coin_iron":1127,"minecraft:flowering_azalea":2,"elevatorid:elevator_white":5,"minecraft:dark_oak_slab":19,"minecraft:gravel":2165,"minecraft:dead_fire_coral_block":5,"minecraft:birch_stairs":4,"minecraft:spruce_sapling":233,"alexscaves:scarlet_magnet":1,"minecraft:spruce_log":900,"cataclysm:ancient_metal_block":1,"alexscaves:telecore":20,"minecraft:sea_lantern":3,"minecraft:stone_axe":1,"lightmanscurrency:coin_gold":678,"alexscaves:pine_nuts":10,"minecraft:diamond_axe":3,"minecraft:warped_roots":1,"alexscaves:cave_map":1,"minecraft:stripped_dark_oak_log":4,"minecraft:crimson_nylium":1,"minecraft:ender_pearl":75,"minecraft:shulker_shell":16,"alexsmobs:cosmic_cod":1,"minecraft:wheat":3,"minecraft:redstone_block":8,"minecraft:iron_trapdoor":1,"minecraft:potion":7,"minecraft:brain_coral_block":42,"minecraft:nether_brick":15,"minecraft:crimson_planks":2,"minecraft:raw_copper":83,"alexscaves:acidic_radrock":1,"minecraft:sea_pickle":59,"minecraft:deepslate_tiles":47,"minecraft:tnt_minecart":5,"minecraft:redstone_torch":10,"minecraft:calcite":2,"thedirtystuff:hemp_seed":6,"minecraft:furnace":5,"minecraft:iron_boots":1,"minecraft:stick":529,"minecraft:torch":249,"alexscaves:heavy_bone":10,"minecraft:porkchop":16,"minecraft:pointed_dripstone":1,"graveyard:dark_iron_trapdoor":1,"minecraft:quartz_block":14,"minecraft:cactus":3,"supplementaries:antique_ink":6,"graveyard:gray_urn":1,"minecraft:fire_coral_fan":21,"alexscaves:energized_galena_azure":18,"paraglider:paraglider":2,"progressivebosses:nether_star_shard":4,"cataclysm:music_disc_the_harbinger":1,"minecraft:magma_cream":13,"paraglider:spirit_orb":105,"minecraft:tuff":20,"supplementaries:flax_seeds":2,"minecraft:horn_coral":8,"minecraft:wither_skeleton_skull":6,"alexsmobs:rocky_shell":1,"minecraft:lapis_lazuli":47,"alexscaves:quarry_smasher":2,"minecraft:raw_gold":14,"minecraft:cobbled_deepslate_slab":1,"minecraft:powered_rail":1,"minecraft:oak_planks":131,"minecraft:brain_coral":4,"friendsandfoes:totem_of_freezing":4,"minecraft:cooked_porkchop":12,"graveyard:bone_dagger":2,"minecraft:jungle_planks":11,"alexscaves:energized_galena_neutral":6,"minecraft:sand":2695,"minecraft:dead_bush":1,"minecraft:cyan_bed":4,"minecraft:chiseled_sandstone":1,"minecraft:shulker_box":5,"minecraft:dark_prismarine":7,"minecraft:black_concrete":5,"minecraft:spruce_boat":5,"minecraft:diamond":94,"eeeabsmobs:guardians_music_disc":1,"minecraft:white_concrete":791,"cataclysm:ancient_metal_nugget":6,"minecraft:nether_star":3,"minecraft:bubble_coral_block":43,"minecraft:oak_sapling":89,"cataclysm:sandstone_ignite_trap":8,"minecraft:allium":19,"create:polished_cut_ochrum":5,"alexscaves:metal_barrel":3,"minecraft:gold_block":233,"minecraft:stone_stairs":35,"illagerinvasion:unusual_dust":5,"minecraft:iron_axe":5,"alexscaves:scarlet_neodymium_ingot":26,"alexscaves:dinosaur_chop":15,"minecraft:cyan_carpet":1,"minecraft:oak_boat":12,"minecraft:observer":1,"minecraft:lectern":394,"supplementaries:cage":248,"minecraft:phantom_membrane":35,"minecraft:spruce_trapdoor":5,"minecraft:dark_oak_sapling":167,"minecraft:raw_iron":300,"minecraft:stripped_mangrove_wood":6,"minecraft:copper_ingot":8,"bygonenether:cobbled_blackstone":12,"cataclysm:witherite_block":1,"eeeabsmobs:ancient_drive_crystal":1,"minecraft:magenta_shulker_box":131,"minecraft:dark_oak_planks":1,"minecraft:arrow":275,"alexscaves:pewen_wood":2,"paraglider:horned_statue":1,"bosses_of_mass_destruction:ancient_anima":2,"minecraft:wet_sponge":7,"minecraft:cracked_deepslate_tiles":26,"minecraft:glow_ink_sac":3,"minecraft:cut_sandstone":1,"alexscaves:sulfur_bud_medium":3,"alexscaves:heavyweight":5,"alexscaves:limestone":298,"minecraft:piglin_head":2,"minecraft:podzol":1,"minecraft:smooth_sandstone":15,"minecraft:fire_coral_block":79,"cataclysm:sandstorm_in_a_bottle":1,"bygonenether:withered_coal_block":17,"minecraft:acacia_sapling":8,"minecraft:soul_sand":271,"stalwart_dungeons:transient_block_close":46,"minecraft:book":254,"minecraft:scaffolding":4,"minecraft:chiseled_stone_bricks":1,"minecraft:raw_iron_block":18,"minecraft:brain_coral_fan":15,"cataclysm:remnant_skull":1,"minecraft:blast_furnace":3,"minecraft:white_bed":2,"minecraft:green_carpet":3,"minecraft:mossy_stone_brick_slab":1,"minecraft:spider_eye":47,"cataclysm:bone_reptile_chestplate":2,"minecraft:honey_block":4,"minecraft:dead_bubble_coral_block":5,"minecraft:coal":478},"minecraft:dropped":{"bosses_of_mass_destruction:charged_ender_pearl":1,"minecraft:porkchop":16,"minecraft:crafting_table":1,"minecraft:cracked_stone_bricks":3,"bygonenether:withered_coal_block":17,"graveyard:corruption":2,"minecraft:gray_concrete":2,"supplementaries:urn":1,"minecraft:gold_nugget":3,"minecraft:sand":474,"minecraft:dark_oak_planks":1,"minecraft:ancient_debris":4,"minecraft:iron_nugget":11,"minecraft:cobbled_deepslate":236,"minecraft:netherite_sword":4,"camera:image":1,"minecraft:rotten_flesh":28,"minecraft:oak_planks":14,"minecraft:azure_bluet":2,"minecraft:dead_fire_coral_block":1,"bosses_of_mass_destruction:soul_star":1,"minecraft:acacia_sapling":1,"minecraft:painting":1,"minecraft:red_nether_bricks":1,"minecraft:glass":64,"minecraft:wheat_seeds":15,"minecraft:book":4,"minecraft:cobweb":2,"minecraft:wooden_axe":1,"minecraft:potion":3,"alexscaves:primitive_club":1,"minecraft:smooth_sandstone":4,"minecraft:acacia_planks":8,"minecraft:stone_brick_slab":2,"minecraft:netherite_hoe":1,"minecraft:experience_bottle":48,"minecraft:white_carpet":1,"alexscaves:tree_star":11,"minecraft:iron_boots":1,"minecraft:polished_deepslate_stairs":2,"minecraft:shears":3,"lightmanscurrency:coin_gold":350,"supplementaries:cage":1,"minecraft:diamond_sword":4,"minecraft:sea_pickle":4,"minecraft:spruce_planks":56,"minecraft:diamond_pickaxe":9,"minecraft:sandstone":127,"lightmanscurrency:coin_iron":84,"minecraft:bow":1,"minecraft:magma_block":117,"minecraft:moss_block":9,"minecraft:nether_star":1,"illagerinvasion:unusual_dust":2,"minecraft:mangrove_planks":10,"minecraft:cracked_polished_blackstone_bricks":5,"alexscaves:cave_map":1,"paraglider:paraglider":2,"alexscaves:pewen_sapling":1,"paraglider:deku_leaf":3,"minecraft:iron_ore":1,"cataclysm:bone_reptile_helmet":1,"minecraft:cherry_log":3,"minecraft:lilac":1,"minecraft:amethyst_block":9,"minecraft:tropical_fish":1,"minecraft:kelp":2,"friendsandfoes:totem_of_freezing":1,"friendsandfoes:wildfire_crown_fragment":5,"lightmanscurrency:coin_diamond":172,"minecraft:totem_of_undying":1,"thedirtystuff:cocaine_seed":3,"minecraft:andesite":41,"minecraft:oak_sapling":35,"minecraft:wooden_pickaxe":1,"alexscaves:pure_darkness":1,"minecraft:brick":1,"minecraft:cooked_beef":9,"alexscaves:curly_fern":5,"alexscaves:flytrap":1,"alexscaves:quarry_smasher":2,"minecraft:rooted_dirt":3,"minecraft:red_carpet":1,"minecraft:red_shulker_box":1,"minecraft:dirt":12,"minecraft:cracked_deepslate_tiles":1,"minecraft:chain":6,"minecraft:phantom_membrane":1,"minecraft:sugar":5,"minecraft:iron_pickaxe":2,"alexscaves:amber_curiosity":3,"minecraft:bone":180,"graveyard:dark_iron_trapdoor":1,"minecraft:emerald_block":50,"minecraft:golden_chestplate":1,"minecraft:nether_brick":13,"minecraft:birch_sapling":1,"alexscaves:pewen_planks":2,"supplementaries:flax_seeds":1,"minecraft:deepslate_tiles":8,"minecraft:ladder":5,"minecraft:enchanted_book":10,"minecraft:iron_ingot":2,"alexscaves:raw_azure_neodymium":3,"minecraft:mangrove_trapdoor":1,"minecraft:tnt":64,"lightmanscurrency:coin_emerald":2,"thedirtystuff:hemp_seed":4,"minecraft:feather":1,"minecraft:cobblestone":142,"minecraft:apple":4,"minecraft:granite":24,"graveyard:bone_dagger":1,"minecraft:coal":12,"alexscaves:trilocaris_tail":3,"alexscaves:ancient_sapling":2,"minecraft:rose_bush":1,"minecraft:diamond_helmet":1,"alexscaves:limestone":8,"graveyard:gray_urn":1,"minecraft:string":5,"minecraft:spruce_sapling":18,"minecraft:moss_carpet":11,"minecraft:netherite_ingot":1,"minecraft:deepslate":23,"minecraft:polished_deepslate_slab":1,"alexsmobs:cooked_kangaroo_meat":301,"minecraft:stone":4,"minecraft:spider_eye":9,"cataclysm:sandstone_falling_trap":5,"minecraft:dark_prismarine":4,"minecraft:diamond_axe":2,"lightmanscurrency:coin_copper":191,"cataclysm:lionfish":1,"minecraft:netherite_upgrade_smithing_template":1,"create:crimsite":8,"minecraft:flint":2,"minecraft:cyan_terracotta":5,"thedirtystuff:opium_seed":4,"minecraft:polished_blackstone_bricks":2,"minecraft:gravel":272,"bountiful:bounty":2,"alexscaves:amber":1,"minecraft:cherry_sapling":1,"minecraft:poppy":2,"supplementaries:ash":16,"minecraft:gunpowder":8,"lightmanscurrency:coin_netherite":5,"minecraft:azalea":1,"minecraft:arrow":73,"minecraft:quartz":3,"minecraft:netherrack":4,"alexscaves:nuclear_bomb":1,"minecraft:water_bucket":1,"minecraft:magenta_carpet":1,"bygonenether:wither_waltz_music_disc":1,"minecraft:mossy_cobblestone":2,"minecraft:diamond_leggings":3,"minecraft:lead":1,"minecraft:stick":21,"illagerinvasion:platinum_chunk":3,"tmg:seeker":1,"cataclysm:bone_reptile_chestplate":2,"minecraft:torch":28,"minecraft:pink_petals":4,"minecraft:bucket":2,"alexscaves:extinction_spear":1,"minecraft:dandelion":3,"alexsmobs:maggot":2,"minecraft:coarse_dirt":6,"minecraft:tuff":13,"minecraft:raw_iron":1,"minecraft:stripped_acacia_wood":4,"alexscaves:ominous_catalyst":2,"minecraft:shield":1,"minecraft:diamond_chestplate":1,"minecraft:mossy_stone_bricks":7,"minecraft:diamond_boots":3,"minecraft:stone_pickaxe":1,"minecraft:nether_quartz_ore":2,"create:framed_glass":1,"minecraft:cracked_deepslate_bricks":2,"minecraft:calcite":2},"minecraft:custom":{"minecraft:interact_with_crafting_table":256,"minecraft:play_time":3410151,"minecraft:jump":40240,"minecraft:inspect_dispenser":3,"minecraft:horse_one_cm":2,"minecraft:interact_with_anvil":77,"minecraft:inspect_hopper":9,"minecraft:time_since_rest":102128,"minecraft:swim_one_cm":2222497,"minecraft:open_chest":3013,"minecraft:open_shulker_box":2621,"minecraft:damage_resisted":1952,"minecraft:talked_to_villager":1077,"minecraft:interact_with_brewingstand":58,"minecraft:interact_with_beacon":28,"minecraft:raid_win":1,"minecraft:boat_one_cm":7859,"minecraft:damage_taken":38445,"minecraft:open_barrel":134,"minecraft:eat_cake_slice":3,"minecraft:leave_game":45,"minecraft:time_since_death":3410151,"minecraft:interact_with_furnace":423,"minecraft:traded_with_villager":1023,"minecraft:sleep_in_bed":47,"minecraft:waystone_activated":37,"minecraft:damage_dealt":312495,"minecraft:interact_with_smithing_table":5,"minecraft:damage_dealt_absorbed":4934,"minecraft:sneak_time":117862,"minecraft:interact_with_lectern":2,"minecraft:interact_with_blast_furnace":2,"minecraft:total_world_time":3410151,"minecraft:interact_with_stonecutter":11,"minecraft:fly_one_cm":10588482,"minecraft:fall_one_cm":1319369,"minecraft:animals_bred":3,"minecraft:sprint_one_cm":5362491,"minecraft:drop":661,"minecraft:walk_on_water_one_cm":622510,"minecraft:interact_with_loom":12,"minecraft:open_enderchest":98,"minecraft:crouch_one_cm":632220,"minecraft:mob_kills":1319,"minecraft:climb_one_cm":104748,"minecraft:walk_one_cm":7877795,"minecraft:walk_under_water_one_cm":1212206,"minecraft:raid_trigger":3,"minecraft:pot_flower":1,"minecraft:interact_with_grindstone":8,"minecraft:damage_absorbed":3528,"minecraft:trigger_trapped_chest":5},"minecraft:used":{"minecraft:moss_block":11,"minecraft:stone":1221,"minecraft:rotten_flesh":1,"minecraft:tube_coral":8,"minecraft:soul_sand":66,"minecraft:cracked_deepslate_tiles":224,"minecraft:deepslate_brick_slab":2,"minecraft:snowball":1,"minecraft:azure_bluet":1,"alexsmobs:potted_flutter":1,"minecraft:spruce_boat":5,"minecraft:packed_ice":42,"minecraft:lava_bucket":1,"friendsandfoes:totem_of_illusion":4,"minecraft:quartz_block":14,"minecraft:dark_oak_slab":19,"minecraft:bow":247,"minecraft:mossy_stone_bricks":6,"minecraft:damaged_anvil":5,"cataclysm:mech_eye":7,"minecraft:blackstone":30,"minecraft:wooden_pickaxe":21,"alexsmobs:blobfish_bucket":1,"minecraft:golden_apple":42,"alexsmobs:devils_hole_pupfish_bucket":3,"bygonenether:withered_blackstone":1,"minecraft:diamond_sword":272,"minecraft:smithing_table":1,"minecraft:birch_log":421,"minecraft:oak_boat":11,"alexscaves:green_soylent":7,"minecraft:enchanting_table":1,"minecraft:dead_tube_coral_block":2,"minecraft:torch":414,"minecraft:brewing_stand":6,"alexscaves:pewen_sapling":5,"minecraft:iron_block":7,"minecraft:cherry_slab":70,"minecraft:basalt":75,"minecraft:cherry_log":178,"minecraft:horn_coral_fan":23,"minecraft:tube_coral_block":47,"minecraft:deepslate_bricks":285,"alexscaves:primitive_club":16,"minecraft:polished_deepslate_slab":3,"minecraft:diamond_block":56,"minecraft:red_bed":1,"minecraft:white_bed":3,"minecraft:spruce_log":401,"minecraft:diamond_pickaxe":18545,"minecraft:diamond_shovel":6615,"alexscaves:extinction_spear":189,"minecraft:spruce_trapdoor":9,"minecraft:spruce_sapling":21,"minecraft:green_carpet":2,"bountiful:bountyboard":1,"minecraft:potion":11,"minecraft:cooked_porkchop":33,"bosses_of_mass_destruction:levitation_block":12,"cataclysm:bone_reptile_helmet":2,"minecraft:brush":6,"alexscaves:nuclear_bomb":2,"minecraft:dandelion":1,"minecraft:moss_carpet":1,"alexsmobs:large_catfish_bucket":7,"minecraft:cherry_sapling":13,"minecraft:polished_deepslate":303,"minecraft:nether_wart":132,"minecraft:bubble_coral":4,"minecraft:mossy_stone_brick_slab":1,"alexsmobs:medium_catfish_bucket":3,"paraglider:goddess_statue":2,"minecraft:jungle_planks":41,"minecraft:obsidian":10,"minecraft:lantern":47,"minecraft:deepslate_diamond_ore":10,"minecraft:birch_trapdoor":43,"minecraft:horn_coral":8,"minecraft:gold_block":179,"minecraft:dark_oak_sapling":17,"minecraft:tube_coral_fan":16,"minecraft:wither_skeleton_skull":6,"minecraft:stone_pickaxe":107,"minecraft:oak_planks":11,"minecraft:mangrove_planks":6,"minecraft:sandstone":122,"minecraft:diamond_axe":3456,"minecraft:light_blue_concrete":44,"minecraft:crossbow":47,"waystones:waystone":23,"minecraft:lever":2,"minecraft:dark_oak_log":56,"minecraft:bread":92,"minecraft:deepslate":20,"minecraft:light_blue_concrete_powder":98,"minecraft:coarse_dirt":3,"alexsmobs:comb_jelly_bucket":1,"minecraft:netherite_sword":4468,"minecraft:rose_bush":1,"minecraft:flint_and_steel":26,"minecraft:ender_chest":1,"bosses_of_mass_destruction:void_lily":24,"minecraft:dirt":372,"alexsmobs:maraca":17,"alexsmobs:cooked_kangaroo_meat":329,"alexscaves:limestone":34,"minecraft:golden_chestplate":1,"minecraft:spruce_fence":1,"alexscaves:waste_drum":1,"minecraft:wooden_axe":43,"minecraft:smooth_sandstone":4,"alexsmobs:platypus_bucket":3,"minecraft:netherite_pickaxe":6523,"minecraft:cooked_beef":35,"minecraft:dead_bubble_coral_block":5,"minecraft:enchanted_golden_apple":9,"alexscaves:dinosaur_nugget":2,"minecraft:snow_block":30,"minecraft:spruce_sign":9,"minecraft:cut_sandstone":1,"minecraft:green_bed":2,"bosses_of_mass_destruction:soul_star":11,"minecraft:wooden_hoe":4,"minecraft:flower_pot":2,"supplementaries:cage":404,"minecraft:stone_axe":15,"minecraft:pink_petals":12,"minecraft:fire_coral_block":65,"minecraft:cobbled_deepslate_slab":1,"minecraft:pumpkin_pie":10,"alexsmobs:animal_dictionary":2,"minecraft:sea_pickle":55,"minecraft:birch_stairs":81,"minecraft:peony":1,"minecraft:dead_horn_coral_block":5,"minecraft:ladder":8,"minecraft:chest":78,"alexscaves:scrap_metal_plate":1,"minecraft:jungle_slab":3,"alexsmobs:cosmic_cod_bucket":1,"minecraft:stripped_spruce_log":16,"minecraft:grass_block":8,"minecraft:birch_sapling":21,"minecraft:stone_brick_stairs":27,"friendsandfoes:totem_of_freezing":2,"minecraft:dark_oak_boat":1,"minecraft:furnace":18,"minecraft:seagrass":7,"minecraft:magenta_shulker_box":146,"minecraft:stripped_birch_log":4,"stalwart_dungeons:transient_block_close":10,"elevatorid:elevator_white":7,"minecraft:sand":1344,"minecraft:blue_ice":7,"minecraft:netherite_helmet":2,"eeeabsmobs:guling_eye":16,"minecraft:deepslate_tiles":261,"minecraft:chiseled_sandstone":1,"minecraft:cyan_carpet":1,"minecraft:lectern":397,"minecraft:bubble_coral_block":42,"minecraft:ice":543,"alexscaves:magnetic_light":20,"alexscaves:quarry":5,"create:framed_glass":747,"waystones:sandy_waystone":2,"minecraft:brain_coral_fan":14,"minecraft:mycelium":1,"minecraft:netherrack":417,"minecraft:orange_bed":4,"minecraft:anvil":3,"minecraft:stone_stairs":98,"minecraft:jungle_trapdoor":13,"minecraft:dead_brain_coral_block":3,"minecraft:iron_axe":242,"minecraft:tripwire_hook":3,"minecraft:glowstone":75,"minecraft:cobbled_deepslate":4,"alexscaves:quarry_smasher":2,"minecraft:water_bucket":1228,"minecraft:bubble_coral_fan":27,"minecraft:fletching_table":6,"minecraft:cracked_stone_bricks":7,"minecraft:polished_blackstone_bricks":2,"alexscaves:tremorzilla_egg":1,"minecraft:mossy_cobblestone":8,"minecraft:tnt":1,"minecraft:crafting_table":20,"minecraft:fire_coral":4,"minecraft:oak_log":17,"minecraft:iron_pickaxe":92,"minecraft:chiseled_stone_bricks":1,"minecraft:cobblestone":1293,"bosses_of_mass_destruction:charged_ender_pearl":80,"minecraft:kelp":56,"alexscaves:radrock":206,"minecraft:iron_shovel":225,"alexsmobs:small_catfish_bucket":4,"minecraft:white_concrete_powder":2176,"minecraft:nether_bricks":4,"minecraft:tuff":2,"minecraft:axolotl_bucket":12,"eeeabsmobs:guardian_axe":154,"minecraft:milk_bucket":6,"minecraft:glass":589,"minecraft:coal_ore":12,"alexscaves:amber":808,"minecraft:stone_bricks":366,"minecraft:red_carpet":23,"minecraft:scaffolding":4,"minecraft:fire_coral_fan":21,"alexscaves:depth_glass":4,"minecraft:ender_pearl":12,"minecraft:brain_coral":4,"minecraft:loom":2,"minecraft:sponge":4,"minecraft:black_bed":1,"minecraft:shears":46,"minecraft:black_concrete":5,"minecraft:cyan_bed":4,"minecraft:string":5,"minecraft:gravel":173,"minecraft:grindstone":2,"minecraft:andesite":6,"minecraft:cobweb":4,"minecraft:white_concrete":197,"minecraft:experience_bottle":1305,"minecraft:cracked_deepslate_bricks":217,"minecraft:spruce_planks":314,"alexscaves:ancient_sapling":55,"minecraft:white_carpet":1,"minecraft:hopper":16,"minecraft:shulker_box":10,"minecraft:granite":3,"minecraft:stone_brick_slab":196,"paraglider:horned_statue":1,"minecraft:bookshelf":18,"alexscaves:spelunkery_table":1,"minecraft:golden_carrot":48,"minecraft:emerald_block":47,"minecraft:horn_coral_block":52,"minecraft:brain_coral_block":38,"minecraft:iron_ore":1,"minecraft:glass_bottle":27,"minecraft:polished_andesite":1,"minecraft:beacon":10,"minecraft:stonecutter":1,"minecraft:dead_fire_coral_block":4,"minecraft:book":1,"minecraft:apple":22,"minecraft:cracked_polished_blackstone_bricks":5,"alexscaves:scrap_metal":1,"minecraft:white_banner":1,"minecraft:bucket":1258,"minecraft:splash_potion":2},"minecraft:killed":{"illagerinvasion:archivist":7,"illagerinvasion:basher":18,"endermanoverhaul:desert_enderman":1,"alexscaves:radgill":5,"graveyard:acolyte":12,"eeeabsmobs:guling_sentinel":15,"alexsmobs:straddler":4,"alexsmobs:centipede_head":2,"cataclysm:wadjet":2,"alexscaves:teletor":12,"alexscaves:gammaroach":9,"stalwart_dungeons:giddy_blaze":7,"cataclysm:ancient_remnant":1,"minecraft:pillager":52,"minecraft:zombie":185,"stalwart_dungeons:incomplete_wither":14,"alexscaves:trilocaris":28,"minecraft:evoker":5,"alexscaves:brainiac":8,"graveyard:corrupted_vindicator":30,"minecraft:endermite":1,"minecraft:vindicator":20,"cataclysm:koboleton":6,"cataclysm:deepling_angler":1,"minecraft:husk":7,"graveyard:ghoul":4,"cataclysm:the_watcher":12,"minecraft:ravager":6,"eeeabsmobs:guling_sentinel_heavy":1,"alexsmobs:gelada_monkey":13,"endermanoverhaul:coral_enderman":1,"minecraft:zombified_piglin":2,"minecraft:witch":8,"minecraft:spider":42,"cataclysm:the_harbinger":1,"minecraft:wither":3,"illagerinvasion:provoker":10,"minecraft:silverfish":2,"minecraft:piglin_brute":23,"minecraft:piglin":23,"alexsmobs:grizzly_bear":3,"minecraft:zombie_villager":7,"alexsmobs:stradpole":1,"illagerinvasion:alchemist":5,"alexsmobs:crimson_mosquito":12,"minecraft:ghast":3,"graveyard:corrupted_pillager":16,"minecraft:vex":26,"minecraft:slime":4,"alexscaves:nucleeper":5,"endermanoverhaul:scarab":2,"alexscaves:lanternfish":8,"alexsmobs:blue_jay":1,"bygonenether:wither_skeleton_knight":5,"minecraft:drowned":1,"bosses_of_mass_destruction:lich":1,"alexscaves:relicheirus":2,"friendsandfoes:iceologer":1,"stalwart_dungeons:reinforced_blaze":7,"eeeabsmobs:nameless_guardian":1,"easy_npc:humanoid":1,"minecraft:hoglin":17,"alexsmobs:emu":1,"endermanoverhaul:spirit":4,"alexsmobs:cockroach":2,"minecraft:wither_skeleton":37,"minecraft:cave_spider":3,"alexscaves:boundroid":3,"cataclysm:the_prowler":1,"alexsmobs:murmur":3,"graveyard:wraith":42,"minecraft:shulker":2,"minecraft:skeleton":91,"alexscaves:hullbreaker":1,"bosses_of_mass_destruction:gauntlet":1,"alexsmobs:skelewag":1,"cataclysm:kobolediator":1,"illagerinvasion:necromancer":4,"minecraft:magma_cube":35,"alexsmobs:seal":2,"cataclysm:deepling":3,"minecraft:cow":1,"graveyard:nightmare":2,"illagerinvasion:marauder":18,"alexscaves:ferrouslime":15,"alexsmobs:seagull":2,"creeperoverhaul:snowy_creeper":1,"bygonenether:wraither":7,"stalwart_dungeons:nether_wart_cocoon":2,"alexsmobs:rocky_roller":1,"alexscaves:grottoceratops":4,"minecraft:enderman":45,"alexsmobs:froststalker":1,"minecraft:illusioner":8,"alexscaves:notor":12,"illagerinvasion:inquisitor":2,"eeeabsmobs:immortal_golem":3,"minecraft:creeper":30,"illagerinvasion:sorcerer":2,"minecraft:stray":1,"alexsmobs:fly":2,"alexscaves:luxtructosaurus":1,"bygonenether:corpor":4,"minecraft:blaze":20,"alexscaves:vallumraptor":37,"stalwart_dungeons:propulk":6,"graveyard:revenant":1,"alexsmobs:rattlesnake":1,"minecraft:phantom":34,"alexsmobs:bison":3,"cataclysm:lionfish":1,"alexscaves:magnetron":4,"alexscaves:subterranodon":1,"bygonenether:wex":5},"minecraft:crafted":{"minecraft:blaze_powder":16,"minecraft:chain":13,"minecraft:diamond_shovel":1,"alexsmobs:froststalker_helmet":1,"paraglider:deku_leaf":2,"minecraft:shulker_box":24,"minecraft:diamond_helmet":2,"minecraft:beacon":1,"minecraft:light_blue_concrete_powder":136,"alexscaves:nuclear_bomb":1,"minecraft:name_tag":15,"alexscaves:uranium_rod":4,"alexscaves:quarry_smasher":2,"supplementaries:cage":62,"minecraft:fletching_table":1,"minecraft:cracked_deepslate_tiles":171,"waystones:warp_stone":15,"minecraft:stone_brick_stairs":28,"minecraft:lectern":4,"minecraft:wooden_hoe":1,"cataclysm:abyss_eye":1,"minecraft:iron_pickaxe":1,"alexscaves:quarry":1,"alexscaves:galena_gauntlet":1,"minecraft:netherite_ingot":2,"minecraft:golden_carrot":1,"minecraft:iron_nugget":144,"minecraft:experience_bottle":1344,"minecraft:soul_torch":16,"minecraft:stone_stairs":108,"minecraft:lantern":60,"alexscaves:tremorzilla_egg":1,"minecraft:red_shulker_box":1,"minecraft:stone_pickaxe":1,"minecraft:spruce_boat":1,"alexsmobs:stink_bottle":1,"alexscaves:cooked_dinosaur_chop":5,"minecraft:enchanting_table":1,"minecraft:deepslate_tiles":360,"minecraft:enchanted_book":49,"minecraft:soul_lantern":13,"minecraft:fermented_spider_eye":1,"bountiful:bountyboard":1,"minecraft:birch_trapdoor":36,"alexsmobs:medium_catfish_bucket":1,"alexscaves:polymer_plate":44,"minecraft:cherry_slab":108,"paraglider:goddess_statue":1,"minecraft:stone":8,"minecraft:stone_brick_slab":210,"minecraft:bow":1,"alexscaves:serene_salad":9,"minecraft:comparator":2,"minecraft:chest":86,"minecraft:ender_eye":6,"minecraft:stone_bricks":812,"minecraft:dropper":2,"eeeabsmobs:guling_eye":1,"minecraft:brush":1,"minecraft:cracked_deepslate_bricks":164,"immersive_melodies:lute":1,"alexscaves:cinder_block":6,"alexscaves:extinction_spear":2,"minecraft:tnt":72,"minecraft:spruce_trapdoor":4,"minecraft:stick":8236,"minecraft:iron_ingot":469,"alexscaves:resistor_shield":1,"alexsmobs:potted_flutter":1,"minecraft:deepslate_bricks":740,"alexscaves:packed_galena":6,"alexscaves:scrap_metal":5,"minecraft:netherite_sword":1,"graveyard:dark_iron_ingot":18,"immersive_melodies:trumpet":1,"minecraft:furnace":16,"minecraft:flint_and_steel":1,"alexsmobs:comb_jelly_bucket":1,"alexsmobs:platypus_bucket":1,"alexscaves:azure_neodymium_ingot":9,"immersive_melodies:piano":1,"tmg:seeker":1,"minecraft:white_concrete_powder":2560,"minecraft:birch_sign":3,"paraglider:paraglider":1,"elevatorid:elevator_white":2,"minecraft:nether_star":1,"cataclysm:flame_eye":1,"alexscaves:hazmat_chestplate":1,"alexscaves:scrap_metal_plate":4,"minecraft:mangrove_planks":24,"minecraft:jungle_planks":3736,"alexsmobs:maraca":1,"minecraft:white_dye":3294,"minecraft:stonecutter":1,"minecraft:torch":420,"minecraft:diamond_chestplate":1,"minecraft:ender_chest":1,"minecraft:birch_slab":48,"waystones:waystone":15,"minecraft:loom":1,"minecraft:lever":2,"minecraft:bookshelf":22,"alexsmobs:stink_ray":1,"minecraft:potato":1,"minecraft:iron_bars":144,"minecraft:magenta_shulker_box":16,"minecraft:quartz_block":116,"minecraft:glass":797,"minecraft:diamond_leggings":1,"minecraft:netherite_boots":3,"alexscaves:cave_tablet":10,"minecraft:magenta_dye":26,"bountiful:decree":6,"minecraft:glass_bottle":57,"minecraft:emerald":617,"bosses_of_mass_destruction:levitation_block":1,"minecraft:diamond_axe":2,"alexscaves:raygun":1,"minecraft:clock":4,"minecraft:copper_ingot":71,"minecraft:compass":11,"minecraft:iron_block":7,"minecraft:gold_ingot":110,"immersive_melodies:bagpipe":1,"minecraft:birch_stairs":84,"minecraft:packed_ice":7,"alexscaves:hazmat_boots":1,"alexscaves:holocoder":1,"minecraft:bone_meal":3302,"alexsmobs:small_catfish_bucket":1,"minecraft:diamond":28,"minecraft:ladder":12,"minecraft:spruce_slab":30,"alexsmobs:blobfish_bucket":1,"minecraft:redstone_block":7,"minecraft:dark_oak_planks":76,"alexsmobs:stradpole_bucket":1,"lightmanscurrency:trading_core":1,"minecraft:deepslate_brick_slab":6,"minecraft:glowstone":37,"minecraft:jungle_slab":36,"minecraft:golden_apple":12,"minecraft:wooden_axe":1,"minecraft:white_bed":2,"cataclysm:ignitium_upgrade_smithing_template":1,"minecraft:oak_planks":1096,"minecraft:dark_oak_boat":1,"cataclysm:bone_reptile_helmet":1,"alexscaves:pewen_planks":24,"alexscaves:hazmat_mask":1,"minecraft:hopper":6,"alexscaves:spelunkery_table":1,"alexscaves:primitive_club":2,"minecraft:netherite_upgrade_smithing_template":5,"alexscaves:block_of_uranium":2,"alexsmobs:devils_hole_pupfish_bucket":1,"minecraft:crafting_table":6,"minecraft:spruce_planks":636,"minecraft:wooden_pickaxe":1,"alexscaves:hazmat_leggings":1,"minecraft:gold_block":28,"bosses_of_mass_destruction:void_lily":1,"minecraft:birch_planks":464,"minecraft:dark_oak_slab":120,"alexsmobs:large_catfish_bucket":1,"minecraft:diamond_pickaxe":2,"minecraft:emerald_block":62,"minecraft:shield":1,"minecraft:light_blue_dye":20,"minecraft:leather_chestplate":2,"minecraft:snow_block":66,"minecraft:redstone_torch":6,"alexsmobs:mosquito_larva":15,"bosses_of_mass_destruction:charged_ender_pearl":1,"minecraft:shears":2,"cataclysm:bone_reptile_chestplate":1,"minecraft:cherry_planks":244,"minecraft:raw_iron":162,"minecraft:redstone":20,"minecraft:coal":18,"alexscaves:dinosaur_nugget":12,"deeperdarker:warden_upgrade_smithing_template":1,"minecraft:jungle_trapdoor":8,"alexscaves:cave_map":5,"cataclysm:stone_tiles":4,"minecraft:diamond_block":6,"cataclysm:witherite_ingot":9,"bosses_of_mass_destruction:soul_star":5,"minecraft:blue_ice":6,"minecraft:polished_deepslate":1060,"minecraft:iron_axe":1,"minecraft:netherite_scrap":13,"minecraft:sugar":1,"minecraft:red_dye":2,"minecraft:spruce_sign":12,"alexsmobs:cooked_kangaroo_meat":768,"cataclysm:mech_eye":1,"minecraft:bowl":24,"minecraft:bucket":18,"minecraft:stone_axe":1,"minecraft:air":0,"minecraft:bread":78,"minecraft:blue_dye":10,"minecraft:oak_boat":2,"minecraft:gold_nugget":9,"alexsmobs:cosmic_cod_bucket":1,"alexscaves:magnetic_light":4,"minecraft:acacia_planks":20,"minecraft:lapis_lazuli":12,"minecraft:clay":9},"minecraft:mined":{"minecraft:white_bed":2,"graveyard:gray_urn":1,"minecraft:fire_coral_wall_fan":18,"graveyard:candle_holder":1,"minecraft:red_nether_bricks":2,"alexscaves:azure_neodymium_pillar":43,"alexscaves:limestone":124,"minecraft:potted_dead_bush":2,"minecraft:granite":56,"alexscaves:tremorsaurus_egg":3,"minecraft:acacia_log":2,"minecraft:nether_wart":87,"minecraft:spawner":30,"minecraft:polished_blackstone_bricks":33,"minecraft:magma_block":129,"minecraft:fire":239,"minecraft:barrel":1,"minecraft:cobbled_deepslate":16,"minecraft:fletching_table":5,"minecraft:deepslate_lapis_ore":6,"minecraft:nether_brick_stairs":2,"alexscaves:fiddlehead":7,"amendments:wall_lantern":9,"illagerinvasion:magic_fire":37,"minecraft:green_carpet":3,"minecraft:spruce_wood":5,"minecraft:white_banner":1,"minecraft:tripwire":21,"minecraft:orange_bed":6,"minecraft:jungle_trapdoor":8,"minecraft:cut_sandstone":2,"graveyard:light_gray_urn":1,"minecraft:kelp_plant":35,"graveyard:dark_iron_trapdoor":1,"minecraft:crimson_nylium":21,"minecraft:piglin_head":2,"minecraft:powder_snow":2,"minecraft:torch":87,"minecraft:dead_bush":2,"alexscaves:energized_galena_scarlet":7,"alexscaves:sulfur_bud_small":3,"minecraft:tube_coral_fan":7,"bosses_of_mass_destruction:vine_wall":3,"minecraft:amethyst_block":32,"minecraft:cherry_slab":67,"minecraft:birch_sapling":1,"minecraft:chain":2,"minecraft:mud":1,"paraglider:horned_statue":1,"minecraft:grass":308,"minecraft:dark_oak_sapling":1,"minecraft:smooth_basalt":2,"minecraft:deepslate":935,"minecraft:deepslate_tiles":56,"minecraft:dark_prismarine":7,"alexscaves:acidic_radrock":1,"alexscaves:primal_magma":8,"minecraft:mossy_cobblestone":12,"alexscaves:bone_ribs":19,"minecraft:dark_oak_log":56,"minecraft:sea_lantern":3,"alexscaves:abyssmarine":1,"minecraft:spruce_fence":1,"graveyard:tg_deepslate":5,"alexscaves:galena":48,"minecraft:white_concrete_powder":44,"minecraft:horn_coral":9,"alexscaves:mussel":18,"minecraft:redstone_ore":2,"minecraft:light_blue_concrete_powder":1,"minecraft:andesite":409,"minecraft:vine":49,"minecraft:brain_coral_wall_fan":17,"minecraft:bone_block":29,"minecraft:fire_coral_block":81,"minecraft:birch_stairs":4,"minecraft:redstone_block":8,"minecraft:soul_sand":280,"alexscaves:fissure_primal_magma":54,"minecraft:dandelion":1,"minecraft:fire_coral":4,"minecraft:cornflower":1,"minecraft:warped_roots":1,"minecraft:tall_grass":147,"minecraft:copper_ore":52,"minecraft:deepslate_gold_ore":9,"minecraft:diorite":11,"minecraft:coarse_dirt":20,"alexscaves:depth_glass":62,"minecraft:creeper_head":1,"eeeabsmobs:immortal_block":2,"bosses_of_mass_destruction:levitation_block":12,"minecraft:gravel":2203,"minecraft:cobweb":37,"minecraft:polished_blackstone":1,"minecraft:stone_bricks":112,"minecraft:gold_ore":2,"minecraft:iron_trapdoor":1,"minecraft:fern":18,"minecraft:stone_pressure_plate":1,"minecraft:mossy_stone_brick_slab":2,"minecraft:brewing_stand":11,"minecraft:spruce_trapdoor":5,"minecraft:budding_amethyst":1,"minecraft:cracked_polished_blackstone_bricks":17,"alexscaves:sulfur":6,"minecraft:white_concrete":796,"minecraft:bubble_coral_fan":10,"bosses_of_mass_destruction:void_lily":24,"alexscaves:bone_nodule":3,"minecraft:iron_bars":12,"alexscaves:ambersol":1,"alexscaves:sulfur_bud_large":2,"minecraft:deepslate_redstone_ore":26,"minecraft:quartz_block":14,"minecraft:medium_amethyst_bud":1,"alexscaves:energized_galena_neutral":6,"minecraft:beacon":9,"minecraft:nether_quartz_ore":220,"minecraft:oak_planks":19,"minecraft:wall_torch":94,"minecraft:stone_stairs":32,"minecraft:fire_coral_fan":4,"minecraft:dark_oak_slab":19,"minecraft:blue_ice":5,"minecraft:oak_log":251,"minecraft:dirt":1343,"alexscaves:unrefined_waste":2,"minecraft:ancient_debris":9,"alexscaves:quarry":5,"minecraft:crying_obsidian":20,"minecraft:glow_lichen":2,"minecraft:lever":1,"minecraft:ladder":4,"minecraft:chiseled_bookshelf":10,"minecraft:tube_coral_wall_fan":17,"minecraft:decorated_pot":1,"minecraft:spruce_leaves":8,"minecraft:cracked_nether_bricks":3,"minecraft:raw_gold_block":4,"minecraft:peony":2,"minecraft:gold_block":235,"minecraft:bookshelf":75,"minecraft:deepslate_iron_ore":21,"minecraft:shroomlight":3,"minecraft:wet_sponge":7,"minecraft:acacia_leaves":5,"minecraft:scaffolding":1,"minecraft:snow_block":50,"minecraft:stripped_dark_oak_log":4,"minecraft:basalt":126,"supplementaries:ashen_basalt":2,"graveyard:small_light_gray_urn":3,"minecraft:honey_block":4,"eeeabsmobs:tomb_gas_trap":1,"minecraft:deepslate_coal_ore":12,"supplementaries:cage":241,"minecraft:dead_fire_coral_block":5,"minecraft:bubble_coral":4,"minecraft:sea_pickle":17,"minecraft:ice":1149,"minecraft:bee_nest":1,"elevatorid:elevator_white":5,"minecraft:cherry_leaves":2,"minecraft:cyan_carpet":1,"minecraft:cracked_stone_bricks":9,"alexscaves:scarlet_magnet":2,"minecraft:stripped_acacia_wood":2,"minecraft:mossy_stone_bricks":12,"alexscaves:scarlet_neodymium_pillar":34,"alexscaves:azure_magnet":1,"paraglider:goddess_statue":1,"alexscaves:scrap_metal_plate":1,"minecraft:dark_oak_planks":1,"minecraft:light_blue_concrete":130,"minecraft:cherry_log":177,"alexscaves:magnetic_activator":1,"minecraft:obsidian":42,"minecraft:jungle_log":6,"minecraft:horn_coral_fan":10,"minecraft:deepslate_bricks":40,"minecraft:coal_block":28,"minecraft:bubble_coral_block":45,"minecraft:tube_coral_block":71,"minecraft:hopper":4,"minecraft:chiseled_stone_bricks":1,"minecraft:tall_seagrass":20,"alexscaves:smooth_limestone_stairs":1,"alexscaves:scarlet_neodymium_node":2,"minecraft:enchanting_table":1,"minecraft:dirt_path":1,"minecraft:polished_deepslate_slab":4,"alexscaves:nuclear_bomb":1,"alexscaves:smooth_bone_slab":2,"minecraft:small_amethyst_bud":1,"minecraft:deepslate_brick_stairs":2,"minecraft:stripped_mangrove_wood":6,"minecraft:iron_block":7,"bygonenether:withered_coal_block":17,"alexscaves:amber":870,"minecraft:red_bed":1,"minecraft:soul_fire":3,"minecraft:blast_furnace":3,"create:framed_glass":66,"minecraft:glass":655,"minecraft:cyan_bed":4,"minecraft:damaged_anvil":10,"minecraft:crimson_stairs":1,"minecraft:skeleton_skull":2,"minecraft:lilac":2,"eeeabsmobs:tomb_summon_trap":1,"minecraft:loom":1,"minecraft:stonecutter":1,"minecraft:infested_deepslate":4,"stalwart_dungeons:soul_bricks":4,"alexscaves:radrock":384,"minecraft:stripped_birch_log":7,"minecraft:shulker_box":5,"alexscaves:metal_barrel":3,"minecraft:nether_bricks":13,"minecraft:cobbled_deepslate_slab":2,"minecraft:allium":18,"minecraft:jungle_planks":12,"alexscaves:sulfur_bud_medium":4,"minecraft:moss_block":32,"minecraft:kelp":3,"minecraft:horn_coral_wall_fan":17,"bosses_of_mass_destruction:void_blossom":4,"minecraft:snow":106,"minecraft:acacia_wood":2,"minecraft:diamond_block":60,"alexscaves:heart_of_iron":1,"minecraft:brain_coral":4,"minecraft:smithing_table":1,"alexscaves:smooth_bone_stairs":1,"minecraft:gray_concrete":2,"alexscaves:azure_neodymium_node":1,"minecraft:stone_brick_slab":7,"minecraft:observer":1,"minecraft:smooth_sandstone":18,"minecraft:emerald_ore":8,"minecraft:sponge":4,"alexscaves:ancient_sapling":1,"alexscaves:smooth_bone":4,"minecraft:cracked_deepslate_bricks":15,"graveyard:vase_block":20,"minecraft:spruce_log":129,"alexscaves:rusty_barrel":1,"minecraft:mycelium":1,"alexscaves:cycad":5,"minecraft:acacia_door":1,"minecraft:acacia_planks":1,"minecraft:deepslate_emerald_ore":1,"minecraft:large_amethyst_bud":2,"create:deepslate_zinc_ore":5,"minecraft:spruce_planks":235,"minecraft:jungle_slab":3,"minecraft:grass_block":526,"minecraft:dead_tube_coral_block":2,"minecraft:soul_soil":11,"minecraft:raw_iron_block":18,"minecraft:glowstone":127,"minecraft:iron_ore":84,"graveyard:upper_bone_staff":1,"minecraft:anvil":3,"alexscaves:amber_monolith":1,"alexscaves:underweed":1,"minecraft:brain_coral_block":47,"minecraft:green_bed":2,"alexscaves:fern_thatch":3,"minecraft:cyan_terracotta":16,"minecraft:blackstone":111,"minecraft:dead_bubble_coral_block":5,"minecraft:polished_deepslate_stairs":2,"stalwart_dungeons:transient_block_close":46,"alexscaves:ancient_leaves":3,"minecraft:calcite":7,"minecraft:poppy":3,"minecraft:chest":14,"minecraft:birch_wood":1,"minecraft:cobblestone":1103,"minecraft:honeycomb_block":4,"minecraft:slime_block":4,"minecraft:grindstone":2,"minecraft:magenta_shulker_box":131,"minecraft:pink_petals":36,"minecraft:seagrass":35,"minecraft:birch_log":290,"minecraft:lapis_block":1,"minecraft:birch_trapdoor":41,"minecraft:cracked_deepslate_tiles":31,"graveyard:creeper_skeleton":1,"minecraft:sand":2570,"minecraft:crimson_planks":3,"minecraft:wither_skeleton_skull":1,"minecraft:tripwire_hook":10,"minecraft:netherrack":1320,"create:crimsite":12,"minecraft:oak_leaves":5,"minecraft:horn_coral_block":62,"minecraft:emerald_block":59,"minecraft:nether_gold_ore":7,"minecraft:tube_coral":8,"alexscaves:spelunkery_table":1,"minecraft:red_carpet":24,"minecraft:tuff":51,"minecraft:deepslate_diamond_ore":55,"minecraft:stripped_cherry_log":1,"alexscaves:sulfur_cluster":2,"alexscaves:bone_worms":2,"alexscaves:magnetic_light":19,"minecraft:mangrove_trapdoor":1,"minecraft:sandstone":195,"minecraft:rooted_dirt":9,"minecraft:large_fern":13,"alexscaves:radrock_uranium_ore":79,"alexscaves:subterranodon_egg":2,"minecraft:spruce_sapling":1,"minecraft:furnace":5,"bygonenether:withered_blackstone":1,"alexscaves:energized_galena_azure":19,"minecraft:chiseled_sandstone":1,"create:scorchia":11,"minecraft:stripped_spruce_log":18,"minecraft:black_concrete":5,"treechop:chopped_log":121,"minecraft:dead_horn_coral_block":5,"minecraft:polished_deepslate":31,"minecraft:lantern":7,"minecraft:packed_ice":305,"alexscaves:curly_fern":12,"minecraft:stone":12285,"minecraft:white_tulip":1,"minecraft:redstone_wall_torch":2,"minecraft:podzol":1,"supplementaries:book_pile_horizontal":1,"minecraft:crafting_table":17,"minecraft:rose_bush":18,"minecraft:lectern":394,"alexscaves:metal_swarf":12,"minecraft:lapis_ore":1,"supplementaries:urn":10,"alexscaves:galena_iron_ore":75,"minecraft:beehive":2,"minecraft:sweet_berry_bush":7,"alexscaves:waste_drum":14,"minecraft:dead_brain_coral_block":3,"minecraft:coal_ore":357,"minecraft:bubble_coral_wall_fan":19,"minecraft:lodestone":1,"alexscaves:smooth_bone_wall":6,"minecraft:polished_andesite":1},"minecraft:broken":{"minecraft:diamond_axe":1}},"DataVersion":3465}