{"stats":{"minecraft:broken":{"takesapillage:ravager_horn":1,"minecraft:diamond_axe":1},"minecraft:picked_up":{"alexscaves:waste_drum":20,"alexscaves:tough_hide":10,"minecraft:anvil":3,"minecraft:creeper_head":1,"minecraft:flower_pot":4,"minecraft:smithing_table":1,"minecraft:magenta_carpet":1,"minecraft:lead":3,"minecraft:diamond_sword":1,"minecraft:wither_rose":1,"alexscaves:trilocaris_tail":18,"minecraft:enchanted_book":22,"minecraft:brewing_stand":11,"alexscaves:azure_neodymium_ingot":2,"minecraft:golden_sword":1,"minecraft:amethyst_block":37,"lightmanscurrency:coin_diamond":138,"minecraft:polished_deepslate":6,"minecraft:polished_blackstone_brick_stairs":1,"paraglider:goddess_statue":1,"minecraft:string":102,"alexscaves:rusty_barrel":1,"alexscaves:pure_darkness":9,"minecraft:red_nether_bricks":2,"alexscaves:energized_galena_scarlet":7,"paraglider:deku_leaf":3,"minecraft:diamond_leggings":2,"minecraft:gold_nugget":6,"minecraft:cobbled_deepslate":608,"bosses_of_mass_destruction:soul_star":9,"alexscaves:azure_magnet":1,"minecraft:spruce_planks":269,"minecraft:horn_coral_block":1,"alexscaves:tremorsaurus_egg":3,"minecraft:melon_slice":1,"minecraft:coal_block":22,"minecraft:golden_helmet":1,"minecraft:beehive":2,"tmg:seeker":1,"minecraft:acacia_log":7,"minecraft:green_bed":2,"cataclysm:kobolediator_skull":1,"minecraft:cherry_log":369,"cataclysm:music_disc_ancient_remnant":1,"minecraft:golden_chestplate":1,"minecraft:green_terracotta":1,"alexscaves:ominous_catalyst":2,"lightmanscurrency:coin_emerald":142,"minecraft:stone_sword":3,"minecraft:cyan_terracotta":15,"minecraft:glowstone":43,"alexscaves:notor_gizmo":14,"alexscaves:primitive_club":1,"supplementaries:ash":49,"minecraft:blaze_rod":30,"minecraft:iron_bars":12,"minecraft:snowball":64,"minecraft:birch_log":539,"minecraft:magma_block":126,"minecraft:feather":12,"minecraft:cooked_beef":34,"minecraft:water_bucket":2,"minecraft:jungle_log":1021,"minecraft:acacia_leaves":1,"alexsmobs:bison_fur":12,"minecraft:flint":6,"alexsmobs:cooked_kangaroo_meat":65,"minecraft:gray_concrete":2,"minecraft:lantern":12,"alexscaves:galena":66,"cataclysm:koboleton_bone":16,"stalwart_dungeons:blaze_armor_scrap":8,"minecraft:stonecutter":1,"bosses_of_mass_destruction:void_lily":24,"minecraft:glowstone_dust":4,"minecraft:moss_block":28,"minecraft:stripped_acacia_wood":4,"bosses_of_mass_destruction:crystal_fruit":3,"alexscaves:amber_curiosity":13,"alexscaves:metal_scaffolding":2,"minecraft:stripped_spruce_log":2,"minecraft:crimson_door":1,"minecraft:loom":1,"minecraft:dark_oak_log":297,"cataclysm:lionfish":1,"minecraft:polished_andesite":1,"create:crimsite":8,"minecraft:deepslate":38,"minecraft:lever":1,"cataclysm:sandstone_falling_trap":5,"minecraft:granite":51,"eeeabsmobs:guardian_core":1,"alexscaves:heart_of_iron":2,"minecraft:bread":4,"minecraft:rooted_dirt":10,"alexsmobs:maggot":2,"minecraft:cherry_slab":70,"minecraft:crimson_roots":1,"minecraft:diamond_pickaxe":7,"alexscaves:raw_scarlet_neodymium":69,"minecraft:crafting_table":17,"minecraft:coarse_dirt":26,"minecraft:bee_nest":1,"alexscaves:primal_magma":93,"minecraft:clay_ball":8,"minecraft:nether_wart":191,"friendsandfoes:totem_of_illusion":5,"minecraft:stripped_cherry_log":1,"paraglider:heart_container":2,"minecraft:cornflower":1,"minecraft:jungle_trapdoor":8,"minecraft:red_bed":1,"alexscaves:fiddlehead":7,"minecraft:acacia_door":1,"minecraft:white_carpet":2,"minecraft:cracked_stone_bricks":10,"minecraft:netherite_sword":6,"minecraft:deepslate_diamond_ore":10,"minecraft:iron_nugget":156,"minecraft:poppy":5,"minecraft:birch_sapling":43,"alexscaves:amber_monolith":1,"minecraft:chest":10,"cataclysm:necklace_of_the_desert":1,"minecraft:egg":1,"minecraft:copper_ore":1,"minecraft:sandstone":376,"minecraft:polished_deepslate_slab":4,"minecraft:stone":1980,"alexscaves:cycad":17,"alexsmobs:straddlite":1,"minecraft:spruce_fence":1,"bosses_of_mass_destruction:void_thorn":2,"minecraft:skull_pottery_sherd":1,"minecraft:carrot":1,"minecraft:redstone":120,"minecraft:mangrove_trapdoor":1,"minecraft:diamond_chestplate":1,"minecraft:peony":2,"minecraft:tube_coral_fan":1,"minecraft:shears":3,"minecraft:deepslate_bricks":14,"minecraft:diamond_boots":2,"minecraft:hay_block":1,"stalwart_dungeons:tungsten_axe":1,"minecraft:cracked_deepslate_bricks":2,"minecraft:warped_sign":2,"minecraft:gold_ingot":2,"minecraft:totem_of_undying":7,"minecraft:glow_berries":1,"minecraft:rail":1,"minecraft:white_wool":1,"minecraft:bone_block":24,"eeeabsmobs:guling_eye":16,"alexscaves:pewen_log":33,"alexscaves:sulfur_dust":16,"minecraft:tripwire_hook":9,"minecraft:chiseled_bookshelf":4,"alexsmobs:acacia_blossom":1,"alexscaves:sulfur_bud_small":2,"minecraft:packed_mud":97,"supplementaries:urn":1,"immersive_melodies:bagpipe":2,"waystones:sandy_waystone":1,"minecraft:oak_log":438,"minecraft:ancient_debris":5,"minecraft:golden_boots":2,"alexscaves:charred_remnant":19,"alexscaves:ambersol":1,"alexsmobs:mosquito_proboscis":1,"minecraft:paper":16,"minecraft:white_banner":11,"alexscaves:pewen_sapling":8,"bountiful:bounty":1,"minecraft:apple":33,"minecraft:stone_bricks":5,"alexscaves:cooked_dinosaur_chop":2,"alexsmobs:cockroach_wing_fragment":3,"alexscaves:green_soylent":12,"minecraft:iron_ore":7,"minecraft:cobweb":12,"minecraft:glass_bottle":26,"lightmanscurrency:coin_iron":1050,"minecraft:flowering_azalea":2,"elevatorid:elevator_white":5,"alexsmobs:fish_bones":1,"minecraft:sweet_berries":17,"minecraft:red_wool":3,"minecraft:cracked_nether_bricks":3,"minecraft:gravel":26,"minecraft:spruce_sapling":233,"alexscaves:scarlet_magnet":1,"minecraft:spruce_log":820,"illagerinvasion:illusionary_dust":6,"minecraft:crying_obsidian":7,"cataclysm:ancient_metal_block":1,"alexscaves:telecore":20,"lightmanscurrency:coin_copper":2389,"minecraft:coal_ore":11,"alexscaves:smooth_limestone_stairs":1,"minecraft:slime_ball":1,"minecraft:stone_axe":1,"lightmanscurrency:coin_gold":664,"alexscaves:pine_nuts":10,"minecraft:diamond_axe":3,"minecraft:painting":1,"alexscaves:scarlet_neodymium_pillar":34,"minecraft:warped_roots":1,"alexscaves:cave_map":1,"minecraft:lodestone":1,"minecraft:stripped_dark_oak_log":4,"minecraft:crimson_nylium":1,"minecraft:hopper":3,"minecraft:ender_pearl":49,"minecraft:shulker_shell":16,"minecraft:iron_trapdoor":1,"minecraft:wheat":3,"alexscaves:radgill":5,"minecraft:redstone_block":8,"illagerinvasion:platinum_chunk":36,"bygonenether:withered_blackstone":1,"supplementaries:bomb_blue":1,"minecraft:potion":7,"minecraft:brain_coral_block":2,"minecraft:nether_brick":15,"minecraft:crimson_planks":2,"minecraft:raw_copper":61,"alexscaves:acidic_radrock":1,"alexscaves:scrap_metal_plate":1,"minecraft:tnt_minecart":5,"alexscaves:magnetic_activator":1,"minecraft:sea_pickle":4,"alexsmobs:blood_sac":8,"minecraft:deepslate_tiles":25,"minecraft:smooth_stone":3,"minecraft:bucket":1,"alexscaves:magnetic_light":20,"minecraft:rose_bush":12,"minecraft:redstone_torch":10,"thedirtystuff:hemp_seed":5,"minecraft:calcite":2,"minecraft:azalea":1,"minecraft:iron_pickaxe":2,"alexscaves:flytrap":1,"minecraft:iron_boots":1,"minecraft:furnace":5,"minecraft:stick":515,"minecraft:birch_trapdoor":41,"minecraft:polished_deepslate_stairs":2,"minecraft:torch":114,"alexscaves:raw_azure_neodymium":79,"alexscaves:heavy_bone":10,"minecraft:porkchop":16,"minecraft:pointed_dripstone":1,"minecraft:vine":41,"graveyard:dark_iron_trapdoor":1,"minecraft:rotten_flesh":269,"supplementaries:antique_ink":6,"graveyard:gray_urn":1,"alexsmobs:emu_egg":2,"eeeabsmobs:tomb_gas_trap":1,"minecraft:fire_coral_fan":1,"minecraft:deepslate_brick_stairs":1,"minecraft:obsidian":4,"alexscaves:energized_galena_azure":18,"alexsmobs:mungal_spores":1,"minecraft:cobblestone":803,"paraglider:paraglider":2,"minecraft:enchanting_table":1,"minecraft:pink_petals":110,"thedirtystuff:cocaine_seed":3,"minecraft:lilac":2,"minecraft:magma_cream":13,"minecraft:andesite":108,"minecraft:black_bed":1,"minecraft:potato":3,"paraglider:spirit_orb":103,"minecraft:tuff":19,"supplementaries:flax_seeds":1,"alexscaves:sulfur_bud_large":1,"minecraft:wither_skeleton_skull":2,"alexscaves:lanternfish":8,"alexsmobs:rocky_shell":1,"minecraft:lapis_lazuli":28,"minecraft:dirt":507,"minecraft:stripped_birch_log":5,"alexscaves:quarry_smasher":2,"minecraft:glass":8,"minecraft:bone":249,"minecraft:acacia_planks":2,"alexscaves:toxic_paste":24,"minecraft:bow":3,"minecraft:wheat_seeds":119,"alexscaves:quarry":5,"minecraft:raw_gold":8,"minecraft:cobbled_deepslate_slab":1,"minecraft:birch_wood":1,"minecraft:grindstone":2,"minecraft:mossy_stone_bricks":13,"friendsandfoes:wildfire_crown_fragment":5,"minecraft:fletching_table":5,"minecraft:powered_rail":1,"minecraft:oak_planks":128,"friendsandfoes:totem_of_freezing":4,"minecraft:cooked_porkchop":12,"graveyard:bone_dagger":2,"alexscaves:uranium":79,"minecraft:jungle_planks":11,"alexscaves:energized_galena_neutral":6,"minecraft:sand":192,"minecraft:nether_brick_stairs":2,"minecraft:diamond_block":3,"minecraft:grass_block":9,"minecraft:dead_bush":1,"minecraft:cyan_bed":4,"minecraft:jungle_slab":3,"minecraft:chiseled_sandstone":1,"minecraft:shulker_box":5,"minecraft:mossy_cobblestone":11,"minecraft:dark_prismarine":7,"graveyard:upper_bone_staff":1,"eeeabsmobs:guardians_music_disc":1,"minecraft:nether_star":2,"minecraft:sugar":8,"minecraft:diamond":94,"minecraft:spruce_boat":5,"minecraft:black_concrete":5,"minecraft:crossbow":4,"minecraft:soul_lantern":1,"waystones:waystone":13,"minecraft:cracked_polished_blackstone_bricks":12,"cataclysm:ancient_metal_nugget":6,"minecraft:emerald":328,"cataclysm:sandstone_ignite_trap":8,"minecraft:oak_sapling":88,"minecraft:netherrack":648,"minecraft:bubble_coral_block":1,"minecraft:allium":19,"minecraft:azure_bluet":3,"create:polished_cut_ochrum":5,"minecraft:ladder":1,"alexscaves:metal_barrel":3,"minecraft:brown_mushroom":1,"minecraft:packed_ice":169,"minecraft:gold_block":32,"stalwart_dungeons:soul_bricks":2,"minecraft:chain":21,"minecraft:shield":6,"alexscaves:tectonic_shard":21,"minecraft:brick":2,"alexscaves:metal_swarf":9,"illagerinvasion:unusual_dust":5,"minecraft:moss_carpet":22,"minecraft:iron_axe":5,"takesapillage:ravager_horn":4,"minecraft:mycelium":1,"alexscaves:scarlet_neodymium_ingot":26,"alexscaves:dinosaur_chop":15,"minecraft:cyan_carpet":1,"minecraft:blackstone":14,"create:cut_limestone":2,"graveyard:corruption":89,"eeeabsmobs:immortal_block":2,"minecraft:oak_boat":12,"alexsmobs:elastic_tendon":8,"minecraft:observer":1,"minecraft:lectern":393,"supplementaries:cage":26,"minecraft:spruce_trapdoor":5,"minecraft:phantom_membrane":17,"eeeabsmobs:guardian_axe":1,"minecraft:dark_oak_sapling":167,"minecraft:raw_iron":258,"minecraft:stripped_mangrove_wood":6,"bygonenether:cobbled_blackstone":4,"eeeabsmobs:ancient_drive_crystal":1,"alexscaves:fern_thatch":3,"minecraft:polished_blackstone_bricks":30,"minecraft:magenta_shulker_box":120,"minecraft:stone_pressure_plate":1,"minecraft:dark_oak_planks":1,"minecraft:arrow":206,"minecraft:nether_bricks":13,"alexscaves:pewen_wood":2,"minecraft:pink_tulip":1,"minecraft:skeleton_skull":2,"minecraft:cracked_deepslate_tiles":9,"minecraft:netherite_boots":4,"minecraft:basalt":108,"minecraft:golden_carrot":11,"minecraft:cut_sandstone":1,"minecraft:leather":29,"alexscaves:sulfur_bud_medium":3,"eeeabsmobs:tomb_summon_trap":1,"minecraft:ice":6,"alexscaves:heavyweight":5,"alexscaves:limestone":298,"cataclysm:bone_reptile_helmet":1,"minecraft:crimson_fungus":1,"minecraft:gunpowder":55,"alexscaves:ferrouslime_ball":19,"alexscaves:pewen_planks":2,"alexscaves:amber":853,"alexsmobs:unsettling_kimono":2,"minecraft:podzol":1,"minecraft:smooth_sandstone":15,"alexscaves:azure_neodymium_node":1,"minecraft:red_carpet":23,"cataclysm:sandstorm_in_a_bottle":1,"minecraft:iron_ingot":6,"alexscaves:radrock":268,"bygonenether:withered_coal_block":17,"alexscaves:curly_fern":33,"alexscaves:sulfur":6,"minecraft:acacia_sapling":8,"minecraft:soul_sand":79,"stalwart_dungeons:transient_block_close":36,"minecraft:book":254,"minecraft:nether_quartz_ore":9,"minecraft:emerald_block":22,"minecraft:chiseled_stone_bricks":1,"minecraft:stone_brick_slab":2,"alexscaves:fissile_core":13,"minecraft:quartz":56,"minecraft:dandelion":5,"minecraft:raw_iron_block":14,"minecraft:brain_coral_fan":1,"alexscaves:tree_star":111,"minecraft:amethyst_shard":5,"cataclysm:remnant_skull":1,"minecraft:blast_furnace":3,"minecraft:white_bed":1,"minecraft:green_carpet":3,"minecraft:mossy_stone_brick_slab":1,"minecraft:spider_eye":47,"bygonenether:wither_waltz_music_disc":1,"cataclysm:bone_reptile_chestplate":2,"lightmanscurrency:coin_netherite":12,"thedirtystuff:opium_seed":4,"cataclysm:ancient_metal_ingot":21,"minecraft:cherry_sapling":156,"alexscaves:azure_neodymium_pillar":43,"minecraft:damaged_anvil":5,"minecraft:netherite_hoe":1,"minecraft:coal":267,"alexscaves:ancient_sapling":102},"minecraft:mined":{"minecraft:dark_oak_planks":1,"minecraft:white_bed":1,"graveyard:gray_urn":1,"minecraft:fire_coral_wall_fan":2,"alexscaves:magnetic_activator":1,"minecraft:cherry_log":177,"graveyard:candle_holder":1,"alexscaves:azure_neodymium_pillar":43,"minecraft:red_nether_bricks":2,"minecraft:obsidian":4,"alexscaves:limestone":124,"minecraft:potted_dead_bush":2,"minecraft:granite":56,"alexscaves:tremorsaurus_egg":3,"minecraft:acacia_log":2,"minecraft:jungle_log":6,"minecraft:coal_block":23,"minecraft:deepslate_bricks":19,"minecraft:bubble_coral_block":1,"minecraft:hopper":3,"minecraft:nether_wart":87,"minecraft:chiseled_stone_bricks":1,"minecraft:spawner":27,"minecraft:polished_blackstone_bricks":26,"minecraft:magma_block":129,"minecraft:cobbled_deepslate":16,"minecraft:barrel":1,"minecraft:fire":232,"minecraft:deepslate_lapis_ore":4,"minecraft:fletching_table":5,"alexscaves:smooth_limestone_stairs":1,"minecraft:nether_brick_stairs":2,"alexscaves:scarlet_neodymium_node":2,"minecraft:enchanting_table":1,"alexscaves:fiddlehead":7,"minecraft:polished_deepslate_slab":4,"amendments:wall_lantern":1,"minecraft:small_amethyst_bud":1,"illagerinvasion:magic_fire":37,"minecraft:deepslate_brick_stairs":2,"minecraft:green_carpet":3,"minecraft:spruce_wood":5,"minecraft:stripped_mangrove_wood":6,"minecraft:white_banner":1,"minecraft:tripwire":21,"minecraft:jungle_trapdoor":8,"bygonenether:withered_coal_block":17,"minecraft:cut_sandstone":2,"graveyard:light_gray_urn":1,"alexscaves:amber":870,"minecraft:red_bed":1,"graveyard:dark_iron_trapdoor":1,"minecraft:crimson_nylium":21,"minecraft:soul_fire":3,"minecraft:powder_snow":2,"minecraft:torch":48,"minecraft:blast_furnace":3,"minecraft:dead_bush":1,"alexscaves:energized_galena_scarlet":7,"alexscaves:sulfur_bud_small":3,"minecraft:glass":8,"minecraft:cyan_bed":4,"minecraft:damaged_anvil":5,"bosses_of_mass_destruction:vine_wall":3,"minecraft:crimson_stairs":1,"minecraft:amethyst_block":32,"minecraft:cherry_slab":67,"minecraft:birch_sapling":1,"minecraft:skeleton_skull":2,"minecraft:mud":1,"minecraft:lilac":2,"eeeabsmobs:tomb_summon_trap":1,"minecraft:grass":285,"minecraft:dark_oak_sapling":1,"minecraft:loom":1,"minecraft:smooth_basalt":1,"minecraft:stonecutter":1,"minecraft:deepslate":681,"minecraft:infested_deepslate":4,"minecraft:dark_prismarine":7,"minecraft:deepslate_tiles":34,"alexscaves:acidic_radrock":1,"alexscaves:primal_magma":8,"minecraft:mossy_cobblestone":12,"stalwart_dungeons:soul_bricks":4,"alexscaves:radrock":384,"minecraft:dark_oak_log":11,"minecraft:stripped_birch_log":5,"minecraft:shulker_box":5,"alexscaves:metal_barrel":3,"minecraft:cobbled_deepslate_slab":2,"minecraft:nether_bricks":13,"minecraft:allium":18,"minecraft:spruce_fence":1,"minecraft:jungle_planks":11,"graveyard:tg_deepslate":5,"alexscaves:sulfur_bud_medium":4,"minecraft:moss_block":32,"alexscaves:galena":48,"bosses_of_mass_destruction:void_blossom":4,"minecraft:snow":27,"minecraft:acacia_wood":2,"minecraft:andesite":92,"minecraft:diamond_block":3,"alexscaves:heart_of_iron":1,"minecraft:vine":49,"minecraft:brain_coral_wall_fan":1,"minecraft:bone_block":25,"minecraft:smithing_table":1,"minecraft:redstone_block":8,"minecraft:gray_concrete":2,"minecraft:soul_sand":84,"alexscaves:azure_neodymium_node":1,"minecraft:stone_brick_slab":2,"minecraft:observer":1,"minecraft:dandelion":1,"alexscaves:fissure_primal_magma":54,"minecraft:smooth_sandstone":18,"minecraft:cornflower":1,"minecraft:emerald_ore":1,"minecraft:warped_roots":1,"alexscaves:ancient_sapling":1,"minecraft:copper_ore":23,"minecraft:tall_grass":147,"minecraft:deepslate_gold_ore":6,"minecraft:cracked_deepslate_bricks":4,"minecraft:diorite":1,"minecraft:coarse_dirt":20,"graveyard:vase_block":20,"minecraft:creeper_head":1,"alexscaves:rusty_barrel":1,"minecraft:spruce_log":49,"eeeabsmobs:immortal_block":2,"minecraft:mycelium":1,"alexscaves:cycad":5,"minecraft:gravel":19,"minecraft:acacia_door":1,"minecraft:cobweb":37,"minecraft:polished_blackstone":1,"minecraft:acacia_planks":1,"minecraft:stone_bricks":5,"minecraft:iron_trapdoor":1,"minecraft:fern":13,"minecraft:spruce_planks":231,"minecraft:large_amethyst_bud":2,"create:deepslate_zinc_ore":4,"minecraft:stone_pressure_plate":1,"minecraft:mossy_stone_brick_slab":2,"minecraft:jungle_slab":3,"minecraft:brewing_stand":11,"minecraft:spruce_trapdoor":5,"minecraft:budding_amethyst":1,"minecraft:grass_block":103,"minecraft:cracked_polished_blackstone_bricks":17,"alexscaves:sulfur":6,"bosses_of_mass_destruction:void_lily":24,"minecraft:raw_iron_block":14,"minecraft:glowstone":43,"minecraft:iron_ore":50,"graveyard:upper_bone_staff":1,"minecraft:anvil":3,"alexscaves:amber_monolith":1,"minecraft:iron_bars":12,"alexscaves:underweed":1,"alexscaves:ambersol":1,"alexscaves:sulfur_bud_large":2,"minecraft:brain_coral_block":4,"minecraft:green_bed":2,"minecraft:deepslate_redstone_ore":21,"alexscaves:fern_thatch":3,"minecraft:cyan_terracotta":16,"minecraft:blackstone":97,"minecraft:polished_deepslate_stairs":2,"minecraft:medium_amethyst_bud":1,"stalwart_dungeons:transient_block_close":36,"alexscaves:energized_galena_neutral":6,"alexscaves:ancient_leaves":3,"minecraft:calcite":7,"minecraft:poppy":3,"minecraft:chest":9,"minecraft:nether_quartz_ore":30,"minecraft:cobblestone":35,"minecraft:birch_wood":1,"minecraft:grindstone":2,"minecraft:oak_planks":13,"minecraft:wall_torch":38,"minecraft:magenta_shulker_box":120,"minecraft:pink_petals":35,"minecraft:birch_trapdoor":41,"minecraft:birch_log":283,"minecraft:blue_ice":5,"minecraft:cracked_deepslate_tiles":14,"graveyard:creeper_skeleton":1,"minecraft:emerald_block":12,"minecraft:oak_log":251,"minecraft:dirt":215,"minecraft:sand":255,"minecraft:crimson_planks":3,"minecraft:horn_coral_block":1,"minecraft:tripwire_hook":10,"alexscaves:unrefined_waste":2,"minecraft:netherrack":782,"create:crimsite":12,"minecraft:ancient_debris":5,"minecraft:oak_leaves":5,"minecraft:nether_gold_ore":3,"minecraft:crying_obsidian":7,"alexscaves:quarry":5,"alexscaves:spelunkery_table":1,"minecraft:tuff":51,"minecraft:red_carpet":23,"minecraft:deepslate_diamond_ore":54,"minecraft:stripped_cherry_log":1,"alexscaves:sulfur_cluster":2,"minecraft:glow_lichen":2,"minecraft:ladder":1,"minecraft:chiseled_bookshelf":10,"minecraft:tube_coral_wall_fan":1,"minecraft:decorated_pot":1,"alexscaves:magnetic_light":19,"minecraft:mangrove_trapdoor":1,"minecraft:spruce_leaves":8,"minecraft:sandstone":82,"minecraft:cracked_nether_bricks":3,"minecraft:rooted_dirt":9,"minecraft:large_fern":13,"alexscaves:radrock_uranium_ore":79,"alexscaves:subterranodon_egg":2,"minecraft:spruce_sapling":1,"minecraft:furnace":5,"bygonenether:withered_blackstone":1,"alexscaves:energized_galena_azure":19,"minecraft:chiseled_sandstone":1,"minecraft:stripped_spruce_log":2,"minecraft:black_concrete":5,"treechop:chopped_log":120,"minecraft:peony":2,"minecraft:gold_block":34,"minecraft:polished_deepslate":10,"minecraft:bookshelf":75,"minecraft:deepslate_iron_ore":16,"minecraft:lantern":5,"minecraft:packed_ice":291,"alexscaves:curly_fern":12,"minecraft:white_tulip":1,"minecraft:stone":2793,"minecraft:redstone_wall_torch":2,"minecraft:podzol":1,"supplementaries:book_pile_horizontal":1,"minecraft:acacia_leaves":5,"minecraft:snow_block":35,"minecraft:stripped_dark_oak_log":4,"minecraft:basalt":126,"supplementaries:ashen_basalt":2,"graveyard:small_light_gray_urn":3,"minecraft:crafting_table":17,"eeeabsmobs:tomb_gas_trap":1,"minecraft:rose_bush":18,"minecraft:lectern":393,"alexscaves:metal_swarf":12,"minecraft:deepslate_coal_ore":9,"supplementaries:cage":21,"supplementaries:urn":10,"minecraft:beehive":2,"alexscaves:galena_iron_ore":75,"minecraft:sweet_berry_bush":7,"minecraft:ice":45,"alexscaves:waste_drum":14,"minecraft:bee_nest":1,"elevatorid:elevator_white":5,"minecraft:coal_ore":151,"minecraft:cherry_leaves":2,"minecraft:cyan_carpet":1,"minecraft:lodestone":1,"minecraft:cracked_stone_bricks":9,"alexscaves:scarlet_magnet":2,"minecraft:polished_andesite":1,"minecraft:stripped_acacia_wood":2,"minecraft:mossy_stone_bricks":12,"alexscaves:azure_magnet":1,"alexscaves:scarlet_neodymium_pillar":34,"paraglider:goddess_statue":1,"alexscaves:scrap_metal_plate":1},"minecraft:killed":{"illagerinvasion:archivist":7,"minecraft:cave_spider":3,"alexscaves:boundroid":3,"alexsmobs:murmur":3,"graveyard:wraith":42,"minecraft:shulker":2,"illagerinvasion:basher":18,"minecraft:skeleton":83,"endermanoverhaul:desert_enderman":1,"alexscaves:radgill":5,"graveyard:acolyte":12,"bosses_of_mass_destruction:gauntlet":1,"eeeabsmobs:guling_sentinel":15,"alexsmobs:straddler":4,"alexsmobs:centipede_head":1,"alexsmobs:skelewag":1,"cataclysm:kobolediator":1,"cataclysm:wadjet":2,"alexscaves:teletor":12,"illagerinvasion:necromancer":4,"minecraft:magma_cube":28,"alexscaves:gammaroach":9,"stalwart_dungeons:giddy_blaze":7,"alexsmobs:seal":2,"cataclysm:ancient_remnant":1,"minecraft:pillager":43,"minecraft:zombie":156,"stalwart_dungeons:incomplete_wither":14,"cataclysm:deepling":2,"alexscaves:trilocaris":28,"takesapillage:archer":8,"minecraft:cow":1,"minecraft:evoker":5,"alexscaves:brainiac":8,"graveyard:nightmare":2,"graveyard:corrupted_vindicator":30,"minecraft:endermite":1,"minecraft:vindicator":20,"illagerinvasion:marauder":15,"alexscaves:ferrouslime":15,"alexsmobs:seagull":1,"bygonenether:wraither":7,"stalwart_dungeons:nether_wart_cocoon":2,"alexsmobs:rocky_roller":1,"cataclysm:koboleton":6,"cataclysm:deepling_angler":1,"minecraft:husk":7,"graveyard:ghoul":3,"minecraft:ravager":6,"eeeabsmobs:guling_sentinel_heavy":1,"alexsmobs:gelada_monkey":13,"alexscaves:grottoceratops":4,"minecraft:enderman":35,"minecraft:witch":8,"minecraft:zombified_piglin":2,"minecraft:spider":37,"minecraft:wither":2,"illagerinvasion:provoker":10,"minecraft:silverfish":2,"minecraft:illusioner":8,"minecraft:piglin_brute":14,"alexscaves:notor":12,"illagerinvasion:inquisitor":2,"eeeabsmobs:immortal_golem":3,"minecraft:piglin":19,"alexsmobs:grizzly_bear":2,"minecraft:zombie_villager":7,"alexsmobs:stradpole":1,"illagerinvasion:alchemist":5,"minecraft:creeper":28,"alexsmobs:crimson_mosquito":9,"illagerinvasion:sorcerer":2,"minecraft:ghast":2,"minecraft:stray":1,"alexscaves:luxtructosaurus":1,"alexsmobs:fly":1,"graveyard:corrupted_pillager":16,"bygonenether:corpor":4,"minecraft:blaze":20,"alexscaves:vallumraptor":37,"stalwart_dungeons:propulk":6,"minecraft:vex":26,"takesapillage:legioner":7,"graveyard:revenant":1,"minecraft:slime":4,"alexsmobs:rattlesnake":1,"alexscaves:nucleeper":5,"minecraft:phantom":10,"endermanoverhaul:scarab":2,"alexscaves:lanternfish":8,"alexsmobs:blue_jay":1,"bygonenether:wither_skeleton_knight":5,"takesapillage:clay_golem":1,"alexsmobs:bison":3,"minecraft:drowned":1,"cataclysm:lionfish":1,"alexscaves:relicheirus":2,"friendsandfoes:iceologer":1,"stalwart_dungeons:reinforced_blaze":7,"takesapillage:skirmisher":5,"eeeabsmobs:nameless_guardian":1,"easy_npc:humanoid":1,"minecraft:hoglin":17,"alexscaves:magnetron":4,"alexsmobs:emu":1,"endermanoverhaul:spirit":4,"alexsmobs:cockroach":2,"alexscaves:subterranodon":1,"minecraft:wither_skeleton":36,"bygonenether:wex":5},"minecraft:crafted":{"minecraft:ender_chest":1,"minecraft:blaze_powder":8,"minecraft:chain":13,"minecraft:birch_slab":48,"waystones:waystone":9,"minecraft:loom":1,"minecraft:diamond_shovel":1,"minecraft:lever":2,"paraglider:deku_leaf":2,"minecraft:bookshelf":22,"alexsmobs:stink_ray":1,"minecraft:potato":1,"minecraft:shulker_box":24,"minecraft:iron_bars":112,"minecraft:magenta_shulker_box":16,"minecraft:glass":118,"minecraft:diamond_helmet":1,"minecraft:netherite_boots":3,"alexscaves:cave_tablet":10,"minecraft:magenta_dye":17,"bountiful:decree":6,"minecraft:name_tag":9,"minecraft:glass_bottle":57,"minecraft:emerald":518,"minecraft:diamond_axe":2,"alexscaves:uranium_rod":4,"alexscaves:quarry_smasher":2,"supplementaries:cage":46,"minecraft:clock":4,"alexscaves:raygun":1,"minecraft:copper_ingot":71,"minecraft:fletching_table":1,"minecraft:cracked_deepslate_tiles":24,"waystones:warp_stone":9,"minecraft:lectern":4,"minecraft:wooden_hoe":1,"minecraft:compass":4,"minecraft:iron_pickaxe":1,"minecraft:gold_ingot":110,"alexscaves:quarry":1,"alexscaves:galena_gauntlet":1,"minecraft:netherite_ingot":2,"immersive_melodies:bagpipe":1,"alexscaves:hazmat_boots":1,"minecraft:golden_carrot":1,"minecraft:iron_nugget":144,"minecraft:experience_bottle":1152,"minecraft:soul_torch":16,"alexscaves:holocoder":1,"minecraft:bone_meal":12,"alexsmobs:small_catfish_bucket":1,"minecraft:lantern":12,"minecraft:diamond":28,"minecraft:ladder":12,"minecraft:spruce_slab":30,"minecraft:red_shulker_box":1,"minecraft:stone_pickaxe":1,"alexsmobs:blobfish_bucket":1,"minecraft:spruce_boat":1,"minecraft:redstone_block":7,"minecraft:dark_oak_planks":16,"alexsmobs:stink_bottle":1,"alexscaves:cooked_dinosaur_chop":5,"alexsmobs:stradpole_bucket":1,"minecraft:enchanting_table":1,"minecraft:deepslate_brick_slab":6,"lightmanscurrency:trading_core":1,"minecraft:deepslate_tiles":72,"minecraft:glowstone":8,"minecraft:enchanted_book":46,"minecraft:jungle_slab":36,"minecraft:soul_lantern":13,"minecraft:golden_apple":5,"minecraft:fermented_spider_eye":1,"minecraft:birch_trapdoor":36,"bountiful:bountyboard":1,"minecraft:wooden_axe":1,"minecraft:white_bed":2,"alexsmobs:medium_catfish_bucket":1,"cataclysm:ignitium_upgrade_smithing_template":1,"minecraft:oak_planks":904,"alexscaves:polymer_plate":44,"minecraft:dark_oak_boat":1,"minecraft:cherry_slab":108,"paraglider:goddess_statue":1,"minecraft:stone":8,"cataclysm:bone_reptile_helmet":1,"alexscaves:pewen_planks":24,"alexscaves:hazmat_mask":1,"minecraft:hopper":1,"minecraft:bow":1,"alexscaves:serene_salad":9,"minecraft:comparator":2,"alexscaves:spelunkery_table":1,"minecraft:chest":47,"alexscaves:primitive_club":2,"minecraft:netherite_upgrade_smithing_template":5,"alexscaves:block_of_uranium":2,"minecraft:ender_eye":2,"minecraft:stone_bricks":168,"alexsmobs:devils_hole_pupfish_bucket":1,"minecraft:dropper":2,"eeeabsmobs:guling_eye":1,"minecraft:crafting_table":4,"minecraft:spruce_planks":604,"minecraft:wooden_pickaxe":1,"alexscaves:hazmat_leggings":1,"minecraft:brush":1,"minecraft:cracked_deepslate_bricks":24,"immersive_melodies:lute":1,"alexscaves:cinder_block":6,"bosses_of_mass_destruction:void_lily":1,"minecraft:birch_planks":316,"alexscaves:extinction_spear":2,"minecraft:spruce_trapdoor":4,"alexsmobs:large_catfish_bucket":1,"minecraft:emerald_block":8,"minecraft:diamond_pickaxe":2,"minecraft:shield":1,"minecraft:stick":8088,"minecraft:iron_ingot":259,"minecraft:leather_chestplate":2,"alexsmobs:potted_flutter":1,"alexscaves:resistor_shield":1,"minecraft:redstone_torch":6,"alexsmobs:mosquito_larva":15,"minecraft:deepslate_bricks":172,"alexscaves:packed_galena":6,"minecraft:shears":1,"cataclysm:bone_reptile_chestplate":1,"minecraft:cherry_planks":244,"minecraft:redstone":20,"minecraft:coal":18,"alexscaves:scrap_metal":5,"minecraft:netherite_sword":1,"alexscaves:dinosaur_nugget":12,"deeperdarker:warden_upgrade_smithing_template":1,"immersive_melodies:trumpet":1,"graveyard:dark_iron_ingot":18,"minecraft:furnace":16,"minecraft:jungle_trapdoor":8,"alexscaves:cave_map":5,"cataclysm:stone_tiles":4,"alexsmobs:comb_jelly_bucket":1,"alexsmobs:platypus_bucket":1,"alexscaves:azure_neodymium_ingot":9,"immersive_melodies:piano":1,"tmg:seeker":1,"bosses_of_mass_destruction:soul_star":2,"minecraft:polished_deepslate":260,"minecraft:iron_axe":1,"minecraft:netherite_scrap":7,"minecraft:sugar":1,"paraglider:paraglider":1,"minecraft:red_dye":2,"elevatorid:elevator_white":2,"alexsmobs:cooked_kangaroo_meat":768,"alexscaves:hazmat_chestplate":1,"cataclysm:mech_eye":1,"minecraft:bowl":24,"alexscaves:scrap_metal_plate":4,"minecraft:bucket":2,"minecraft:mangrove_planks":24,"minecraft:stone_axe":1,"minecraft:bread":78,"minecraft:air":0,"minecraft:jungle_planks":3400,"minecraft:oak_boat":2,"alexsmobs:maraca":1,"minecraft:gold_nugget":9,"alexsmobs:cosmic_cod_bucket":1,"alexscaves:magnetic_light":4,"minecraft:acacia_planks":20,"minecraft:torch":132,"minecraft:lapis_lazuli":12},"minecraft:dropped":{"minecraft:porkchop":16,"minecraft:cooked_beef":9,"minecraft:crafting_table":1,"alexscaves:curly_fern":5,"alexscaves:quarry_smasher":2,"alexscaves:flytrap":1,"minecraft:rooted_dirt":3,"minecraft:cracked_stone_bricks":3,"bygonenether:withered_coal_block":17,"graveyard:corruption":2,"minecraft:red_shulker_box":1,"minecraft:gray_concrete":2,"minecraft:dirt":12,"supplementaries:urn":1,"minecraft:cracked_deepslate_tiles":1,"minecraft:chain":6,"minecraft:gold_nugget":3,"minecraft:sand":26,"minecraft:sugar":5,"minecraft:iron_pickaxe":2,"minecraft:dark_oak_planks":1,"minecraft:bone":32,"alexscaves:amber_curiosity":3,"graveyard:dark_iron_trapdoor":1,"minecraft:emerald_block":10,"minecraft:iron_nugget":11,"minecraft:golden_chestplate":1,"minecraft:cobbled_deepslate":236,"minecraft:nether_brick":13,"minecraft:netherite_sword":3,"minecraft:birch_sapling":1,"minecraft:rotten_flesh":17,"minecraft:oak_planks":14,"minecraft:azure_bluet":2,"alexscaves:pewen_planks":2,"bosses_of_mass_destruction:soul_star":1,"supplementaries:flax_seeds":1,"minecraft:deepslate_tiles":8,"minecraft:acacia_sapling":1,"minecraft:ladder":5,"minecraft:painting":1,"minecraft:red_nether_bricks":1,"minecraft:enchanted_book":10,"minecraft:iron_ingot":1,"alexscaves:raw_azure_neodymium":3,"minecraft:wheat_seeds":15,"minecraft:mangrove_trapdoor":1,"lightmanscurrency:coin_emerald":2,"thedirtystuff:hemp_seed":4,"minecraft:cobblestone":140,"minecraft:feather":1,"minecraft:book":4,"minecraft:apple":4,"minecraft:granite":24,"graveyard:bone_dagger":1,"minecraft:coal":12,"minecraft:cobweb":2,"alexscaves:trilocaris_tail":3,"alexscaves:ancient_sapling":2,"minecraft:wooden_axe":1,"minecraft:rose_bush":1,"minecraft:potion":2,"alexscaves:limestone":8,"alexscaves:primitive_club":1,"graveyard:gray_urn":1,"minecraft:smooth_sandstone":4,"minecraft:string":5,"minecraft:acacia_planks":8,"minecraft:spruce_sapling":18,"minecraft:stone_brick_slab":2,"minecraft:moss_carpet":11,"minecraft:netherite_hoe":1,"minecraft:netherite_ingot":1,"minecraft:deepslate":23,"minecraft:experience_bottle":48,"minecraft:white_carpet":1,"minecraft:polished_deepslate_slab":1,"alexscaves:tree_star":11,"minecraft:iron_boots":1,"minecraft:polished_deepslate_stairs":2,"minecraft:shears":3,"lightmanscurrency:coin_gold":350,"supplementaries:cage":1,"alexsmobs:cooked_kangaroo_meat":205,"minecraft:diamond_sword":2,"minecraft:sea_pickle":4,"minecraft:spruce_planks":56,"minecraft:diamond_pickaxe":7,"minecraft:spider_eye":9,"minecraft:sandstone":126,"lightmanscurrency:coin_iron":84,"minecraft:bow":1,"cataclysm:sandstone_falling_trap":5,"minecraft:magma_block":117,"minecraft:dark_prismarine":4,"minecraft:moss_block":9,"minecraft:diamond_axe":1,"lightmanscurrency:coin_copper":188,"minecraft:nether_star":1,"cataclysm:lionfish":1,"minecraft:netherite_upgrade_smithing_template":1,"illagerinvasion:unusual_dust":2,"create:crimsite":8,"minecraft:mangrove_planks":10,"minecraft:flint":2,"minecraft:cyan_terracotta":5,"minecraft:cracked_polished_blackstone_bricks":5,"alexscaves:cave_map":1,"thedirtystuff:opium_seed":4,"minecraft:polished_blackstone_bricks":2,"paraglider:paraglider":2,"minecraft:gravel":12,"bountiful:bounty":2,"alexscaves:amber":1,"minecraft:cherry_sapling":1,"paraglider:deku_leaf":3,"minecraft:poppy":2,"supplementaries:ash":16,"minecraft:gunpowder":8,"lightmanscurrency:coin_netherite":5,"minecraft:azalea":1,"minecraft:iron_ore":1,"minecraft:arrow":9,"minecraft:quartz":3,"minecraft:netherrack":4,"cataclysm:bone_reptile_helmet":1,"alexscaves:nuclear_bomb":1,"minecraft:magenta_carpet":1,"bygonenether:wither_waltz_music_disc":1,"minecraft:cherry_log":3,"minecraft:lilac":1,"minecraft:mossy_cobblestone":2,"minecraft:diamond_leggings":2,"minecraft:lead":1,"minecraft:amethyst_block":9,"minecraft:stick":21,"illagerinvasion:platinum_chunk":3,"tmg:seeker":1,"minecraft:torch":17,"cataclysm:bone_reptile_chestplate":2,"minecraft:pink_petals":4,"minecraft:bucket":2,"alexscaves:extinction_spear":1,"minecraft:dandelion":3,"friendsandfoes:totem_of_freezing":1,"minecraft:coarse_dirt":6,"minecraft:tuff":13,"friendsandfoes:wildfire_crown_fragment":5,"minecraft:raw_iron":1,"minecraft:stripped_acacia_wood":4,"lightmanscurrency:coin_diamond":172,"minecraft:totem_of_undying":1,"alexscaves:ominous_catalyst":2,"thedirtystuff:cocaine_seed":3,"minecraft:shield":1,"minecraft:andesite":34,"minecraft:mossy_stone_bricks":7,"minecraft:oak_sapling":35,"minecraft:diamond_boots":2,"minecraft:stone_pickaxe":1,"minecraft:wooden_pickaxe":1,"minecraft:nether_quartz_ore":2,"minecraft:cracked_deepslate_bricks":2,"minecraft:calcite":2,"alexscaves:pure_darkness":1,"minecraft:brick":1},"minecraft:used":{"minecraft:peony":1,"minecraft:moss_block":11,"minecraft:rotten_flesh":1,"minecraft:ladder":8,"alexscaves:scrap_metal_plate":1,"minecraft:chest":35,"minecraft:stone":321,"minecraft:soul_sand":62,"minecraft:deepslate_brick_slab":2,"minecraft:jungle_slab":3,"minecraft:cracked_deepslate_tiles":31,"minecraft:snowball":1,"minecraft:azure_bluet":1,"minecraft:spruce_boat":5,"friendsandfoes:totem_of_illusion":3,"minecraft:grass_block":8,"minecraft:birch_sapling":21,"friendsandfoes:totem_of_freezing":2,"minecraft:bow":101,"minecraft:dark_oak_boat":1,"minecraft:furnace":18,"minecraft:magenta_shulker_box":133,"minecraft:mossy_stone_bricks":6,"minecraft:damaged_anvil":5,"minecraft:stripped_birch_log":2,"minecraft:blackstone":27,"minecraft:wooden_pickaxe":21,"elevatorid:elevator_white":7,"minecraft:golden_apple":37,"alexsmobs:devils_hole_pupfish_bucket":2,"minecraft:sand":1,"minecraft:netherite_helmet":2,"eeeabsmobs:guling_eye":16,"minecraft:deepslate_tiles":62,"minecraft:chiseled_sandstone":1,"minecraft:cyan_carpet":1,"minecraft:lectern":395,"bygonenether:withered_blackstone":1,"minecraft:diamond_sword":238,"minecraft:smithing_table":1,"minecraft:birch_log":246,"minecraft:ice":2,"minecraft:oak_boat":11,"alexscaves:magnetic_light":20,"alexscaves:quarry":5,"alexscaves:green_soylent":7,"waystones:sandy_waystone":1,"minecraft:enchanting_table":1,"minecraft:mycelium":1,"minecraft:torch":211,"minecraft:netherrack":293,"minecraft:brewing_stand":6,"minecraft:anvil":3,"alexscaves:pewen_sapling":5,"minecraft:jungle_trapdoor":13,"minecraft:iron_axe":242,"minecraft:cherry_slab":70,"minecraft:basalt":75,"minecraft:tripwire_hook":2,"minecraft:cobbled_deepslate":4,"minecraft:cherry_log":178,"alexscaves:quarry_smasher":2,"minecraft:water_bucket":280,"minecraft:fletching_table":6,"minecraft:deepslate_bricks":73,"minecraft:cracked_stone_bricks":7,"minecraft:polished_blackstone_bricks":2,"alexscaves:primitive_club":16,"minecraft:mossy_cobblestone":8,"minecraft:polished_deepslate_slab":3,"minecraft:crafting_table":18,"minecraft:red_bed":1,"minecraft:white_bed":1,"minecraft:spruce_log":194,"minecraft:oak_log":17,"minecraft:diamond_pickaxe":6111,"minecraft:diamond_shovel":325,"minecraft:iron_pickaxe":92,"alexscaves:extinction_spear":189,"minecraft:spruce_trapdoor":9,"minecraft:spruce_sapling":21,"minecraft:green_carpet":2,"minecraft:chiseled_stone_bricks":1,"minecraft:cobblestone":112,"bountiful:bountyboard":1,"minecraft:potion":6,"minecraft:cooked_porkchop":33,"cataclysm:bone_reptile_helmet":2,"minecraft:brush":6,"minecraft:dandelion":1,"alexscaves:radrock":206,"minecraft:moss_carpet":1,"minecraft:cherry_sapling":13,"alexsmobs:large_catfish_bucket":1,"minecraft:polished_deepslate":63,"minecraft:iron_shovel":225,"minecraft:nether_wart":132,"minecraft:mossy_stone_brick_slab":1,"alexsmobs:medium_catfish_bucket":1,"paraglider:goddess_statue":2,"minecraft:jungle_planks":40,"minecraft:nether_bricks":4,"minecraft:tuff":2,"minecraft:axolotl_bucket":10,"minecraft:milk_bucket":2,"minecraft:glass":8,"minecraft:coal_ore":7,"minecraft:lantern":21,"alexscaves:amber":808,"minecraft:stone_bricks":5,"minecraft:deepslate_diamond_ore":10,"minecraft:birch_trapdoor":43,"minecraft:red_carpet":23,"minecraft:dark_oak_sapling":17,"minecraft:wither_skeleton_skull":3,"minecraft:oak_planks":11,"minecraft:stone_pickaxe":107,"minecraft:mangrove_planks":6,"minecraft:ender_pearl":12,"minecraft:sandstone":58,"minecraft:diamond_axe":3205,"minecraft:loom":2,"minecraft:crossbow":47,"minecraft:black_bed":1,"minecraft:shears":46,"waystones:waystone":20,"minecraft:lever":1,"minecraft:black_concrete":5,"minecraft:dark_oak_log":11,"minecraft:string":5,"minecraft:bread":92,"minecraft:cyan_bed":4,"minecraft:gravel":4,"minecraft:grindstone":2,"minecraft:andesite":4,"minecraft:coarse_dirt":3,"minecraft:cobweb":4,"minecraft:experience_bottle":1030,"minecraft:rose_bush":1,"minecraft:netherite_sword":4068,"minecraft:flint_and_steel":24,"minecraft:cracked_deepslate_bricks":24,"minecraft:spruce_planks":310,"minecraft:ender_chest":1,"bosses_of_mass_destruction:void_lily":24,"minecraft:dirt":245,"alexsmobs:maraca":17,"alexscaves:ancient_sapling":55,"minecraft:white_carpet":1,"minecraft:hopper":3,"alexsmobs:cooked_kangaroo_meat":199,"minecraft:golden_chestplate":1,"minecraft:shulker_box":10,"alexscaves:limestone":34,"minecraft:granite":3,"minecraft:spruce_fence":1,"alexscaves:waste_drum":1,"minecraft:wooden_axe":43,"minecraft:bookshelf":18,"minecraft:smooth_sandstone":4,"alexscaves:spelunkery_table":1,"minecraft:golden_carrot":48,"minecraft:netherite_pickaxe":2199,"minecraft:cooked_beef":35,"minecraft:enchanted_golden_apple":4,"alexscaves:dinosaur_nugget":2,"minecraft:iron_ore":1,"minecraft:glass_bottle":23,"minecraft:polished_andesite":1,"minecraft:cut_sandstone":1,"minecraft:green_bed":2,"bosses_of_mass_destruction:soul_star":4,"minecraft:book":1,"minecraft:flower_pot":2,"minecraft:wooden_hoe":4,"supplementaries:cage":82,"minecraft:apple":22,"minecraft:cracked_polished_blackstone_bricks":5,"minecraft:stone_axe":15,"minecraft:pink_petals":12,"alexscaves:scrap_metal":1,"minecraft:cobbled_deepslate_slab":1,"minecraft:white_banner":1,"minecraft:bucket":294,"alexsmobs:animal_dictionary":2,"minecraft:pumpkin_pie":10,"takesapillage:ravager_horn":3,"minecraft:splash_potion":2},"minecraft:custom":{"minecraft:interact_with_crafting_table":194,"minecraft:open_barrel":125,"minecraft:eat_cake_slice":3,"minecraft:leave_game":21,"minecraft:time_since_death":2399777,"minecraft:play_time":2399777,"minecraft:jump":31279,"minecraft:interact_with_furnace":239,"minecraft:traded_with_villager":880,"minecraft:sleep_in_bed":38,"minecraft:waystone_activated":33,"minecraft:damage_dealt":276649,"minecraft:interact_with_smithing_table":3,"minecraft:inspect_dispenser":1,"minecraft:horse_one_cm":2,"minecraft:interact_with_anvil":71,"minecraft:inspect_hopper":9,"minecraft:damage_dealt_absorbed":4934,"minecraft:sneak_time":68291,"minecraft:interact_with_lectern":2,"minecraft:interact_with_blast_furnace":2,"minecraft:total_world_time":2399777,"minecraft:time_since_rest":117878,"minecraft:swim_one_cm":1038134,"minecraft:fly_one_cm":7707180,"minecraft:open_chest":1699,"minecraft:fall_one_cm":983850,"minecraft:animals_bred":3,"minecraft:open_shulker_box":1361,"minecraft:damage_resisted":857,"minecraft:sprint_one_cm":3785278,"minecraft:drop":603,"minecraft:talked_to_villager":1024,"minecraft:interact_with_brewingstand":53,"minecraft:walk_on_water_one_cm":338399,"minecraft:interact_with_loom":12,"minecraft:open_enderchest":80,"minecraft:crouch_one_cm":309598,"minecraft:mob_kills":1162,"minecraft:climb_one_cm":76652,"minecraft:walk_one_cm":4483379,"minecraft:raid_win":1,"minecraft:walk_under_water_one_cm":303919,"minecraft:boat_one_cm":7859,"minecraft:raid_trigger":2,"minecraft:pot_flower":1,"minecraft:interact_with_grindstone":8,"minecraft:damage_taken":30948,"minecraft:damage_absorbed":2557,"minecraft:trigger_trapped_chest":5}},"DataVersion":3465}