{"stats":{"minecraft:custom":{"minecraft:interact_with_crafting_table":435,"minecraft:damage_blocked_by_shield":10202,"minecraft:play_time":3595734,"minecraft:deaths":11,"minecraft:jump":63126,"minecraft:interact_with_smoker":30,"minecraft:horse_one_cm":9,"minecraft:interact_with_anvil":149,"minecraft:inspect_hopper":16,"minecraft:tune_noteblock":5,"minecraft:time_since_rest":362731,"minecraft:swim_one_cm":1545860,"minecraft:open_chest":5464,"minecraft:open_shulker_box":492,"minecraft:damage_resisted":4324,"minecraft:play_noteblock":5,"minecraft:talked_to_villager":1342,"minecraft:interact_with_brewingstand":8,"minecraft:fill_cauldron":3,"minecraft:boat_one_cm":425911,"minecraft:damage_taken":51519,"minecraft:open_barrel":336,"minecraft:eat_cake_slice":7,"minecraft:leave_game":44,"minecraft:time_since_death":565262,"minecraft:enchant_item":1,"minecraft:interact_with_furnace":428,"minecraft:traded_with_villager":1089,"minecraft:sleep_in_bed":72,"minecraft:waystone_activated":28,"minecraft:damage_dealt":347616,"minecraft:use_cauldron":1,"minecraft:interact_with_smithing_table":61,"minecraft:damage_dealt_absorbed":1933,"minecraft:target_hit":2,"minecraft:sneak_time":137099,"minecraft:interact_with_lectern":10,"minecraft:interact_with_blast_furnace":42,"minecraft:total_world_time":3595734,"minecraft:interact_with_stonecutter":21,"minecraft:fly_one_cm":16525802,"minecraft:fall_one_cm":1470783,"minecraft:sprint_one_cm":11523515,"minecraft:drop":1403,"minecraft:walk_on_water_one_cm":408154,"minecraft:interact_with_loom":19,"minecraft:open_enderchest":29,"minecraft:crouch_one_cm":656960,"minecraft:mob_kills":2000,"minecraft:climb_one_cm":233607,"minecraft:walk_one_cm":8202199,"minecraft:walk_under_water_one_cm":600493,"minecraft:pot_flower":6,"minecraft:interact_with_grindstone":53,"minecraft:damage_absorbed":1725,"minecraft:trigger_trapped_chest":1},"minecraft:picked_up":{"alexscaves:waste_drum":45,"alexscaves:tough_hide":2,"alexscaves:sulfur_cluster":15,"minecraft:smithing_table":9,"minecraft:lead":11,"minecraft:stone_slab":33,"alexscaves:unrefined_waste":6,"minecraft:enchanted_book":20,"camera:camera":1,"supplementaries:candle_holder":4,"lightmanscurrency:coin_diamond":94,"minecraft:polished_deepslate":2,"minecraft:polished_blackstone_brick_stairs":2,"minecraft:string":127,"alexscaves:radon_lamp_lime":2,"alexscaves:energized_galena_scarlet":47,"minecraft:shroomlight":10,"minecraft:diamond_leggings":1,"alexsmobs:emu_feather":2,"minecraft:horn_coral_block":50,"minecraft:bubble_coral":3,"alexscaves:cave_painting_tremorsaurus":2,"minecraft:polished_blackstone_brick_slab":2,"minecraft:polished_blackstone_stairs":2,"minecraft:acacia_log":391,"alexscaves:cinder_block_wall":1,"deeperdarker:echo_log":5,"minecraft:golden_chestplate":9,"minecraft:brown_carpet":7,"lightmanscurrency:coin_emerald":74,"minecraft:orange_bed":1,"minecraft:stone_sword":1,"minecraft:honey_bottle":3,"minecraft:lime_carpet":1,"minecraft:horn_coral_fan":23,"minecraft:polished_basalt":2,"minecraft:red_tulip":1,"minecraft:end_rod":21,"minecraft:bookshelf":41,"alexscaves:primitive_club":2,"supplementaries:quiver":1,"supplementaries:ash":103,"minecraft:waxed_cut_copper":1,"minecraft:blaze_rod":12,"minecraft:iron_bars":51,"minecraft:snowball":22,"minecraft:cooked_beef":140,"minecraft:feather":25,"minecraft:water_bucket":1,"alexsmobs:bison_fur":13,"minecraft:flint":6,"alexsmobs:cooked_kangaroo_meat":135,"minecraft:lantern":23,"alexscaves:galena":253,"minecraft:purple_carpet":10,"alexscaves:cooked_trilocaris_tail":7,"minecraft:stonecutter":10,"cataclysm:abyssal_egg":1,"minecraft:diamond_helmet":1,"minecraft:chiseled_polished_blackstone":6,"minecraft:stripped_spruce_log":294,"minecraft:acacia_stairs":2,"minecraft:polished_andesite":1,"create:crimsite":17,"minecraft:deepslate":18,"minecraft:lever":2,"minecraft:granite":14,"alexsmobs:tarantula_hawk_wing_fragment":1,"alexscaves:heart_of_iron":3,"minecraft:deepslate_coal_ore":1,"minecraft:rooted_dirt":2,"eeeabsmobs:guardian_core":1,"minecraft:light_gray_carpet":4,"minecraft:crimson_roots":5,"minecraft:diamond_pickaxe":8,"alexscaves:raw_scarlet_neodymium":26,"minecraft:mud":11,"alexscaves:primal_magma":114,"alexscaves:cinder_brick":84,"minecraft:clay_ball":188,"minecraft:leather_leggings":4,"friendsandfoes:totem_of_illusion":1,"minecraft:fire_coral":2,"minecraft:cornflower":12,"minecraft:acacia_door":20,"minecraft:flint_and_steel":1,"minecraft:white_carpet":6,"minecraft:iron_shovel":1,"create:deepslate_zinc_ore":1,"graveyard:soul_fire_brazier":18,"minecraft:glass_pane":2,"minecraft:netherite_sword":3,"minecraft:jungle_sapling":21,"minecraft:poppy":7,"minecraft:spruce_slab":18,"alexscaves:amber_monolith":1,"minecraft:birch_sapling":3,"alexscaves:hazmat_chestplate":2,"minecraft:piston":2,"minecraft:copper_ore":48,"minecraft:stone":8052,"alexscaves:cycad":43,"supplementaries:blackstone_tile_wall":4,"graveyard:dark_iron_bars":1,"graveyard:small_cyan_urn":1,"minecraft:mangrove_trapdoor":1,"minecraft:jungle_sign":22,"minecraft:decorated_pot":1,"minecraft:hay_block":19,"minecraft:cracked_deepslate_bricks":50,"minecraft:yellow_terracotta":6,"minecraft:totem_of_undying":2,"minecraft:mutton":35,"minecraft:rail":3,"eeeabsmobs:guling_eye":4,"minecraft:mud_bricks":59,"minecraft:smooth_red_sandstone":1,"minecraft:tripwire_hook":6,"alexscaves:sulfur_dust":16,"minecraft:yellow_dye":1,"minecraft:blackstone_slab":3,"minecraft:jungle_fence":120,"minecraft:packed_mud":66,"alexscaves:charred_remnant":45,"alexsmobs:mosquito_proboscis":1,"alexscaves:ambersol":4,"minecraft:sculk_vein":1,"minecraft:paper":4,"deeperdarker:echo_soil":5,"alexscaves:pewen_sapling":6,"minecraft:light_blue_banner":1,"minecraft:apple":17,"minecraft:warped_stem":22,"alexsmobs:cockroach_wing_fragment":3,"minecraft:spore_blossom":1,"alexscaves:green_soylent":20,"minecraft:oak_fence_gate":5,"minecraft:iron_ore":30,"endermanoverhaul:warped_pearl":3,"alexscaves:polymer_plate":12,"minecraft:dark_oak_stairs":10,"minecraft:polished_andesite_stairs":1,"minecraft:smooth_basalt":93,"graveyard:skeleton_hand":9,"minecraft:crimson_stairs":1,"minecraft:crying_obsidian":2,"illagerinvasion:illusionary_dust":2,"minecraft:leather_helmet":11,"minecraft:brewer_pottery_sherd":2,"lightmanscurrency:coin_copper":2338,"alexscaves:uranium_rod":1,"minecraft:diamond_shovel":2,"minecraft:coal_ore":72,"deeperdarker:sculk_bone":41,"alexscaves:spelunkie":2,"minecraft:painting":5,"minecraft:birch_sign":4,"minecraft:polished_blackstone_brick_wall":6,"alexscaves:scarlet_neodymium_pillar":51,"alexscaves:galena_spire":3,"minecraft:baked_potato":26,"minecraft:hopper":8,"minecraft:black_carpet":1,"alexscaves:radgill":2,"illagerinvasion:platinum_chunk":21,"bygonenether:withered_blackstone":1,"alexscaves:cave_tablet":6,"minecraft:stone_brick_stairs":44,"minecraft:dead_tube_coral_block":4,"minecraft:waxed_cut_copper_slab":1,"progressivebosses:elder_guardian_spike":1,"minecraft:deepslate_lapis_ore":1,"alexscaves:scrap_metal_plate":7,"minecraft:experience_bottle":2,"minecraft:red_sand":4,"alexsmobs:blood_sac":5,"minecraft:smooth_stone":3,"minecraft:red_dye":1,"minecraft:rose_bush":3,"minecraft:cobblestone_slab":8,"lightmanscurrency:sus_jar":2,"minecraft:iron_pickaxe":2,"minecraft:smooth_quartz":14,"minecraft:smooth_quartz_stairs":1,"minecraft:deepslate_iron_ore":1,"alexscaves:flytrap":6,"endermanoverhaul:snowy_hood":1,"minecraft:tipped_arrow":2,"alexscaves:tesla_bulb":9,"minecraft:birch_trapdoor":5,"minecraft:polished_deepslate_stairs":2,"alexscaves:raw_azure_neodymium":76,"minecraft:spruce_stairs":120,"minecraft:diorite":5,"create:framed_glass":3,"camera:album":2,"cataclysm:coral_chunk":2,"minecraft:rotten_flesh":212,"alexscaves:galena_iron_ore":30,"create:asurine":4,"immersive_melodies:flute":6,"eeeabsmobs:tomb_gas_trap":1,"minecraft:deepslate_brick_stairs":19,"minecraft:obsidian":14,"alexsmobs:mungal_spores":21,"cataclysm:stone_pillar":3,"minecraft:blaze_powder":3,"minecraft:cobblestone":831,"minecraft:enchanting_table":4,"minecraft:leather_chestplate":6,"minecraft:lilac":2,"minecraft:andesite":3,"minecraft:black_bed":1,"minecraft:golden_leggings":2,"minecraft:potato":1,"minecraft:smooth_sandstone_stairs":7,"alexscaves:cave_book":1,"deeperdarker:echo_sapling":1,"create:raw_zinc":6,"minecraft:prismarine_bricks":14,"graveyard:dark_iron_door":8,"alexscaves:sulfur_bud_large":2,"minecraft:cut_sandstone_slab":8,"minecraft:dirt":1014,"minecraft:name_tag":5,"cataclysm:music_disc_ignis":1,"minecraft:glass":49,"minecraft:bone":368,"minecraft:acacia_planks":3,"minecraft:bow":7,"alexscaves:toxic_paste":58,"minecraft:wheat_seeds":123,"minecraft:grindstone":10,"alexscaves:cave_painting_footprint":2,"minecraft:mossy_stone_bricks":4,"minecraft:fletching_table":2,"camera:image":7,"minecraft:prismarine":2,"alexscaves:uranium":123,"minecraft:nether_brick_stairs":8,"minecraft:grass_block":2,"minecraft:diamond_block":28,"eeeabsmobs:heart_of_pagan":4,"minecraft:jungle_slab":159,"minecraft:mossy_cobblestone":25,"graveyard:upper_bone_staff":2,"alexscaves:cooked_radgill":1,"minecraft:yellow_carpet":22,"minecraft:slime_block":4,"waystones:waystone":11,"minecraft:cracked_polished_blackstone_bricks":33,"alexsmobs:rattlesnake_rattle":2,"minecraft:bone_meal":2,"minecraft:golden_apple":51,"minecraft:spruce_sign":33,"minecraft:emerald":372,"minecraft:netherrack":224,"minecraft:andesite_slab":3,"minecraft:waxed_oxidized_cut_copper":1,"minecraft:azure_bluet":10,"minecraft:splash_potion":1,"minecraft:ladder":7,"minecraft:brown_mushroom":59,"minecraft:packed_ice":21,"alexscaves:raygun":2,"minecraft:stone_brick_wall":26,"alexscaves:flood_basalt":1,"minecraft:chain":9,"minecraft:shield":6,"alexscaves:tectonic_shard":6,"minecraft:brick":4,"alexscaves:metal_swarf":53,"minecraft:oak_trapdoor":14,"alexscaves:cave_painting_tree_stars":3,"minecraft:mycelium":8,"minecraft:blackstone":1422,"minecraft:blue_orchid":5,"graveyard:corruption":129,"eeeabsmobs:guardian_axe":1,"alexscaves:radrock_slab":1,"minecraft:polished_blackstone_bricks":140,"minecraft:cookie":64,"minecraft:light_blue_bed":7,"minecraft:tube_coral":4,"minecraft:pumpkin_pie":48,"minecraft:nether_bricks":11,"minecraft:stripped_dark_oak_wood":11,"minecraft:pink_tulip":3,"minecraft:skeleton_skull":9,"alexscaves:seeking_arrow":16,"minecraft:basalt":85,"minecraft:golden_carrot":39,"minecraft:leather":40,"minecraft:ice":28,"minecraft:chainmail_chestplate":5,"minecraft:cobbled_deepslate_stairs":2,"minecraft:gunpowder":23,"alexscaves:ferrouslime_ball":8,"alexscaves:amber":61,"minecraft:cooked_mutton":1,"alexscaves:azure_neodymium_node":4,"minecraft:gray_carpet":4,"minecraft:acacia_trapdoor":3,"minecraft:spruce_wood":31,"minecraft:iron_ingot":15,"alexscaves:radrock":182,"minecraft:cooked_chicken":1,"alexscaves:curly_fern":14,"alexscaves:sulfur":10,"minecraft:polished_andesite_slab":1,"minecraft:sculk_catalyst":1,"minecraft:nether_quartz_ore":3,"minecraft:black_candle":2,"minecraft:emerald_block":30,"graveyard:pedestal":5,"minecraft:stone_brick_slab":13,"alexscaves:fissile_core":14,"minecraft:dandelion":15,"alexscaves:tree_star":21,"minecraft:amethyst_shard":58,"minecraft:sculk_sensor":1,"thedirtystuff:opium_seed":2,"minecraft:chainmail_leggings":10,"minecraft:mossy_cobblestone_stairs":1,"alexscaves:azure_neodymium_pillar":72,"minecraft:damaged_anvil":1,"alexscaves:ancient_sapling":32,"minecraft:birch_door":3,"minecraft:iron_chestplate":6,"minecraft:chainmail_boots":4,"minecraft:creeper_head":4,"minecraft:flower_pot":7,"minecraft:anvil":12,"minecraft:prismarine_shard":36,"eeeabsmobs:soul_summoning_necklace":5,"minecraft:diamond_sword":8,"minecraft:oak_stairs":11,"minecraft:brown_bed":2,"alexscaves:trilocaris_tail":10,"minecraft:wither_rose":1,"minecraft:brewing_stand":3,"minecraft:golden_sword":1,"minecraft:polished_deepslate_wall":6,"minecraft:amethyst_block":7,"paraglider:goddess_statue":2,"minecraft:dark_oak_trapdoor":1,"minecraft:explorer_pottery_sherd":2,"minecraft:red_nether_bricks":3,"minecraft:waxed_weathered_copper":4,"minecraft:gold_nugget":31,"minecraft:cobbled_deepslate":39,"bosses_of_mass_destruction:soul_star":15,"minecraft:spruce_planks":405,"minecraft:enchanted_golden_apple":1,"minecraft:coal_block":42,"minecraft:mangrove_log":472,"minecraft:beehive":2,"minecraft:sheaf_pottery_sherd":2,"minecraft:composter":12,"minecraft:green_bed":2,"minecraft:bamboo_door":1,"minecraft:warped_planks":1,"alexsmobs:centipede_leg":3,"minecraft:tropical_fish":21,"create:scoria":3,"deeperdarker:sculk_stone_iron_ore":15,"minecraft:iron_block":16,"minecraft:netherite_chestplate":1,"alexscaves:archaic_vine":8,"minecraft:birch_log":60,"minecraft:magma_block":139,"deeperdarker:gloomy_cactus":1,"minecraft:birch_slab":1,"minecraft:jungle_log":714,"minecraft:smoker":1,"minecraft:stripped_spruce_wood":1,"bygonenether:warped_nether_bricks":2,"alexscaves:cave_painting_pewen":2,"stalwart_dungeons:blaze_armor_scrap":2,"minecraft:moss_block":4,"alexscaves:nuclear_siren":3,"eeeabsmobs:soul_light":4,"minecraft:warped_wart_block":204,"alexscaves:amber_curiosity":2,"minecraft:ink_sac":3,"supplementaries:blackstone_tile":136,"minecraft:red_terracotta":1,"minecraft:barrel":15,"minecraft:quartz_bricks":7,"cataclysm:lionfish":2,"minecraft:stripped_acacia_log":27,"minecraft:white_candle":13,"alexsmobs:guster_eye":2,"minecraft:deepslate_gold_ore":1,"minecraft:blue_ice":18,"minecraft:bread":39,"alexsmobs:maggot":7,"minecraft:dark_oak_fence":2,"minecraft:bricks":2,"minecraft:crafting_table":42,"minecraft:coarse_dirt":2,"minecraft:sandstone_slab":25,"minecraft:bubble_coral_fan":7,"minecraft:nether_wart":3,"cataclysm:stone_tile_stairs":1,"minecraft:crimson_trapdoor":2,"alexsmobs:froststalker_horn":2,"minecraft:stripped_mangrove_log":14,"minecraft:jungle_trapdoor":55,"minecraft:red_bed":5,"supplementaries:globe":9,"minecraft:compass":1,"graveyard:hanged_skeleton":6,"alexscaves:scrap_metal":1,"minecraft:cracked_stone_bricks":6,"minecraft:cartography_table":2,"minecraft:deepslate_diamond_ore":2,"alexscaves:geothermal_vent_medium":6,"minecraft:beef":10,"minecraft:iron_nugget":39,"graveyard:leaning_skeleton":3,"minecraft:chest":67,"minecraft:egg":4,"minecraft:sandstone":1228,"alexscaves:geothermal_vent":5,"minecraft:spruce_fence":66,"deeperdarker:sculk_tendrils":4,"minecraft:cake":6,"minecraft:carrot":78,"minecraft:redstone":76,"minecraft:prismarine_crystals":10,"alexscaves:cave_painting_trilocaris":2,"minecraft:tnt":4,"minecraft:cooked_cod":3,"minecraft:peony":4,"minecraft:tube_coral_fan":14,"minecraft:shears":1,"minecraft:deepslate_bricks":317,"minecraft:sandstone_stairs":15,"minecraft:warped_sign":1,"minecraft:tube_coral_block":20,"minecraft:gold_ingot":89,"minecraft:glow_berries":8,"alexscaves:cave_painting_grottoceratops":3,"minecraft:white_wool":38,"minecraft:lapis_ore":4,"alexscaves:pewen_log":33,"alexsmobs:acacia_blossom":8,"minecraft:red_mushroom":17,"minecraft:ochre_froglight":1,"minecraft:filled_map":3,"supplementaries:urn":4,"alexsmobs:froststalker_helmet":1,"graveyard:small_light_gray_urn":2,"minecraft:oak_log":421,"stalwart_dungeons:diamond_hammer":5,"minecraft:ancient_debris":2,"minecraft:blue_bed":4,"alexscaves:radon_lamp_white":3,"minecraft:white_banner":4,"minecraft:stone_bricks":367,"minecraft:kelp":134,"alexscaves:cooked_dinosaur_chop":22,"minecraft:cobweb":49,"minecraft:glass_bottle":13,"lightmanscurrency:coin_iron":931,"minecraft:mangrove_planks":18,"minecraft:iron_sword":7,"elevatorid:elevator_white":1,"minecraft:sculk":1,"graveyard:ossuary":3,"minecraft:gravel":37,"minecraft:birch_stairs":2,"minecraft:spruce_sapling":581,"alexscaves:scarlet_magnet":2,"minecraft:spruce_log":5822,"minecraft:sea_lantern":129,"alexscaves:telecore":10,"minecraft:stone_axe":2,"lightmanscurrency:coin_gold":287,"alexscaves:pine_nuts":8,"minecraft:diamond_axe":2,"deeperdarker:sculk_stone":135,"alexscaves:rusty_scaffolding":58,"minecraft:gray_wool":1,"minecraft:oak_button":2,"minecraft:warped_roots":1,"minecraft:warped_nylium":3,"minecraft:ender_pearl":15,"minecraft:wheat":31,"minecraft:redstone_block":1,"minecraft:iron_trapdoor":1,"minecraft:light_gray_shulker_box":85,"minecraft:potion":17,"minecraft:brain_coral_block":4,"minecraft:nether_brick":4,"minecraft:crimson_planks":2,"minecraft:raw_copper":40,"alexsmobs:ancient_dart":1,"minecraft:armor_stand":2,"graveyard:candle_holder":6,"minecraft:iron_leggings":6,"alexscaves:acidic_radrock":2,"minecraft:sticky_piston":1,"minecraft:zombie_head":1,"minecraft:oak_sign":2,"minecraft:sea_pickle":39,"minecraft:deepslate_tiles":248,"alexsmobs:banana":6,"minecraft:redstone_torch":2,"minecraft:calcite":15,"minecraft:furnace":11,"minecraft:iron_boots":4,"minecraft:stick":1735,"minecraft:torch":192,"deeperdarker:heart_of_the_deep":1,"alexscaves:heavy_bone":15,"alexsmobs:fedora":1,"minecraft:porkchop":11,"cataclysm:burning_ashes":2,"graveyard:dark_iron_trapdoor":5,"minecraft:quartz_block":11,"minecraft:nether_gold_ore":2,"minecraft:cactus":3,"minecraft:mangrove_stairs":66,"supplementaries:antique_ink":5,"graveyard:gray_urn":1,"minecraft:fire_coral_fan":10,"alexscaves:energized_galena_azure":2,"minecraft:cod":2,"paraglider:paraglider":3,"graveyard:skull_pile":1,"cataclysm:music_disc_the_harbinger":1,"minecraft:magma_cream":4,"supplementaries:item_shelf":2,"alexsmobs:bear_fur":1,"paraglider:spirit_orb":421,"minecraft:magenta_dye":9,"minecraft:tuff":14,"alexscaves:cave_painting_subterranodon":1,"supplementaries:flax_seeds":5,"minecraft:danger_pottery_sherd":2,"minecraft:wither_skeleton_skull":4,"minecraft:horn_coral":1,"minecraft:acacia_boat":5,"minecraft:lapis_lazuli":39,"minecraft:leather_boots":11,"minecraft:deepslate_brick_slab":6,"minecraft:cobbled_deepslate_slab":1,"graveyard:creeper_skeleton":1,"minecraft:powered_rail":1,"alexsmobs:blobfish":13,"minecraft:oak_planks":171,"alexscaves:radrock_uranium_ore":59,"minecraft:mossy_stone_brick_stairs":4,"minecraft:brain_coral":2,"minecraft:cooked_porkchop":7,"graveyard:bone_dagger":2,"minecraft:jungle_planks":4,"alexscaves:energized_galena_neutral":2,"minecraft:sand":2441,"minecraft:dead_bush":1,"minecraft:lily_of_the_valley":1,"minecraft:chiseled_sandstone":1,"minecraft:shulker_box":22,"minecraft:dark_prismarine":74,"alexscaves:radon_bottle":8,"minecraft:spruce_fence_gate":1,"minecraft:spruce_boat":13,"cataclysm:tidal_claws":2,"minecraft:diamond":26,"eeeabsmobs:guardians_music_disc":1,"minecraft:black_concrete":1,"minecraft:oak_sapling":124,"minecraft:bubble_coral_block":13,"minecraft:nether_star":1,"minecraft:cocoa_beans":3,"minecraft:charcoal":2,"minecraft:mud_brick_slab":5,"minecraft:allium":12,"alexscaves:metal_barrel":3,"minecraft:wooden_pickaxe":1,"alexsmobs:roadrunner_feather":1,"minecraft:gold_block":159,"alexscaves:dinosaur_nugget":151,"minecraft:stone_stairs":56,"minecraft:iron_axe":10,"minecraft:orange_concrete":1,"minecraft:wooden_sword":1,"alexscaves:scarlet_neodymium_ingot":8,"minecraft:item_frame":15,"alexscaves:dinosaur_chop":8,"minecraft:cyan_carpet":3,"deeperdarker:warden_carapace":3,"minecraft:candle":21,"minecraft:mossy_cobblestone_wall":2,"minecraft:dark_prismarine_stairs":1,"graveyard:gravestone":2,"minecraft:oak_boat":61,"minecraft:player_head":9,"minecraft:observer":3,"supplementaries:cage":18,"minecraft:lectern":492,"minecraft:tinted_glass":4,"minecraft:sugar_cane":22,"minecraft:spruce_trapdoor":82,"minecraft:phantom_membrane":15,"minecraft:stripped_crimson_hyphae":4,"minecraft:raw_iron":61,"minecraft:stripped_mangrove_wood":6,"bygonenether:cobbled_blackstone":5,"minecraft:copper_ingot":6,"cataclysm:witherite_block":1,"eeeabsmobs:ancient_drive_crystal":1,"minecraft:stone_button":5,"minecraft:magenta_shulker_box":106,"alexsmobs:crocodile_scute":2,"minecraft:dark_oak_planks":17,"supplementaries:sign_post_oak":5,"minecraft:arrow":85,"minecraft:jungle_stairs":44,"alexscaves:pewen_wood":2,"alexscaves:spelunkery_table":8,"paraglider:horned_statue":6,"bosses_of_mass_destruction:ancient_anima":2,"minecraft:wet_sponge":8,"minecraft:cracked_deepslate_tiles":15,"alexscaves:cave_painting_footprints":3,"minecraft:air":26,"minecraft:glow_ink_sac":28,"cataclysm:ignitium_ingot":6,"minecraft:cut_sandstone":14,"alexscaves:rusty_rebar":21,"minecraft:birch_planks":1,"alexscaves:heavyweight":3,"alexscaves:limestone":151,"minecraft:nether_wart_block":1,"minecraft:piglin_head":1,"minecraft:smooth_sandstone":57,"minecraft:red_nether_brick_stairs":2,"minecraft:fire_coral_block":61,"bygonenether:withered_coal_block":2,"minecraft:acacia_sapling":55,"minecraft:soul_sand":3,"stalwart_dungeons:transient_block_close":1,"minecraft:book":197,"alexscaves:geothermal_vent_thin":3,"minecraft:scaffolding":4,"minecraft:oak_slab":191,"minecraft:chiseled_stone_bricks":1,"minecraft:raw_iron_block":10,"minecraft:brain_coral_fan":13,"minecraft:mud_brick_wall":4,"minecraft:blast_furnace":10,"minecraft:white_bed":4,"minecraft:gold_ore":14,"alexscaves:hazmat_boots":2,"minecraft:green_carpet":11,"minecraft:mossy_stone_brick_slab":1,"minecraft:spider_eye":32,"minecraft:stripped_jungle_log":31,"alexsmobs:raw_catfish":14,"minecraft:campfire":11,"minecraft:iron_helmet":13,"minecraft:red_concrete":1,"minecraft:coal":460},"minecraft:killed_by":{"bosses_of_mass_destruction:void_blossom":1},"minecraft:broken":{"minecraft:shield":1,"minecraft:iron_pickaxe":1,"minecraft:iron_axe":3},"minecraft:crafted":{"minecraft:oak_sign":9,"supplementaries:blackstone_tile_stairs":20,"minecraft:blaze_powder":26,"minecraft:diamond_shovel":1,"alexsmobs:froststalker_helmet":1,"minecraft:nether_brick":75,"minecraft:shulker_box":2,"cataclysm:abyssal_sacrifice":1,"minecraft:diamond_helmet":1,"minecraft:beacon":1,"alexscaves:uranium_rod":1,"supplementaries:cage":1,"waystones:warp_stone":3,"minecraft:stone_brick_stairs":60,"minecraft:lectern":1,"minecraft:stone_slab":132,"minecraft:iron_pickaxe":3,"minecraft:acacia_door":30,"minecraft:sandstone":426,"minecraft:netherite_ingot":4,"minecraft:polished_blackstone_bricks":12,"minecraft:jungle_sign":15,"minecraft:iron_nugget":63,"minecraft:light_gray_wool":6,"stalwart_dungeons:diamond_hammer":1,"minecraft:spruce_fence":48,"minecraft:stone_stairs":60,"minecraft:lantern":7,"minecraft:spruce_stairs":80,"minecraft:light_gray_shulker_box":1,"minecraft:stone_pickaxe":3,"minecraft:spruce_boat":5,"minecraft:acacia_trapdoor":16,"minecraft:acacia_stairs":40,"minecraft:red_carpet":9,"minecraft:enchanted_book":40,"deeperdarker:reinforced_echo_shard":1,"minecraft:birch_trapdoor":26,"minecraft:armor_stand":2,"supplementaries:blackstone_tile_wall":6,"minecraft:grindstone":1,"alexscaves:polymer_plate":16,"minecraft:cobblestone_slab":12,"minecraft:barrel":9,"minecraft:stone":412,"minecraft:brown_carpet":3,"minecraft:stone_brick_slab":126,"minecraft:bow":2,"minecraft:chest":80,"minecraft:netherite_helmet":4,"minecraft:oak_button":1,"minecraft:jungle_stairs":40,"minecraft:stone_bricks":1304,"minecraft:white_banner":1,"minecraft:cauldron":2,"minecraft:iron_helmet":3,"minecraft:brown_dye":2,"minecraft:red_wool":6,"minecraft:spruce_trapdoor":124,"minecraft:totem_of_undying":1,"minecraft:yellow_dye":13,"minecraft:stick":31928,"minecraft:iron_ingot":285,"minecraft:tripwire_hook":4,"minecraft:stone_brick_wall":12,"minecraft:netherite_sword":1,"minecraft:spruce_button":64,"minecraft:furnace":25,"graveyard:dark_iron_ingot":18,"minecraft:oak_trapdoor":44,"minecraft:flint_and_steel":1,"minecraft:netherite_chestplate":3,"alexscaves:ominous_catalyst":1,"minecraft:birch_sign":60,"paraglider:paraglider":1,"minecraft:iron_sword":2,"minecraft:mangrove_planks":744,"minecraft:acacia_boat":1,"minecraft:jungle_planks":1748,"minecraft:netherite_shovel":1,"minecraft:stonecutter":1,"cataclysm:ignitium_boots":1,"minecraft:torch":508,"deeperdarker:echo_planks":20,"minecraft:diamond_chestplate":1,"minecraft:smooth_stone":12,"minecraft:cut_sandstone":4,"waystones:waystone":3,"minecraft:lever":3,"minecraft:bookshelf":2,"minecraft:cooked_mutton":15,"minecraft:iron_bars":16,"minecraft:magenta_shulker_box":1,"minecraft:glass":200,"minecraft:netherite_boots":3,"minecraft:mangrove_stairs":284,"minecraft:polished_blackstone":12,"minecraft:birch_door":3,"minecraft:magenta_dye":9,"minecraft:flower_pot":5,"minecraft:wooden_shovel":1,"minecraft:emerald":1402,"minecraft:cooked_porkchop":7,"minecraft:diamond_axe":1,"alexscaves:raygun":1,"minecraft:campfire":1,"graveyard:candle_holder":6,"minecraft:iron_block":48,"minecraft:gold_ingot":27,"minecraft:light_gray_dye":10,"minecraft:smooth_stone_slab":6,"minecraft:pink_dye":2,"minecraft:white_carpet":9,"minecraft:diamond":135,"minecraft:netherite_axe":1,"minecraft:ladder":9,"minecraft:spruce_slab":18,"graveyard:upper_bone_staff":1,"minecraft:redstone_block":8,"minecraft:jungle_fence":96,"minecraft:dark_oak_planks":44,"minecraft:wheat":207,"minecraft:netherite_pickaxe":1,"cataclysm:ignitium_chestplate":1,"minecraft:sandstone_slab":72,"minecraft:jungle_slab":138,"minecraft:polished_blackstone_brick_wall":6,"minecraft:oak_stairs":4,"minecraft:iron_leggings":2,"minecraft:white_bed":1,"cataclysm:ignitium_helmet":1,"minecraft:brick":116,"minecraft:ancient_debris":1,"cataclysm:ignitium_upgrade_smithing_template":3,"minecraft:oak_planks":1408,"alexscaves:pewen_planks":60,"minecraft:green_dye":1,"minecraft:hopper":6,"minecraft:iron_boots":2,"alexscaves:primitive_club":1,"minecraft:netherite_upgrade_smithing_template":21,"stalwart_dungeons:tungsten_axe":1,"minecraft:smoker":7,"minecraft:item_frame":19,"minecraft:oak_slab":210,"minecraft:crafting_table":28,"minecraft:spruce_planks":16716,"minecraft:mud_brick_slab":36,"minecraft:wooden_pickaxe":1,"minecraft:mangrove_trapdoor":2,"minecraft:gold_block":61,"minecraft:birch_planks":240,"minecraft:iron_chestplate":2,"minecraft:emerald_block":45,"minecraft:diamond_pickaxe":3,"minecraft:shield":1,"deeperdarker:warden_pickaxe":1,"minecraft:polished_blackstone_brick_stairs":20,"minecraft:light_gray_carpet":9,"bosses_of_mass_destruction:charged_ender_pearl":1,"minecraft:shears":2,"minecraft:light_gray_stained_glass_pane":32,"minecraft:sandstone_stairs":8,"minecraft:coal":63,"minecraft:light_gray_stained_glass":16,"alexscaves:dinosaur_nugget":12,"minecraft:stone_button":4,"minecraft:jungle_trapdoor":22,"minecraft:diamond_block":89,"minecraft:netherite_leggings":3,"minecraft:iron_axe":3,"minecraft:netherite_scrap":6,"minecraft:cooked_beef":10,"minecraft:red_dye":6,"minecraft:crimson_planks":8,"supplementaries:item_shelf":2,"minecraft:spruce_sign":228,"minecraft:smooth_sandstone":24,"minecraft:nether_bricks":12,"minecraft:bucket":4,"minecraft:stone_axe":1,"minecraft:air":0,"minecraft:bread":428,"minecraft:oak_boat":7,"alexscaves:limestone_spear":64,"minecraft:brown_wool":2,"minecraft:pumpkin_pie":96,"minecraft:acacia_planks":316},"minecraft:mined":{"minecraft:cut_sandstone_slab":8,"eeeabsmobs:soul_light":5,"minecraft:white_bed":4,"graveyard:gray_urn":1,"minecraft:fire_coral_wall_fan":4,"graveyard:candle_holder":7,"minecraft:red_nether_bricks":2,"alexscaves:azure_neodymium_pillar":22,"alexscaves:limestone":102,"minecraft:potted_dead_bush":1,"minecraft:granite":13,"minecraft:acacia_log":12,"minecraft:oak_wall_sign":1,"minecraft:spawner":125,"minecraft:polished_blackstone_bricks":139,"minecraft:magma_block":147,"supplementaries:sign_post":4,"minecraft:mossy_cobblestone_stairs":1,"minecraft:cobbled_deepslate":27,"minecraft:fire":16,"minecraft:barrel":15,"supplementaries:globe":8,"minecraft:deepslate_lapis_ore":1,"minecraft:fletching_table":2,"minecraft:nether_brick_stairs":5,"amendments:wall_lantern":6,"minecraft:green_carpet":11,"minecraft:pink_tulip":3,"minecraft:spruce_wood":8,"minecraft:player_head":7,"minecraft:tripwire":17,"minecraft:orange_bed":1,"minecraft:jungle_trapdoor":19,"minecraft:sandstone_slab":20,"minecraft:cut_sandstone":15,"minecraft:kelp_plant":29,"minecraft:crimson_nylium":1,"graveyard:dark_iron_trapdoor":5,"minecraft:deepslate_brick_wall":1,"minecraft:smoker":1,"deeperdarker:sculk_stone":179,"minecraft:piglin_head":1,"minecraft:torch":66,"minecraft:dead_bush":5,"alexscaves:energized_galena_scarlet":23,"minecraft:spruce_wall_sign":19,"minecraft:smooth_quartz_slab":1,"minecraft:white_candle":7,"minecraft:tube_coral_fan":1,"minecraft:sugar_cane":7,"minecraft:bricks":1,"minecraft:amethyst_block":7,"minecraft:chain":1,"minecraft:mud":2,"minecraft:tinted_glass":4,"paraglider:horned_statue":3,"minecraft:grass":79,"minecraft:smooth_quartz":17,"alexscaves:radon_lamp_white":1,"minecraft:mangrove_log":177,"minecraft:smooth_basalt":92,"minecraft:deepslate":18,"alexscaves:flood_basalt":1,"minecraft:deepslate_tiles":253,"minecraft:dark_prismarine":69,"alexscaves:acidic_radrock":1,"alexscaves:primal_magma":134,"minecraft:mossy_cobblestone":17,"minecraft:sea_lantern":97,"minecraft:dark_oak_fence":2,"cataclysm:stone_tile_stairs":1,"minecraft:spruce_fence":13,"graveyard:tg_deepslate":5,"minecraft:redstone_wire":1,"minecraft:cartography_table":2,"minecraft:red_mushroom":12,"alexscaves:galena":187,"minecraft:horn_coral":1,"alexscaves:archaic_vine_plant":5,"minecraft:redstone_ore":8,"minecraft:waxed_oxidized_cut_copper":1,"minecraft:packed_mud":65,"minecraft:acacia_trapdoor":3,"minecraft:andesite":3,"minecraft:mossy_stone_brick_stairs":4,"minecraft:cobblestone_slab":3,"minecraft:vine":19,"minecraft:brain_coral_wall_fan":8,"alexscaves:scrap_metal":3,"minecraft:fire_coral_block":3,"minecraft:birch_stairs":2,"minecraft:mud_brick_slab":7,"minecraft:oak_slab":12,"minecraft:redstone_block":1,"minecraft:glass_pane":2,"minecraft:soul_sand":1,"minecraft:lily_of_the_valley":1,"minecraft:polished_blackstone_brick_wall":5,"minecraft:dandelion":14,"minecraft:fire_coral":1,"minecraft:cornflower":5,"alexscaves:flytrap":3,"graveyard:tg_rooted_dirt":2,"minecraft:copper_ore":58,"minecraft:campfire":12,"minecraft:tall_grass":33,"minecraft:brain_coral_fan":3,"minecraft:deepslate_gold_ore":1,"minecraft:diorite":5,"minecraft:warped_wart_block":2,"minecraft:red_terracotta":1,"minecraft:coarse_dirt":2,"minecraft:light_blue_bed":6,"minecraft:stripped_spruce_wood":1,"alexscaves:potted_cycad":1,"minecraft:creeper_head":1,"minecraft:mangrove_leaves":2,"alexscaves:geothermal_vent_thin":1,"minecraft:sunflower":1,"minecraft:gravel":32,"minecraft:cobweb":38,"minecraft:oak_button":2,"minecraft:stone_bricks":296,"minecraft:gold_ore":15,"minecraft:iron_trapdoor":2,"minecraft:fern":26,"graveyard:hanged_skeleton":6,"minecraft:mossy_stone_brick_slab":1,"alexscaves:geothermal_vent_medium":2,"minecraft:brewing_stand":3,"minecraft:spruce_trapdoor":81,"alexscaves:geothermal_vent":1,"minecraft:budding_amethyst":1,"alexscaves:pewen_branch":1,"minecraft:cracked_polished_blackstone_bricks":35,"alexscaves:sulfur":10,"minecraft:polished_blackstone_brick_slab":2,"minecraft:composter":11,"minecraft:brown_bed":1,"minecraft:green_stained_glass":1,"create:asurine":4,"minecraft:skeleton_wall_skull":2,"supplementaries:stick":566,"minecraft:iron_bars":35,"alexscaves:ambersol":3,"alexscaves:sulfur_bud_large":1,"minecraft:spruce_slab":13,"minecraft:waxed_cut_copper":1,"minecraft:deepslate_redstone_ore":9,"minecraft:quartz_block":22,"minecraft:medium_amethyst_bud":2,"alexscaves:energized_galena_neutral":2,"minecraft:jungle_stairs":4,"minecraft:mossy_cobblestone_wall":1,"minecraft:nether_quartz_ore":1,"minecraft:oak_planks":108,"minecraft:light_blue_banner":1,"graveyard:gravestone":2,"minecraft:wall_torch":30,"minecraft:stone_stairs":32,"minecraft:fire_coral_fan":2,"minecraft:warped_nylium":3,"minecraft:warped_planks":1,"graveyard:skull_pile":1,"minecraft:oak_log":19,"minecraft:dirt":704,"alexscaves:unrefined_waste":2,"minecraft:ancient_debris":2,"minecraft:crying_obsidian":2,"minecraft:stripped_mangrove_log":14,"minecraft:glow_lichen":1,"minecraft:lever":2,"minecraft:ladder":5,"minecraft:tube_coral_wall_fan":4,"minecraft:stone_button":1,"minecraft:decorated_pot":6,"minecraft:brown_mushroom_block":7,"alexscaves:galena_spire":4,"minecraft:spruce_leaves":37,"minecraft:hay_block":19,"graveyard:soul_fire_brazier":19,"minecraft:light_gray_shulker_box":84,"minecraft:peony":3,"minecraft:gold_block":62,"minecraft:bookshelf":69,"minecraft:deepslate_iron_ore":1,"minecraft:acacia_leaves":4,"minecraft:scaffolding":3,"minecraft:basalt":74,"alexscaves:cave_painting_tremorsaurus":1,"graveyard:small_light_gray_urn":2,"eeeabsmobs:tomb_gas_trap":2,"minecraft:lime_carpet":1,"minecraft:stone_slab":26,"minecraft:deepslate_coal_ore":8,"minecraft:red_concrete":1,"minecraft:polished_blackstone_brick_stairs":2,"supplementaries:cage":13,"minecraft:prismarine_bricks":7,"minecraft:birch_planks":1,"minecraft:bubble_coral":2,"minecraft:sea_pickle":11,"minecraft:ice":31,"minecraft:white_wall_banner":3,"elevatorid:elevator_white":1,"minecraft:cocoa":1,"minecraft:ochre_froglight":1,"minecraft:cyan_carpet":2,"minecraft:flower_pot":4,"graveyard:leaning_skeleton":4,"minecraft:cracked_stone_bricks":7,"alexscaves:scarlet_magnet":1,"minecraft:small_dripleaf":1,"minecraft:mossy_stone_bricks":2,"alexscaves:scarlet_neodymium_pillar":24,"paraglider:goddess_statue":2,"alexscaves:scrap_metal_plate":10,"minecraft:dark_oak_planks":2,"minecraft:dark_prismarine_stairs":1,"graveyard:pedestal":5,"minecraft:jungle_leaves":3,"minecraft:obsidian":15,"minecraft:red_sand":1,"minecraft:chiseled_polished_blackstone":6,"minecraft:stone_brick_wall":4,"minecraft:yellow_carpet":4,"minecraft:jungle_log":17,"deeperdarker:echo_soil":5,"minecraft:horn_coral_fan":5,"minecraft:coal_block":41,"minecraft:deepslate_bricks":328,"minecraft:bubble_coral_block":7,"minecraft:tube_coral_block":10,"minecraft:hopper":8,"alexscaves:rusty_rebar":7,"minecraft:chiseled_stone_bricks":6,"minecraft:orange_concrete":1,"minecraft:tall_seagrass":1,"minecraft:brown_stained_glass":1,"minecraft:sticky_piston":1,"graveyard:ossuary":3,"minecraft:stripped_dark_oak_wood":11,"minecraft:enchanting_table":4,"minecraft:smooth_red_sandstone":1,"minecraft:sculk_shrieker":2,"minecraft:cave_vines":4,"minecraft:oak_stairs":4,"minecraft:deepslate_brick_stairs":13,"minecraft:smooth_sandstone_stairs":7,"minecraft:stripped_mangrove_wood":6,"minecraft:iron_block":1,"minecraft:piston_head":1,"bygonenether:withered_coal_block":2,"minecraft:brown_mushroom":9,"alexscaves:amber":33,"minecraft:red_bed":4,"minecraft:player_wall_head":1,"minecraft:amethyst_cluster":10,"minecraft:soul_fire":1,"minecraft:blast_furnace":2,"create:framed_glass":3,"create:scoria":3,"minecraft:glass":19,"minecraft:damaged_anvil":1,"minecraft:skeleton_skull":7,"minecraft:cyan_wool":2,"minecraft:wheat":33,"minecraft:lilac":5,"minecraft:birch_door":3,"minecraft:black_bed":1,"minecraft:stone_brick_stairs":46,"supplementaries:blackstone_tile":73,"deeperdarker:gloomy_cactus":1,"minecraft:stonecutter":10,"minecraft:piston":1,"minecraft:yellow_terracotta":6,"lightmanscurrency:sus_jar":2,"alexscaves:radrock":181,"minecraft:shulker_box":22,"alexscaves:metal_barrel":1,"minecraft:cobbled_deepslate_slab":8,"minecraft:nether_bricks":12,"minecraft:allium":11,"minecraft:jungle_planks":2,"minecraft:moss_block":2,"minecraft:kelp":67,"minecraft:horn_coral_wall_fan":12,"minecraft:black_stained_glass_pane":2,"deeperdarker:sculk_stone_iron_ore":15,"minecraft:snow":11,"minecraft:diamond_block":12,"alexscaves:heart_of_iron":3,"minecraft:smooth_quartz_stairs":1,"minecraft:brain_coral":1,"minecraft:cake":1,"minecraft:smithing_table":8,"alexscaves:tesla_bulb":7,"minecraft:mangrove_stairs":66,"minecraft:hanging_roots":2,"alexscaves:azure_neodymium_node":2,"minecraft:brown_carpet":2,"minecraft:stone_brick_slab":14,"minecraft:observer":4,"minecraft:smooth_sandstone":42,"minecraft:cobbled_deepslate_wall":2,"supplementaries:item_shelf":2,"alexscaves:archaic_vine":1,"minecraft:cracked_deepslate_bricks":51,"graveyard:vase_block":1,"amendments:carpet_slab":1,"minecraft:purple_stained_glass":2,"minecraft:white_carpet":3,"minecraft:spruce_log":32,"minecraft:birch_leaves":3,"minecraft:jungle_fence":24,"minecraft:mycelium":31,"alexscaves:cycad":19,"minecraft:acacia_door":2,"minecraft:acacia_planks":3,"minecraft:waxed_cut_copper_slab":1,"minecraft:large_amethyst_bud":2,"create:deepslate_zinc_ore":7,"minecraft:spruce_planks":83,"minecraft:cobbled_deepslate_stairs":5,"minecraft:jungle_slab":35,"supplementaries:candle_holder":2,"minecraft:sculk_vein":13,"minecraft:cave_vines_plant":5,"cataclysm:stone_pillar":4,"minecraft:stripped_crimson_hyphae":2,"minecraft:grass_block":13,"minecraft:dead_tube_coral_block":4,"minecraft:purple_stained_glass_pane":3,"graveyard:dark_iron_door":8,"minecraft:mud_bricks":53,"minecraft:mud_brick_wall":3,"minecraft:sandstone_stairs":11,"minecraft:smooth_stone":4,"supplementaries:blackstone_tile_wall":4,"minecraft:red_nether_brick_stairs":3,"minecraft:iron_ore":76,"graveyard:upper_bone_staff":2,"minecraft:black_carpet":10,"minecraft:anvil":8,"alexscaves:amber_monolith":1,"minecraft:azure_bluet":10,"minecraft:dark_oak_stairs":3,"alexscaves:underweed":2,"minecraft:purple_carpet":9,"minecraft:black_candle":1,"minecraft:brain_coral_block":4,"minecraft:green_bed":2,"alexscaves:fern_thatch":1,"minecraft:blackstone":861,"minecraft:polished_deepslate_stairs":1,"supplementaries:book_pile":8,"stalwart_dungeons:transient_block_close":1,"alexscaves:cinder_block_wall":1,"minecraft:clay":47,"alexscaves:ancient_leaves":6,"minecraft:calcite":15,"minecraft:poppy":6,"minecraft:chest":62,"supplementaries:wild_flax":1,"minecraft:mushroom_stem":4,"minecraft:cobblestone":66,"graveyard:skeleton_hand":9,"minecraft:slime_block":4,"minecraft:grindstone":10,"minecraft:prismarine":2,"minecraft:magenta_shulker_box":106,"minecraft:seagrass":2,"amendments:directional_cake":1,"minecraft:birch_trapdoor":5,"minecraft:cracked_deepslate_tiles":17,"graveyard:creeper_skeleton":1,"minecraft:sand":2275,"minecraft:crimson_planks":2,"graveyard:small_cyan_urn":1,"minecraft:tripwire_hook":2,"minecraft:wither_skeleton_skull":2,"minecraft:netherrack":186,"minecraft:polished_deepslate_wall":2,"create:crimsite":17,"minecraft:oak_leaves":25,"minecraft:horn_coral_block":9,"minecraft:emerald_block":16,"alexscaves:spelunkery_table":7,"minecraft:diamond_ore":4,"minecraft:nether_gold_ore":2,"minecraft:tube_coral":3,"minecraft:tuff":13,"minecraft:deepslate_diamond_ore":12,"minecraft:potted_wither_rose":1,"minecraft:candle":12,"alexscaves:sulfur_cluster":6,"minecraft:mangrove_trapdoor":1,"minecraft:sandstone":1261,"minecraft:large_fern":6,"alexscaves:radrock_uranium_ore":119,"minecraft:deepslate_brick_slab":7,"alexscaves:subterranodon_egg":2,"minecraft:oak_trapdoor":6,"minecraft:furnace":9,"bygonenether:withered_blackstone":1,"alexscaves:energized_galena_azure":1,"minecraft:chiseled_sandstone":2,"minecraft:acacia_stairs":2,"minecraft:stripped_spruce_log":141,"minecraft:black_concrete":1,"treechop:chopped_log":225,"alexscaves:radrock_slab":1,"minecraft:polished_deepslate":2,"minecraft:lantern":12,"minecraft:stripped_acacia_log":27,"minecraft:stripped_jungle_log":31,"alexscaves:curly_fern":17,"minecraft:white_tulip":1,"minecraft:stone":8202,"minecraft:podzol":22,"supplementaries:book_pile_horizontal":10,"alexscaves:cooked_dinosaur_chop":1,"minecraft:crafting_table":42,"minecraft:blackstone_slab":3,"minecraft:rose_bush":3,"alexscaves:tree_star":1,"minecraft:andesite_slab":2,"minecraft:sculk_sensor":8,"minecraft:lectern":490,"alexscaves:metal_swarf":31,"minecraft:lapis_ore":4,"minecraft:sculk":373,"minecraft:blue_bed":4,"supplementaries:urn":21,"minecraft:spruce_stairs":43,"minecraft:gray_wool":1,"alexscaves:nuclear_siren":2,"alexscaves:galena_iron_ore":29,"minecraft:beehive":2,"minecraft:redstone_torch":1,"alexscaves:waste_drum":17,"graveyard:dark_iron_bars":2,"minecraft:coal_ore":108,"minecraft:end_rod":21,"minecraft:bubble_coral_wall_fan":5,"minecraft:gray_carpet":6,"minecraft:polished_andesite":1,"alexscaves:radon_lamp_lime":1},"minecraft:dropped":{"minecraft:iron_sword":5,"minecraft:porkchop":1,"minecraft:mud_brick_slab":1,"minecraft:diamond":6,"minecraft:glass_bottle":15,"minecraft:crafting_table":5,"graveyard:corruption":10,"minecraft:emerald":111,"minecraft:gold_block":47,"alexscaves:dinosaur_nugget":16,"minecraft:gold_nugget":31,"alexscaves:telecore":1,"minecraft:sand":338,"alexscaves:raygun":1,"minecraft:stone_axe":2,"minecraft:compass":1,"minecraft:iron_nugget":11,"minecraft:cobbled_deepslate":8,"alexscaves:cave_tablet":2,"minecraft:netherite_sword":1,"camera:image":7,"minecraft:rotten_flesh":100,"minecraft:grindstone":2,"minecraft:oak_planks":201,"minecraft:bamboo_door":1,"alexscaves:cave_book":1,"alexscaves:dinosaur_chop":2,"minecraft:coal_ore":2,"minecraft:quartz_block":3,"minecraft:jungle_log":198,"minecraft:leather_boots":1,"minecraft:acacia_sapling":53,"camera:camera":1,"minecraft:leather_leggings":2,"minecraft:painting":2,"minecraft:red_nether_bricks":3,"minecraft:beef":10,"minecraft:stone_brick_stairs":1,"camera:album":2,"minecraft:wheat_seeds":98,"minecraft:book":13,"alexscaves:limestone_spear":16,"minecraft:prismarine_crystals":2,"alexsmobs:rattlesnake_rattle":1,"minecraft:golden_apple":12,"minecraft:yellow_carpet":2,"alexsmobs:raw_catfish":14,"alexscaves:cave_painting_pewen":1,"minecraft:ink_sac":3,"minecraft:potion":6,"minecraft:red_dye":1,"alexscaves:primitive_club":3,"minecraft:chainmail_leggings":2,"minecraft:smooth_sandstone":4,"minecraft:acacia_planks":7,"create:raw_zinc":6,"alexsmobs:crocodile_scute":2,"minecraft:creeper_head":1,"minecraft:player_head":1,"minecraft:experience_bottle":2,"minecraft:white_carpet":3,"alexscaves:tree_star":21,"minecraft:clay_ball":12,"minecraft:iron_boots":4,"minecraft:name_tag":2,"minecraft:cobbled_deepslate_slab":1,"minecraft:polished_deepslate_stairs":1,"lightmanscurrency:coin_gold":113,"minecraft:diamond_sword":5,"cataclysm:tidal_claws":1,"alexscaves:archaic_vine":8,"alexscaves:heavy_bone":1,"minecraft:waxed_cut_copper":1,"minecraft:spruce_planks":8,"minecraft:peony":3,"minecraft:spruce_trapdoor":25,"minecraft:diamond_pickaxe":7,"minecraft:redstone_torch":1,"minecraft:stone_bricks":4,"minecraft:sandstone":2,"lightmanscurrency:coin_iron":423,"minecraft:bow":3,"alexscaves:cave_painting_subterranodon":1,"minecraft:magma_block":5,"minecraft:nether_brick_stairs":1,"minecraft:acacia_boat":1,"minecraft:soul_sand":1,"minecraft:leather":26,"minecraft:jungle_planks":132,"minecraft:polished_blackstone_brick_wall":1,"paraglider:spirit_orb":109,"minecraft:cod":2,"minecraft:packed_ice":16,"minecraft:mutton":14,"minecraft:snowball":10,"alexscaves:cave_map":1,"paraglider:paraglider":3,"alexscaves:azure_neodymium_pillar":24,"minecraft:gold_ingot":28,"alexscaves:pewen_sapling":5,"minecraft:cooked_mutton":9,"alexscaves:pewen_wood":1,"supplementaries:antique_ink":5,"minecraft:leather_chestplate":1,"minecraft:stone_brick_wall":5,"minecraft:iron_bars":6,"alexsmobs:banana":5,"minecraft:purple_carpet":10,"minecraft:bread":53,"minecraft:lilac":1,"eeeabsmobs:heart_of_pagan":2,"minecraft:amethyst_block":5,"alexscaves:cave_painting_footprints":3,"minecraft:tropical_fish":1,"minecraft:nether_wart_block":1,"minecraft:light_gray_shulker_box":2,"minecraft:polished_basalt":1,"alexscaves:cave_painting_grottoceratops":2,"minecraft:kelp":19,"minecraft:oak_trapdoor":5,"cataclysm:ignitium_ingot":3,"lightmanscurrency:coin_diamond":4,"alexscaves:metal_swarf":3,"minecraft:flint_and_steel":1,"minecraft:deepslate_bricks":2,"minecraft:mud_bricks":1,"cataclysm:abyssal_sacrifice":1,"alexsmobs:mungal_spores":9,"minecraft:oak_sapling":117,"minecraft:spruce_log":196,"minecraft:wooden_pickaxe":2,"minecraft:brick":4,"minecraft:cooked_beef":4,"alexscaves:curly_fern":13,"minecraft:sandstone_stairs":5,"alexscaves:flytrap":6,"minecraft:cookie":63,"supplementaries:candle_holder":2,"minecraft:leather_helmet":3,"cataclysm:music_disc_the_harbinger":1,"minecraft:dirt":75,"minecraft:packed_mud":4,"alexscaves:cinder_brick":46,"minecraft:yellow_dye":1,"minecraft:cracked_deepslate_tiles":1,"alexscaves:primal_magma":16,"minecraft:jungle_sapling":18,"alexsmobs:emu_feather":2,"minecraft:deepslate_coal_ore":1,"minecraft:bone_meal":1,"minecraft:phantom_membrane":4,"minecraft:iron_pickaxe":3,"alexscaves:cycad":4,"minecraft:cyan_carpet":1,"minecraft:bone":92,"alexscaves:amber_curiosity":2,"graveyard:dark_iron_trapdoor":1,"alexscaves:waste_drum":1,"minecraft:golden_chestplate":4,"minecraft:birch_sapling":2,"minecraft:waxed_weathered_copper":4,"minecraft:deepslate_brick_slab":1,"minecraft:blaze_powder":3,"create:asurine":4,"alexscaves:cave_painting_footprint":2,"stalwart_dungeons:diamond_hammer":3,"supplementaries:flax_seeds":5,"minecraft:deepslate_tiles":4,"minecraft:hopper":3,"minecraft:dead_tube_coral_block":4,"minecraft:egg":2,"minecraft:enchanted_book":4,"minecraft:iron_ingot":5,"minecraft:tnt":4,"lightmanscurrency:coin_emerald":13,"minecraft:feather":16,"minecraft:iron_helmet":3,"minecraft:yellow_terracotta":6,"minecraft:cobblestone":2,"minecraft:apple":16,"minecraft:granite":2,"minecraft:coal":12,"alexscaves:trilocaris_tail":4,"alexscaves:ancient_sapling":32,"minecraft:rose_bush":1,"minecraft:diamond_helmet":2,"alexscaves:limestone":63,"minecraft:string":39,"minecraft:spruce_sapling":370,"alexscaves:uranium":1,"minecraft:deepslate":2,"minecraft:spruce_fence":1,"minecraft:pumpkin_seeds":1,"minecraft:lily_of_the_valley":1,"minecraft:stone":386,"minecraft:allium":2,"alexscaves:cooked_radgill":1,"minecraft:spider_eye":13,"minecraft:brown_carpet":1,"minecraft:magenta_dye":9,"minecraft:red_tulip":1,"minecraft:dark_prismarine":4,"minecraft:spruce_sign":3,"minecraft:dark_oak_stairs":8,"lightmanscurrency:coin_copper":840,"minecraft:sandstone_slab":3,"alexscaves:cave_painting_tremorsaurus":2,"alexscaves:ambersol":1,"alexsmobs:bison_fur":3,"minecraft:flint":5,"alexscaves:galena":2,"minecraft:crimson_trapdoor":2,"minecraft:cornflower":9,"minecraft:coast_armor_trim_smithing_template":2,"minecraft:amethyst_shard":38,"alexscaves:ferrouslime_ball":1,"minecraft:glistering_melon_slice":18,"eeeabsmobs:soul_summoning_necklace":3,"minecraft:gravel":17,"alexscaves:cave_painting_trilocaris":2,"minecraft:blackstone":3,"alexscaves:amber":30,"immersive_melodies:flute":3,"minecraft:diamond_shovel":1,"minecraft:honey_bottle":1,"minecraft:carrot":59,"minecraft:chainmail_chestplate":1,"minecraft:poppy":2,"alexscaves:raw_scarlet_neodymium":7,"minecraft:oak_fence_gate":5,"supplementaries:ash":44,"minecraft:gunpowder":7,"minecraft:chainmail_boots":1,"minecraft:chest":3,"minecraft:arrow":17,"minecraft:basalt":3,"alexscaves:cooked_dinosaur_chop":16,"minecraft:prismarine_bricks":1,"minecraft:netherrack":1,"minecraft:water_bucket":1,"minecraft:mossy_cobblestone":1,"minecraft:prismarine_shard":8,"minecraft:lead":2,"minecraft:copper_ingot":3,"minecraft:stick":281,"alexsmobs:froststalker_helmet":1,"minecraft:deepslate_brick_stairs":5,"illagerinvasion:platinum_chunk":3,"minecraft:diorite":1,"minecraft:smooth_red_sandstone":1,"cataclysm:coral_chunk":1,"minecraft:torch":1,"minecraft:smooth_quartz":1,"minecraft:iron_leggings":5,"minecraft:iron_axe":1,"cataclysm:witherite_block":1,"minecraft:dandelion":2,"minecraft:redstone":2,"alexsmobs:maggot":7,"minecraft:coarse_dirt":1,"minecraft:raw_copper":5,"alexscaves:ominous_catalyst":1,"alexsmobs:bear_fur":1,"minecraft:red_terracotta":1,"minecraft:filled_map":4,"alexscaves:cave_painting_tree_stars":3,"graveyard:small_light_gray_urn":1,"minecraft:shield":3,"minecraft:iron_chestplate":1,"minecraft:blue_ice":18,"minecraft:oak_boat":1,"minecraft:golden_sword":1,"minecraft:stone_pickaxe":2,"minecraft:cracked_deepslate_bricks":2},"minecraft:killed":{"illagerinvasion:archivist":4,"illagerinvasion:basher":5,"minecraft:guardian":20,"alexscaves:radgill":2,"graveyard:acolyte":12,"eeeabsmobs:guling_sentinel":8,"creeperoverhaul:jungle_creeper":1,"deeperdarker:sculk_snapper":1,"alexsmobs:straddler":2,"alexsmobs:centipede_head":1,"minecraft:tropical_fish":20,"alexscaves:teletor":4,"minecraft:parrot":1,"alexscaves:gammaroach":13,"minecraft:elder_guardian":3,"stalwart_dungeons:giddy_blaze":4,"eeeabsmobs:corpse_warlock":3,"minecraft:pillager":208,"minecraft:zombie":230,"stalwart_dungeons:incomplete_wither":27,"alexscaves:trilocaris":38,"minecraft:evoker":2,"eeeabsmobs:corpse_villager":4,"alexscaves:brainiac":14,"graveyard:corrupted_vindicator":28,"minecraft:endermite":1,"minecraft:vindicator":13,"minecraft:warden":1,"cataclysm:deepling_angler":5,"minecraft:husk":19,"graveyard:ghoul":3,"cataclysm:the_watcher":5,"minecraft:frog":2,"eeeabsmobs:guling_sentinel_heavy":1,"alexsmobs:gelada_monkey":2,"cataclysm:ignis":2,"cataclysm:coralssus":1,"minecraft:witch":3,"alexsmobs:anaconda":2,"minecraft:spider":40,"cataclysm:the_harbinger":1,"alexsmobs:alligator_snapping_turtle":2,"illagerinvasion:provoker":5,"minecraft:silverfish":6,"minecraft:piglin_brute":8,"minecraft:piglin":14,"alexsmobs:grizzly_bear":2,"minecraft:zombie_villager":4,"alexsmobs:stradpole":3,"illagerinvasion:alchemist":1,"alexsmobs:crimson_mosquito":8,"minecraft:sheep":8,"minecraft:ghast":2,"bygonenether:warped_enderman":3,"graveyard:corrupted_pillager":28,"alexsmobs:bone_serpent":1,"minecraft:vex":21,"alexscaves:nucleeper":7,"bygonenether:wither_skeleton_knight":2,"alexscaves:relicheirus":5,"stalwart_dungeons:reinforced_blaze":12,"eeeabsmobs:nameless_guardian":1,"minecraft:hoglin":1,"alexsmobs:emu":1,"alexsmobs:cockroach":1,"eeeabsmobs:corpse":7,"minecraft:wither_skeleton":530,"minecraft:villager":3,"minecraft:cave_spider":21,"deeperdarker:sculk_centipede":9,"alexscaves:boundroid":2,"cataclysm:the_prowler":1,"graveyard:wraith":29,"minecraft:pufferfish":1,"minecraft:skeleton":118,"creeperoverhaul:cave_creeper":1,"illagerinvasion:necromancer":1,"minecraft:magma_cube":28,"endermanoverhaul:savanna_enderman":1,"creeperoverhaul:desert_creeper":4,"cataclysm:deepling":2,"minecraft:glow_squid":6,"minecraft:cow":17,"graveyard:nightmare":2,"illagerinvasion:marauder":4,"alexscaves:ferrouslime":10,"alexsmobs:seagull":3,"creeperoverhaul:snowy_creeper":1,"stalwart_dungeons:nether_wart_cocoon":1,"alexsmobs:guster":5,"endermanoverhaul:snowy_enderman":1,"alexsmobs:catfish":1,"alexscaves:grottoceratops":4,"minecraft:enderman":3,"graveyard:skeleton_creeper":2,"endermanoverhaul:mushroom_fields_enderman":3,"alexsmobs:froststalker":3,"alexsmobs:banana_slug":1,"alexscaves:notor":2,"eeeabsmobs:immortal_golem":9,"minecraft:pig":6,"alexsmobs:anteater":1,"alexsmobs:mantis_shrimp":2,"minecraft:creeper":24,"cataclysm:deepling_brute":1,"alexscaves:luxtructosaurus":1,"alexsmobs:fly":4,"minecraft:blaze":1,"alexscaves:vallumraptor":9,"cataclysm:ignited_revenant":1,"alexsmobs:tarantula_hawk":1,"alexscaves:raycat":1,"alexsmobs:rattlesnake":1,"minecraft:phantom":27,"cataclysm:the_leviathan":1,"friendsandfoes:mauler":2,"deeperdarker:shattered":14,"alexsmobs:bison":8,"cataclysm:lionfish":4,"creeperoverhaul:spruce_creeper":1,"minecraft:bat":2,"alexscaves:magnetron":2,"alexsmobs:crow":1},"minecraft:used":{"minecraft:moss_block":4,"minecraft:black_carpet":1,"minecraft:stone":1641,"alexscaves:galena_iron_ore":15,"minecraft:rotten_flesh":6,"minecraft:tube_coral":4,"graveyard:small_cyan_urn":1,"minecraft:soul_sand":2,"graveyard:vase_block":1,"minecraft:cracked_deepslate_tiles":6,"minecraft:deepslate_brick_slab":2,"graveyard:dark_iron_trapdoor":2,"minecraft:spruce_boat":17,"minecraft:jungle_sapling":3,"cataclysm:infernal_forge":31,"minecraft:mangrove_stairs":343,"friendsandfoes:totem_of_illusion":1,"lightmanscurrency:sus_jar":2,"alexscaves:energized_galena_scarlet":1,"alexsmobs:froststalker_helmet":1,"minecraft:bow":522,"alexscaves:metal_barrel":1,"minecraft:cooked_cod":3,"minecraft:oak_sapling":7,"minecraft:dark_prismarine_stairs":1,"minecraft:mossy_stone_bricks":1,"minecraft:leather_leggings":1,"minecraft:damaged_anvil":1,"minecraft:prismarine":1,"minecraft:blackstone":53,"minecraft:leather_chestplate":1,"minecraft:mossy_stone_brick_stairs":1,"alexsmobs:blobfish_bucket":5,"minecraft:wooden_pickaxe":8,"minecraft:composter":8,"minecraft:golden_apple":25,"minecraft:glow_berries":8,"minecraft:cut_sandstone_slab":28,"minecraft:blast_furnace":7,"minecraft:deepslate_brick_stairs":1,"minecraft:diamond":1,"alexscaves:tesla_bulb":5,"minecraft:diamond_sword":2895,"graveyard:upper_bone_staff":2,"alexscaves:heart_of_iron":1,"minecraft:smithing_table":5,"minecraft:oak_boat":65,"minecraft:oak_trapdoor":47,"minecraft:polished_blackstone_brick_slab":2,"minecraft:enchanting_table":3,"minecraft:orange_concrete":1,"minecraft:armor_stand":4,"minecraft:light_gray_carpet":10,"minecraft:tinted_glass":4,"supplementaries:blackstone_tile_wall":4,"minecraft:torch":614,"minecraft:brewing_stand":3,"minecraft:nether_quartz_ore":1,"minecraft:yellow_carpet":2,"minecraft:sea_lantern":105,"minecraft:iron_block":1,"minecraft:jungle_log":39,"minecraft:barrel":20,"graveyard:leaning_skeleton":2,"minecraft:diamond_chestplate":1,"minecraft:basalt":67,"minecraft:acacia_planks":94,"minecraft:horn_coral_fan":20,"minecraft:calcite":2,"minecraft:wheat_seeds":23,"minecraft:tube_coral_block":18,"minecraft:birch_planks":1,"minecraft:waxed_oxidized_cut_copper":1,"minecraft:cauldron":2,"minecraft:glow_ink_sac":10,"graveyard:ossuary":3,"minecraft:deepslate_bricks":153,"alexscaves:primitive_club":2,"minecraft:diamond_block":4,"minecraft:red_bed":5,"minecraft:green_dye":1,"minecraft:white_bed":5,"minecraft:campfire":10,"minecraft:spruce_log":148,"minecraft:yellow_dye":1,"minecraft:diamond_pickaxe":12501,"minecraft:diamond_shovel":2925,"alexscaves:radrock_uranium_ore":59,"minecraft:oak_button":3,"alexscaves:spelunkie":6,"alexsmobs:sombrero":1,"minecraft:spruce_trapdoor":173,"minecraft:spruce_sapling":77,"minecraft:green_carpet":11,"minecraft:enchanted_book":13,"minecraft:potion":5,"minecraft:cooked_porkchop":11,"minecraft:diamond_leggings":1,"alexsmobs:large_catfish_bucket":10,"minecraft:light_blue_banner":1,"minecraft:red_sand":1,"minecraft:polished_deepslate":1,"minecraft:light_gray_stained_glass_pane":23,"minecraft:decorated_pot":1,"minecraft:bubble_coral":3,"alexsmobs:medium_catfish_bucket":1,"supplementaries:globe":11,"paraglider:goddess_statue":2,"minecraft:jungle_planks":31,"minecraft:obsidian":10,"minecraft:honey_bottle":2,"minecraft:mangrove_log":242,"minecraft:lantern":26,"minecraft:polished_blackstone_brick_wall":5,"minecraft:warped_nylium":3,"create:scoria":3,"minecraft:light_blue_bed":6,"minecraft:item_frame":28,"minecraft:birch_trapdoor":28,"minecraft:written_book":1,"cataclysm:coral_spear":3,"minecraft:gold_block":25,"minecraft:skeleton_skull":11,"immersive_melodies:flute":1,"minecraft:tube_coral_fan":14,"minecraft:end_rod":8,"minecraft:diamond_boots":1,"minecraft:wither_skeleton_skull":1,"minecraft:stripped_acacia_log":27,"minecraft:stone_pickaxe":101,"minecraft:gray_carpet":1,"minecraft:oak_planks":545,"minecraft:jungle_fence":26,"minecraft:mangrove_planks":11,"minecraft:sandstone":676,"minecraft:diamond_axe":4686,"minecraft:white_wool":1,"graveyard:hanged_skeleton":6,"alexsmobs:terrapin_bucket":1,"waystones:waystone":14,"minecraft:lever":5,"minecraft:acacia_door":18,"minecraft:bread":448,"minecraft:deepslate":2,"minecraft:chain":1,"graveyard:candle_holder":11,"minecraft:netherite_sword":2503,"minecraft:flint_and_steel":18,"minecraft:dirt":176,"alexsmobs:maraca":9,"alexsmobs:cooked_kangaroo_meat":135,"alexscaves:limestone":71,"minecraft:spruce_fence":16,"supplementaries:item_shelf":4,"alexscaves:limestone_spear":24,"minecraft:oak_stairs":4,"minecraft:smooth_sandstone":37,"alexsmobs:platypus_bucket":4,"bygonenether:warped_ender_pearl":2,"minecraft:netherite_pickaxe":2257,"alexsmobs:banana":1,"minecraft:cooked_beef":143,"minecraft:enchanted_golden_apple":9,"minecraft:iron_leggings":1,"minecraft:quartz_bricks":3,"alexscaves:dinosaur_nugget":142,"minecraft:baked_potato":13,"minecraft:brown_mushroom":2,"minecraft:cut_sandstone":55,"minecraft:spruce_sign":182,"minecraft:green_bed":2,"minecraft:warped_roots":1,"supplementaries:urn":3,"graveyard:soul_fire_brazier":12,"minecraft:red_mushroom":12,"alexscaves:curly_fern":1,"bosses_of_mass_destruction:soul_star":3,"minecraft:flower_pot":5,"alexscaves:slam":10,"supplementaries:cage":32,"alexscaves:radgill_bucket":2,"minecraft:jungle_stairs":4,"minecraft:stone_slab":38,"minecraft:stone_axe":91,"minecraft:fire_coral_block":10,"minecraft:turtle_helmet":2,"minecraft:pumpkin_pie":91,"minecraft:sea_pickle":39,"minecraft:gray_wool":1,"alexscaves:cooked_dinosaur_chop":2,"minecraft:birch_stairs":2,"minecraft:peony":1,"minecraft:spruce_slab":23,"minecraft:ladder":19,"minecraft:chest":130,"alexscaves:primal_magma":55,"supplementaries:blackstone_tile_stairs":9,"alexscaves:cinder_brick":22,"alexscaves:ambersol":2,"minecraft:jungle_slab":35,"minecraft:acacia_sapling":1,"minecraft:stripped_spruce_log":162,"minecraft:netherite_shovel":39,"supplementaries:blackstone_tile":659,"minecraft:birch_sapling":1,"minecraft:stone_brick_stairs":67,"friendsandfoes:totem_of_freezing":1,"minecraft:stripped_mangrove_log":2,"minecraft:furnace":21,"minecraft:egg":2,"minecraft:magenta_shulker_box":106,"minecraft:diorite":2,"minecraft:acacia_trapdoor":13,"cataclysm:abyssal_egg":1,"minecraft:cookie":1,"graveyard:skeleton_hand":6,"elevatorid:elevator_white":1,"minecraft:sand":122,"supplementaries:candle_holder":2,"cataclysm:lionfish":1,"eeeabsmobs:guling_eye":4,"minecraft:deepslate_tiles":231,"minecraft:chiseled_sandstone":1,"minecraft:crying_obsidian":1,"minecraft:cyan_carpet":2,"minecraft:stone_button":6,"minecraft:lectern":490,"alexscaves:cycad":10,"graveyard:dark_iron_door":2,"minecraft:dark_oak_fence":2,"minecraft:bubble_coral_block":11,"minecraft:ice":26,"create:framed_glass":127,"minecraft:iron_bars":32,"minecraft:acacia_log":298,"minecraft:brain_coral_fan":13,"minecraft:mycelium":1,"minecraft:netherrack":20,"minecraft:stick":1251,"minecraft:orange_bed":1,"minecraft:light_gray_shulker_box":83,"minecraft:warped_wart_block":129,"minecraft:anvil":9,"minecraft:stone_stairs":61,"minecraft:jungle_trapdoor":19,"minecraft:nether_brick_stairs":3,"minecraft:shroomlight":1,"minecraft:iron_axe":924,"minecraft:rooted_dirt":1,"stalwart_dungeons:diamond_hammer":108,"minecraft:smooth_quartz":4,"minecraft:totem_of_undying":1,"minecraft:mud_bricks":35,"minecraft:smooth_basalt":30,"minecraft:tripwire_hook":6,"minecraft:iron_trapdoor":1,"minecraft:cobbled_deepslate":4,"minecraft:water_bucket":273,"minecraft:sandstone_stairs":16,"minecraft:bubble_coral_fan":2,"minecraft:fletching_table":2,"minecraft:cracked_stone_bricks":5,"minecraft:polished_blackstone_bricks":711,"minecraft:mossy_cobblestone":2,"cataclysm:stone_pillar":3,"minecraft:oak_slab":45,"minecraft:crafting_table":59,"minecraft:birch_sign":63,"alexscaves:trilocaris_bucket":1,"minecraft:fire_coral":2,"cataclysm:stone_tile_stairs":1,"minecraft:cake":6,"minecraft:oak_log":5,"minecraft:mud":11,"minecraft:dark_prismarine":67,"minecraft:cornflower":3,"minecraft:stripped_jungle_log":9,"minecraft:iron_pickaxe":622,"alexscaves:subterranodon_egg":1,"deeperdarker:sculk_stone":20,"minecraft:chiseled_stone_bricks":1,"minecraft:cobblestone":144,"bosses_of_mass_destruction:charged_ender_pearl":251,"minecraft:sandstone_slab":109,"minecraft:kelp":115,"alexscaves:radrock":174,"minecraft:candle":14,"minecraft:oak_sign":8,"minecraft:diamond_hoe":393,"minecraft:shield":160,"minecraft:iron_sword":317,"alexscaves:galena":78,"minecraft:oxidized_cut_copper":13,"minecraft:player_head":10,"minecraft:iron_chestplate":1,"minecraft:smooth_sandstone_stairs":17,"graveyard:pedestal":3,"minecraft:white_candle":18,"alexscaves:flood_basalt":1,"minecraft:nether_bricks":4,"minecraft:carrot":48,"minecraft:tuff":5,"deeperdarker:warden_pickaxe":5,"eeeabsmobs:guardian_axe":2,"minecraft:glass":8,"alexscaves:acid_bucket":1,"graveyard:gray_urn":1,"minecraft:packed_mud":42,"minecraft:iron_helmet":1,"alexscaves:amber":31,"minecraft:stone_bricks":889,"minecraft:red_carpet":7,"minecraft:brown_carpet":3,"minecraft:magma_block":29,"minecraft:hay_block":4,"minecraft:scaffolding":4,"minecraft:fire_coral_fan":10,"alexscaves:cinder_block_wall":1,"minecraft:chiseled_polished_blackstone":4,"supplementaries:sign_post_oak":3,"minecraft:ender_pearl":2,"minecraft:blue_bed":4,"minecraft:brain_coral":2,"alexscaves:cave_book":3,"minecraft:stone_brick_wall":25,"minecraft:shears":11,"minecraft:cobbled_deepslate_stairs":1,"minecraft:black_concrete":1,"minecraft:lime_carpet":1,"minecraft:string":23,"minecraft:gravel":7,"minecraft:jungle_sign":19,"minecraft:chainmail_boots":1,"minecraft:grindstone":8,"minecraft:andesite":2,"minecraft:cobweb":5,"minecraft:experience_bottle":41,"minecraft:cracked_deepslate_bricks":18,"alexscaves:sulfur":5,"minecraft:spruce_planks":382,"minecraft:wooden_shovel":29,"minecraft:spyglass":809,"minecraft:white_carpet":9,"minecraft:hopper":12,"minecraft:spruce_stairs":49,"minecraft:diamond_helmet":1,"minecraft:shulker_box":22,"minecraft:granite":12,"minecraft:dark_oak_planks":54,"minecraft:birch_door":4,"minecraft:stone_brick_slab":27,"paraglider:horned_statue":3,"minecraft:bookshelf":42,"minecraft:polished_blackstone_brick_stairs":10,"minecraft:crimson_planks":8,"alexscaves:spelunkery_table":5,"minecraft:golden_carrot":69,"minecraft:emerald_block":14,"alexsmobs:lobster_bucket":1,"minecraft:horn_coral_block":25,"minecraft:brown_bed":2,"minecraft:brain_coral_block":4,"minecraft:cooked_mutton":7,"minecraft:acacia_boat":5,"minecraft:netherite_chestplate":1,"minecraft:mud_brick_slab":37,"minecraft:andesite_slab":2,"minecraft:stonecutter":9,"minecraft:cobblestone_slab":7,"minecraft:mangrove_trapdoor":3,"minecraft:painting":1,"minecraft:book":36,"minecraft:smoker":7,"minecraft:nether_gold_ore":2,"minecraft:acacia_stairs":2,"minecraft:apple":2,"minecraft:cracked_polished_blackstone_bricks":33,"minecraft:netherite_axe":201,"minecraft:mud_brick_wall":2,"minecraft:white_banner":5,"alexscaves:radrock_slab":1,"minecraft:bucket":303,"minecraft:smooth_stone":9,"minecraft:splash_potion":2}},"DataVersion":3465}