{"stats":{"minecraft:broken":{"minecraft:iron_pickaxe":1,"minecraft:iron_axe":3},"minecraft:mined":{"minecraft:cut_sandstone_slab":4,"minecraft:white_bed":4,"graveyard:candle_holder":7,"alexscaves:azure_neodymium_pillar":22,"alexscaves:limestone":102,"minecraft:potted_dead_bush":1,"minecraft:granite":13,"minecraft:acacia_log":12,"minecraft:oak_wall_sign":1,"minecraft:spawner":121,"minecraft:polished_blackstone_bricks":118,"minecraft:magma_block":147,"minecraft:mossy_cobblestone_stairs":1,"supplementaries:sign_post":4,"minecraft:fire":10,"minecraft:barrel":12,"minecraft:cobbled_deepslate":26,"minecraft:fletching_table":2,"supplementaries:globe":8,"minecraft:deepslate_lapis_ore":1,"minecraft:nether_brick_stairs":5,"amendments:wall_lantern":6,"minecraft:green_carpet":10,"minecraft:pink_tulip":3,"minecraft:spruce_wood":8,"minecraft:player_head":3,"minecraft:tripwire":15,"minecraft:orange_bed":1,"minecraft:jungle_trapdoor":19,"minecraft:sandstone_slab":5,"minecraft:cut_sandstone":3,"minecraft:kelp_plant":2,"graveyard:dark_iron_trapdoor":5,"minecraft:smoker":1,"minecraft:torch":60,"minecraft:dead_bush":3,"alexscaves:energized_galena_scarlet":23,"minecraft:spruce_wall_sign":19,"minecraft:white_candle":6,"minecraft:sugar_cane":7,"minecraft:bricks":1,"minecraft:amethyst_block":7,"minecraft:mud":2,"minecraft:tinted_glass":4,"paraglider:horned_statue":3,"minecraft:grass":77,"minecraft:smooth_quartz":6,"minecraft:mangrove_log":175,"alexscaves:radon_lamp_white":1,"minecraft:smooth_basalt":87,"minecraft:deepslate":1,"alexscaves:flood_basalt":1,"minecraft:deepslate_tiles":244,"minecraft:dark_prismarine":69,"alexscaves:acidic_radrock":1,"alexscaves:primal_magma":134,"minecraft:mossy_cobblestone":17,"minecraft:sea_lantern":97,"minecraft:dark_oak_fence":2,"minecraft:spruce_fence":13,"graveyard:tg_deepslate":5,"minecraft:redstone_wire":1,"minecraft:cartography_table":2,"minecraft:red_mushroom":12,"alexscaves:galena":187,"alexscaves:archaic_vine_plant":5,"minecraft:waxed_oxidized_cut_copper":1,"minecraft:packed_mud":12,"minecraft:acacia_trapdoor":2,"minecraft:mossy_stone_brick_stairs":4,"minecraft:cobblestone_slab":3,"minecraft:vine":19,"alexscaves:scrap_metal":3,"minecraft:oak_slab":12,"minecraft:birch_stairs":2,"minecraft:redstone_block":1,"minecraft:soul_sand":1,"minecraft:lily_of_the_valley":1,"minecraft:polished_blackstone_brick_wall":5,"minecraft:dandelion":14,"minecraft:cornflower":5,"alexscaves:flytrap":3,"graveyard:tg_rooted_dirt":2,"minecraft:campfire":12,"minecraft:tall_grass":33,"minecraft:copper_ore":58,"minecraft:deepslate_gold_ore":1,"minecraft:diorite":2,"minecraft:red_terracotta":1,"minecraft:coarse_dirt":2,"minecraft:light_blue_bed":6,"minecraft:stripped_spruce_wood":1,"minecraft:mangrove_leaves":2,"alexscaves:geothermal_vent_thin":1,"minecraft:sunflower":1,"minecraft:gravel":27,"minecraft:cobweb":20,"minecraft:oak_button":2,"minecraft:stone_bricks":141,"minecraft:iron_trapdoor":1,"minecraft:fern":26,"graveyard:hanged_skeleton":6,"minecraft:mossy_stone_brick_slab":1,"alexscaves:geothermal_vent_medium":2,"minecraft:brewing_stand":2,"minecraft:spruce_trapdoor":76,"minecraft:budding_amethyst":1,"alexscaves:geothermal_vent":1,"alexscaves:pewen_branch":1,"minecraft:cracked_polished_blackstone_bricks":34,"alexscaves:sulfur":10,"minecraft:composter":10,"minecraft:green_stained_glass":1,"minecraft:brown_bed":1,"create:asurine":4,"minecraft:skeleton_wall_skull":2,"supplementaries:stick":560,"minecraft:iron_bars":29,"alexscaves:ambersol":3,"alexscaves:sulfur_bud_large":1,"minecraft:spruce_slab":13,"minecraft:waxed_cut_copper":1,"minecraft:quartz_block":22,"minecraft:medium_amethyst_bud":2,"alexscaves:energized_galena_neutral":2,"minecraft:jungle_stairs":4,"minecraft:mossy_cobblestone_wall":1,"minecraft:nether_quartz_ore":1,"minecraft:oak_planks":108,"minecraft:light_blue_banner":1,"minecraft:wall_torch":30,"graveyard:gravestone":2,"minecraft:stone_stairs":32,"graveyard:skull_pile":1,"minecraft:oak_log":17,"minecraft:dirt":629,"alexscaves:unrefined_waste":2,"minecraft:stripped_mangrove_log":14,"minecraft:glow_lichen":1,"minecraft:lever":2,"minecraft:ladder":5,"minecraft:decorated_pot":6,"minecraft:brown_mushroom_block":7,"alexscaves:galena_spire":4,"minecraft:spruce_leaves":37,"minecraft:hay_block":19,"graveyard:soul_fire_brazier":19,"minecraft:light_gray_shulker_box":76,"minecraft:peony":3,"minecraft:gold_block":49,"minecraft:bookshelf":63,"minecraft:deepslate_iron_ore":1,"minecraft:acacia_leaves":4,"minecraft:scaffolding":3,"minecraft:basalt":59,"alexscaves:cave_painting_tremorsaurus":1,"graveyard:small_light_gray_urn":1,"minecraft:lime_carpet":1,"minecraft:stone_slab":26,"minecraft:deepslate_coal_ore":8,"minecraft:red_concrete":1,"minecraft:polished_blackstone_brick_stairs":2,"supplementaries:cage":10,"minecraft:prismarine_bricks":7,"minecraft:ice":31,"elevatorid:elevator_white":1,"minecraft:cyan_carpet":2,"minecraft:flower_pot":4,"graveyard:leaning_skeleton":3,"minecraft:cracked_stone_bricks":7,"alexscaves:scarlet_magnet":1,"minecraft:mossy_stone_bricks":2,"alexscaves:scarlet_neodymium_pillar":24,"paraglider:goddess_statue":2,"alexscaves:scrap_metal_plate":10,"minecraft:dark_oak_planks":2,"minecraft:dark_prismarine_stairs":1,"graveyard:pedestal":5,"minecraft:jungle_leaves":3,"minecraft:obsidian":14,"minecraft:red_sand":1,"minecraft:stone_brick_wall":4,"minecraft:yellow_carpet":4,"minecraft:jungle_log":17,"minecraft:deepslate_bricks":311,"minecraft:coal_block":1,"minecraft:hopper":8,"alexscaves:rusty_rebar":7,"minecraft:chiseled_stone_bricks":4,"minecraft:orange_concrete":1,"minecraft:brown_stained_glass":1,"minecraft:sticky_piston":1,"graveyard:ossuary":2,"minecraft:stripped_dark_oak_wood":11,"minecraft:enchanting_table":3,"minecraft:smooth_red_sandstone":1,"minecraft:oak_stairs":4,"minecraft:deepslate_brick_stairs":12,"minecraft:smooth_sandstone_stairs":1,"minecraft:stripped_mangrove_wood":6,"minecraft:iron_block":1,"minecraft:piston_head":1,"minecraft:brown_mushroom":9,"alexscaves:amber":33,"minecraft:red_bed":4,"minecraft:player_wall_head":1,"minecraft:amethyst_cluster":10,"minecraft:blast_furnace":2,"minecraft:damaged_anvil":1,"minecraft:skeleton_skull":7,"minecraft:cyan_wool":2,"minecraft:wheat":33,"minecraft:lilac":5,"minecraft:black_bed":1,"minecraft:stone_brick_stairs":45,"supplementaries:blackstone_tile":66,"minecraft:stonecutter":8,"minecraft:piston":1,"minecraft:yellow_terracotta":6,"alexscaves:radrock":181,"minecraft:shulker_box":22,"alexscaves:metal_barrel":1,"minecraft:nether_bricks":6,"minecraft:cobbled_deepslate_slab":8,"minecraft:allium":11,"minecraft:jungle_planks":2,"minecraft:moss_block":1,"minecraft:black_stained_glass_pane":2,"minecraft:snow":11,"minecraft:diamond_block":12,"alexscaves:heart_of_iron":2,"minecraft:smooth_quartz_stairs":1,"minecraft:cake":1,"minecraft:smithing_table":8,"alexscaves:tesla_bulb":7,"minecraft:mangrove_stairs":64,"minecraft:hanging_roots":2,"alexscaves:azure_neodymium_node":2,"minecraft:brown_carpet":2,"minecraft:stone_brick_slab":14,"minecraft:observer":4,"minecraft:smooth_sandstone":42,"supplementaries:item_shelf":2,"alexscaves:archaic_vine":1,"minecraft:cracked_deepslate_bricks":48,"graveyard:vase_block":1,"minecraft:white_carpet":3,"minecraft:spruce_log":32,"minecraft:birch_leaves":3,"minecraft:jungle_fence":22,"minecraft:mycelium":31,"alexscaves:cycad":19,"minecraft:acacia_door":2,"minecraft:acacia_planks":3,"minecraft:waxed_cut_copper_slab":1,"minecraft:large_amethyst_bud":2,"create:deepslate_zinc_ore":7,"minecraft:spruce_planks":83,"minecraft:cobbled_deepslate_stairs":5,"minecraft:jungle_slab":35,"supplementaries:candle_holder":2,"minecraft:stripped_crimson_hyphae":2,"minecraft:grass_block":13,"minecraft:dead_tube_coral_block":4,"graveyard:dark_iron_door":7,"minecraft:mud_bricks":7,"minecraft:mud_brick_wall":3,"minecraft:sandstone_stairs":8,"minecraft:smooth_stone":3,"supplementaries:blackstone_tile_wall":4,"minecraft:iron_ore":74,"graveyard:upper_bone_staff":1,"minecraft:black_carpet":10,"minecraft:anvil":8,"minecraft:azure_bluet":1,"alexscaves:amber_monolith":1,"minecraft:dark_oak_stairs":3,"alexscaves:underweed":2,"minecraft:purple_carpet":9,"minecraft:black_candle":1,"minecraft:green_bed":2,"alexscaves:fern_thatch":1,"minecraft:blackstone":822,"supplementaries:book_pile":8,"minecraft:polished_deepslate_stairs":1,"alexscaves:cinder_block_wall":1,"minecraft:clay":46,"alexscaves:ancient_leaves":6,"minecraft:calcite":15,"minecraft:poppy":6,"minecraft:chest":52,"supplementaries:wild_flax":1,"minecraft:mushroom_stem":4,"minecraft:cobblestone":63,"graveyard:skeleton_hand":9,"minecraft:grindstone":10,"minecraft:prismarine":2,"minecraft:magenta_shulker_box":73,"amendments:directional_cake":1,"minecraft:cracked_deepslate_tiles":16,"graveyard:creeper_skeleton":1,"minecraft:sand":1750,"minecraft:crimson_planks":2,"minecraft:tripwire_hook":2,"minecraft:netherrack":102,"create:crimsite":17,"minecraft:polished_deepslate_wall":2,"minecraft:oak_leaves":25,"minecraft:emerald_block":16,"minecraft:nether_gold_ore":1,"alexscaves:spelunkery_table":7,"minecraft:diamond_ore":4,"minecraft:tuff":8,"minecraft:potted_wither_rose":1,"minecraft:deepslate_diamond_ore":2,"minecraft:candle":5,"alexscaves:sulfur_cluster":6,"minecraft:mangrove_trapdoor":1,"minecraft:sandstone":1256,"minecraft:large_fern":6,"minecraft:deepslate_brick_slab":6,"alexscaves:radrock_uranium_ore":119,"alexscaves:subterranodon_egg":2,"minecraft:oak_trapdoor":3,"minecraft:furnace":6,"alexscaves:energized_galena_azure":1,"minecraft:chiseled_sandstone":2,"minecraft:acacia_stairs":2,"minecraft:stripped_spruce_log":141,"minecraft:black_concrete":1,"treechop:chopped_log":207,"alexscaves:radrock_slab":1,"minecraft:lantern":12,"minecraft:stripped_jungle_log":31,"minecraft:stripped_acacia_log":25,"alexscaves:curly_fern":17,"minecraft:stone":7039,"minecraft:white_tulip":1,"minecraft:podzol":22,"supplementaries:book_pile_horizontal":10,"alexscaves:cooked_dinosaur_chop":1,"minecraft:crafting_table":40,"alexscaves:tree_star":1,"minecraft:rose_bush":3,"minecraft:andesite_slab":2,"minecraft:sculk_sensor":1,"minecraft:lectern":487,"alexscaves:metal_swarf":31,"minecraft:lapis_ore":4,"minecraft:blue_bed":4,"supplementaries:urn":9,"minecraft:spruce_stairs":43,"alexscaves:nuclear_siren":2,"alexscaves:galena_iron_ore":14,"minecraft:redstone_torch":1,"alexscaves:waste_drum":17,"minecraft:coal_ore":108,"minecraft:gray_carpet":3,"alexscaves:radon_lamp_lime":1},"minecraft:picked_up":{"alexscaves:waste_drum":20,"alexscaves:tough_hide":2,"alexscaves:sulfur_cluster":10,"minecraft:smithing_table":9,"minecraft:lead":10,"minecraft:stone_slab":33,"alexscaves:unrefined_waste":2,"minecraft:enchanted_book":19,"supplementaries:candle_holder":4,"lightmanscurrency:coin_diamond":94,"minecraft:polished_blackstone_brick_stairs":1,"minecraft:string":95,"alexscaves:radon_lamp_lime":1,"alexscaves:energized_galena_scarlet":24,"minecraft:shroomlight":1,"minecraft:diamond_leggings":1,"alexsmobs:emu_feather":2,"alexscaves:cave_painting_tremorsaurus":2,"minecraft:acacia_log":391,"alexscaves:cinder_block_wall":1,"minecraft:golden_chestplate":9,"minecraft:brown_carpet":7,"lightmanscurrency:coin_emerald":57,"minecraft:orange_bed":1,"minecraft:lime_carpet":1,"minecraft:honey_bottle":3,"minecraft:polished_basalt":1,"minecraft:red_tulip":1,"minecraft:bookshelf":35,"alexscaves:primitive_club":2,"supplementaries:quiver":1,"supplementaries:ash":69,"minecraft:waxed_cut_copper":1,"minecraft:blaze_rod":1,"minecraft:iron_bars":42,"minecraft:snowball":22,"minecraft:cooked_beef":104,"minecraft:feather":25,"minecraft:water_bucket":1,"alexsmobs:bison_fur":13,"minecraft:flint":6,"minecraft:lantern":22,"alexscaves:galena":189,"minecraft:purple_carpet":10,"alexscaves:cooked_trilocaris_tail":1,"minecraft:stonecutter":8,"minecraft:diamond_helmet":1,"minecraft:stripped_spruce_log":294,"minecraft:acacia_stairs":2,"create:crimsite":17,"minecraft:deepslate":3,"minecraft:lever":2,"alexsmobs:tarantula_hawk_wing_fragment":1,"minecraft:granite":14,"alexscaves:heart_of_iron":1,"minecraft:deepslate_coal_ore":1,"minecraft:rooted_dirt":2,"minecraft:diamond_pickaxe":8,"alexscaves:raw_scarlet_neodymium":14,"minecraft:mud":11,"alexscaves:primal_magma":114,"minecraft:clay_ball":188,"alexscaves:cinder_brick":42,"minecraft:leather_leggings":4,"friendsandfoes:totem_of_illusion":1,"minecraft:cornflower":12,"minecraft:acacia_door":20,"minecraft:flint_and_steel":1,"minecraft:white_carpet":6,"minecraft:iron_shovel":1,"create:deepslate_zinc_ore":1,"graveyard:soul_fire_brazier":18,"minecraft:jungle_sapling":21,"minecraft:poppy":7,"minecraft:spruce_slab":18,"alexscaves:amber_monolith":1,"minecraft:birch_sapling":1,"alexscaves:hazmat_chestplate":1,"minecraft:piston":2,"minecraft:copper_ore":48,"minecraft:stone":6837,"alexscaves:cycad":42,"supplementaries:blackstone_tile_wall":4,"minecraft:mangrove_trapdoor":1,"minecraft:jungle_sign":22,"minecraft:decorated_pot":1,"minecraft:hay_block":19,"minecraft:cracked_deepslate_bricks":47,"minecraft:yellow_terracotta":6,"minecraft:totem_of_undying":2,"minecraft:mutton":35,"minecraft:mud_bricks":13,"alexscaves:sulfur_dust":10,"minecraft:smooth_red_sandstone":1,"minecraft:tripwire_hook":6,"minecraft:jungle_fence":118,"minecraft:yellow_dye":1,"minecraft:packed_mud":13,"alexscaves:charred_remnant":30,"alexscaves:ambersol":4,"minecraft:paper":2,"alexscaves:pewen_sapling":6,"minecraft:light_blue_banner":1,"minecraft:apple":17,"alexsmobs:cockroach_wing_fragment":3,"alexscaves:green_soylent":9,"minecraft:oak_fence_gate":5,"minecraft:iron_ore":28,"endermanoverhaul:warped_pearl":3,"minecraft:dark_oak_stairs":10,"minecraft:smooth_basalt":89,"graveyard:skeleton_hand":9,"minecraft:crimson_stairs":1,"illagerinvasion:illusionary_dust":2,"minecraft:leather_helmet":11,"minecraft:brewer_pottery_sherd":2,"lightmanscurrency:coin_copper":2160,"alexscaves:uranium_rod":1,"minecraft:diamond_shovel":2,"minecraft:coal_ore":72,"minecraft:painting":5,"minecraft:polished_blackstone_brick_wall":5,"alexscaves:scarlet_neodymium_pillar":26,"alexscaves:galena_spire":3,"minecraft:baked_potato":26,"minecraft:hopper":8,"minecraft:black_carpet":1,"alexscaves:radgill":2,"illagerinvasion:platinum_chunk":21,"alexscaves:cave_tablet":5,"minecraft:stone_brick_stairs":44,"minecraft:dead_tube_coral_block":4,"minecraft:waxed_cut_copper_slab":1,"minecraft:deepslate_lapis_ore":1,"progressivebosses:elder_guardian_spike":1,"alexscaves:scrap_metal_plate":7,"minecraft:red_sand":1,"minecraft:smooth_stone":2,"minecraft:red_dye":1,"minecraft:rose_bush":3,"minecraft:cobblestone_slab":8,"minecraft:iron_pickaxe":2,"minecraft:smooth_quartz":4,"minecraft:smooth_quartz_stairs":1,"minecraft:deepslate_iron_ore":1,"alexscaves:flytrap":6,"endermanoverhaul:snowy_hood":1,"minecraft:tipped_arrow":2,"alexscaves:tesla_bulb":9,"minecraft:polished_deepslate_stairs":1,"alexscaves:raw_azure_neodymium":43,"minecraft:spruce_stairs":120,"minecraft:diorite":2,"minecraft:rotten_flesh":201,"alexscaves:galena_iron_ore":15,"create:asurine":4,"immersive_melodies:flute":6,"minecraft:deepslate_brick_stairs":18,"minecraft:obsidian":14,"alexsmobs:mungal_spores":21,"minecraft:cobblestone":818,"minecraft:enchanting_table":3,"minecraft:leather_chestplate":6,"minecraft:lilac":2,"minecraft:black_bed":1,"minecraft:golden_leggings":2,"minecraft:potato":1,"alexscaves:cave_book":1,"create:raw_zinc":6,"minecraft:smooth_sandstone_stairs":1,"minecraft:prismarine_bricks":14,"graveyard:dark_iron_door":8,"alexscaves:sulfur_bud_large":1,"minecraft:cut_sandstone_slab":4,"minecraft:dirt":942,"minecraft:name_tag":5,"minecraft:bone":330,"minecraft:acacia_planks":3,"minecraft:bow":6,"alexscaves:toxic_paste":31,"minecraft:wheat_seeds":121,"minecraft:grindstone":10,"alexscaves:cave_painting_footprint":2,"minecraft:mossy_stone_bricks":4,"minecraft:fletching_table":2,"camera:image":1,"minecraft:prismarine":2,"alexscaves:uranium":65,"minecraft:nether_brick_stairs":8,"minecraft:grass_block":2,"minecraft:diamond_block":28,"minecraft:jungle_slab":159,"minecraft:mossy_cobblestone":25,"graveyard:upper_bone_staff":1,"alexscaves:cooked_radgill":1,"minecraft:yellow_carpet":22,"waystones:waystone":7,"minecraft:cracked_polished_blackstone_bricks":32,"alexsmobs:rattlesnake_rattle":2,"minecraft:bone_meal":1,"minecraft:golden_apple":51,"minecraft:spruce_sign":33,"minecraft:emerald":365,"minecraft:netherrack":145,"minecraft:andesite_slab":3,"minecraft:waxed_oxidized_cut_copper":1,"minecraft:azure_bluet":1,"minecraft:splash_potion":1,"minecraft:ladder":7,"minecraft:brown_mushroom":59,"minecraft:packed_ice":21,"alexscaves:raygun":1,"minecraft:stone_brick_wall":26,"alexscaves:flood_basalt":1,"minecraft:chain":8,"alexscaves:tectonic_shard":6,"minecraft:shield":4,"minecraft:brick":4,"alexscaves:metal_swarf":31,"minecraft:oak_trapdoor":11,"alexscaves:cave_painting_tree_stars":3,"minecraft:mycelium":7,"minecraft:blackstone":1383,"graveyard:corruption":100,"alexscaves:radrock_slab":1,"minecraft:polished_blackstone_bricks":117,"minecraft:cookie":64,"minecraft:light_blue_bed":7,"minecraft:pumpkin_pie":48,"minecraft:nether_bricks":7,"minecraft:stripped_dark_oak_wood":11,"minecraft:pink_tulip":3,"minecraft:skeleton_skull":9,"alexscaves:seeking_arrow":8,"minecraft:basalt":62,"minecraft:golden_carrot":39,"minecraft:leather":21,"minecraft:ice":28,"minecraft:chainmail_chestplate":5,"minecraft:cobbled_deepslate_stairs":2,"minecraft:gunpowder":23,"alexscaves:ferrouslime_ball":6,"alexscaves:amber":61,"minecraft:cooked_mutton":1,"alexscaves:azure_neodymium_node":2,"minecraft:gray_carpet":1,"minecraft:acacia_trapdoor":2,"minecraft:spruce_wood":31,"alexscaves:radrock":182,"minecraft:iron_ingot":7,"minecraft:cooked_chicken":1,"alexscaves:curly_fern":14,"alexscaves:sulfur":10,"minecraft:polished_andesite_slab":1,"minecraft:nether_quartz_ore":1,"minecraft:black_candle":2,"minecraft:emerald_block":30,"graveyard:pedestal":5,"minecraft:stone_brick_slab":13,"alexscaves:fissile_core":10,"minecraft:dandelion":15,"alexscaves:tree_star":21,"minecraft:amethyst_shard":58,"minecraft:sculk_sensor":1,"thedirtystuff:opium_seed":2,"minecraft:chainmail_leggings":10,"minecraft:mossy_cobblestone_stairs":1,"alexscaves:azure_neodymium_pillar":24,"minecraft:damaged_anvil":1,"alexscaves:ancient_sapling":32,"minecraft:iron_chestplate":6,"minecraft:prismarine_shard":36,"minecraft:chainmail_boots":4,"minecraft:flower_pot":6,"minecraft:creeper_head":3,"minecraft:anvil":12,"minecraft:diamond_sword":8,"minecraft:oak_stairs":11,"minecraft:brown_bed":2,"alexscaves:trilocaris_tail":10,"minecraft:wither_rose":1,"minecraft:brewing_stand":2,"minecraft:amethyst_block":7,"minecraft:polished_deepslate_wall":2,"paraglider:goddess_statue":2,"minecraft:dark_oak_trapdoor":1,"minecraft:explorer_pottery_sherd":2,"minecraft:red_nether_bricks":3,"minecraft:waxed_weathered_copper":4,"minecraft:gold_nugget":31,"minecraft:cobbled_deepslate":38,"bosses_of_mass_destruction:soul_star":15,"minecraft:spruce_planks":405,"minecraft:mangrove_log":470,"minecraft:sheaf_pottery_sherd":2,"minecraft:composter":11,"minecraft:green_bed":2,"minecraft:bamboo_door":1,"minecraft:iron_block":16,"minecraft:netherite_chestplate":1,"alexscaves:archaic_vine":8,"minecraft:magma_block":139,"minecraft:birch_slab":1,"minecraft:jungle_log":714,"minecraft:smoker":1,"minecraft:stripped_spruce_wood":1,"alexscaves:cave_painting_pewen":2,"minecraft:moss_block":3,"alexscaves:nuclear_siren":2,"alexscaves:amber_curiosity":2,"minecraft:ink_sac":2,"supplementaries:blackstone_tile":129,"minecraft:red_terracotta":1,"minecraft:barrel":12,"cataclysm:lionfish":1,"minecraft:stripped_acacia_log":25,"minecraft:white_candle":11,"alexsmobs:guster_eye":2,"minecraft:deepslate_gold_ore":1,"minecraft:blue_ice":18,"minecraft:bread":33,"alexsmobs:maggot":6,"minecraft:dark_oak_fence":2,"minecraft:bricks":2,"minecraft:coarse_dirt":2,"minecraft:crafting_table":40,"minecraft:sandstone_slab":8,"minecraft:crimson_trapdoor":2,"alexsmobs:froststalker_horn":2,"minecraft:stripped_mangrove_log":14,"minecraft:jungle_trapdoor":55,"minecraft:red_bed":5,"supplementaries:globe":9,"minecraft:compass":1,"graveyard:hanged_skeleton":6,"alexscaves:scrap_metal":1,"minecraft:cracked_stone_bricks":6,"minecraft:cartography_table":2,"minecraft:deepslate_diamond_ore":2,"alexscaves:geothermal_vent_medium":4,"minecraft:beef":10,"minecraft:iron_nugget":39,"graveyard:leaning_skeleton":3,"minecraft:chest":57,"minecraft:egg":4,"minecraft:sandstone":1223,"alexscaves:geothermal_vent":3,"minecraft:spruce_fence":66,"minecraft:cake":6,"minecraft:carrot":78,"minecraft:redstone":2,"minecraft:prismarine_crystals":10,"alexscaves:cave_painting_trilocaris":2,"minecraft:cooked_cod":3,"minecraft:peony":4,"minecraft:deepslate_bricks":309,"minecraft:sandstone_stairs":8,"minecraft:warped_sign":1,"minecraft:gold_ingot":82,"minecraft:glow_berries":2,"alexscaves:cave_painting_grottoceratops":3,"minecraft:white_wool":38,"minecraft:lapis_ore":4,"alexscaves:pewen_log":33,"alexsmobs:acacia_blossom":8,"minecraft:red_mushroom":17,"minecraft:filled_map":3,"alexsmobs:froststalker_helmet":1,"graveyard:small_light_gray_urn":1,"minecraft:oak_log":402,"stalwart_dungeons:diamond_hammer":5,"minecraft:blue_bed":4,"alexscaves:radon_lamp_white":2,"minecraft:stone_bricks":215,"minecraft:kelp":4,"alexscaves:cooked_dinosaur_chop":22,"minecraft:cobweb":35,"minecraft:glass_bottle":1,"lightmanscurrency:coin_iron":850,"minecraft:mangrove_planks":18,"minecraft:iron_sword":7,"elevatorid:elevator_white":1,"graveyard:ossuary":2,"minecraft:gravel":37,"minecraft:birch_stairs":2,"minecraft:spruce_sapling":581,"alexscaves:scarlet_magnet":1,"minecraft:spruce_log":5822,"alexscaves:telecore":7,"minecraft:sea_lantern":129,"minecraft:stone_axe":2,"lightmanscurrency:coin_gold":244,"alexscaves:pine_nuts":8,"minecraft:diamond_axe":2,"alexscaves:rusty_scaffolding":29,"minecraft:oak_button":2,"minecraft:ender_pearl":11,"minecraft:wheat":31,"minecraft:redstone_block":1,"minecraft:light_gray_shulker_box":76,"minecraft:potion":16,"minecraft:crimson_planks":2,"alexsmobs:ancient_dart":1,"minecraft:raw_copper":40,"alexscaves:acidic_radrock":1,"minecraft:iron_leggings":6,"graveyard:candle_holder":6,"minecraft:armor_stand":2,"minecraft:sticky_piston":1,"minecraft:zombie_head":1,"minecraft:oak_sign":2,"minecraft:deepslate_tiles":243,"alexsmobs:banana":6,"minecraft:redstone_torch":2,"minecraft:calcite":15,"minecraft:furnace":8,"minecraft:iron_boots":4,"minecraft:stick":1721,"minecraft:torch":143,"alexscaves:heavy_bone":15,"alexsmobs:fedora":1,"minecraft:porkchop":11,"graveyard:dark_iron_trapdoor":5,"minecraft:quartz_block":11,"minecraft:nether_gold_ore":1,"minecraft:cactus":3,"minecraft:mangrove_stairs":64,"supplementaries:antique_ink":2,"alexscaves:energized_galena_azure":1,"minecraft:cod":2,"paraglider:paraglider":2,"graveyard:skull_pile":1,"minecraft:magma_cream":4,"supplementaries:item_shelf":2,"alexsmobs:bear_fur":1,"paraglider:spirit_orb":421,"minecraft:magenta_dye":9,"minecraft:tuff":9,"alexscaves:cave_painting_subterranodon":1,"supplementaries:flax_seeds":5,"minecraft:danger_pottery_sherd":2,"minecraft:wither_skeleton_skull":1,"minecraft:acacia_boat":5,"minecraft:lapis_lazuli":28,"minecraft:leather_boots":11,"minecraft:deepslate_brick_slab":4,"minecraft:cobbled_deepslate_slab":1,"graveyard:creeper_skeleton":1,"minecraft:oak_planks":171,"alexscaves:radrock_uranium_ore":59,"minecraft:mossy_stone_brick_stairs":4,"minecraft:cooked_porkchop":4,"graveyard:bone_dagger":2,"minecraft:jungle_planks":4,"alexscaves:energized_galena_neutral":1,"minecraft:sand":1776,"minecraft:dead_bush":1,"minecraft:lily_of_the_valley":1,"minecraft:chiseled_sandstone":1,"minecraft:shulker_box":22,"minecraft:dark_prismarine":74,"alexscaves:radon_bottle":6,"minecraft:spruce_fence_gate":1,"minecraft:black_concrete":1,"minecraft:diamond":16,"minecraft:spruce_boat":8,"minecraft:oak_sapling":124,"minecraft:charcoal":2,"minecraft:allium":12,"alexscaves:metal_barrel":2,"minecraft:wooden_pickaxe":1,"minecraft:gold_block":143,"alexscaves:dinosaur_nugget":151,"minecraft:stone_stairs":56,"minecraft:iron_axe":10,"minecraft:orange_concrete":1,"minecraft:wooden_sword":1,"minecraft:item_frame":8,"alexscaves:scarlet_neodymium_ingot":5,"alexscaves:dinosaur_chop":8,"minecraft:cyan_carpet":3,"minecraft:candle":12,"minecraft:mossy_cobblestone_wall":2,"minecraft:dark_prismarine_stairs":1,"graveyard:gravestone":2,"minecraft:oak_boat":61,"minecraft:player_head":5,"minecraft:observer":3,"supplementaries:cage":14,"minecraft:lectern":489,"minecraft:tinted_glass":4,"minecraft:sugar_cane":22,"minecraft:phantom_membrane":4,"minecraft:spruce_trapdoor":77,"minecraft:stripped_crimson_hyphae":4,"minecraft:raw_iron":46,"minecraft:stripped_mangrove_wood":6,"minecraft:copper_ingot":6,"minecraft:magenta_shulker_box":73,"alexsmobs:crocodile_scute":2,"minecraft:dark_oak_planks":17,"supplementaries:sign_post_oak":5,"minecraft:arrow":85,"minecraft:jungle_stairs":44,"alexscaves:pewen_wood":2,"alexscaves:spelunkery_table":8,"paraglider:horned_statue":6,"bosses_of_mass_destruction:ancient_anima":2,"minecraft:wet_sponge":8,"minecraft:cracked_deepslate_tiles":15,"alexscaves:cave_painting_footprints":3,"minecraft:air":26,"minecraft:glow_ink_sac":25,"minecraft:cut_sandstone":2,"alexscaves:rusty_rebar":14,"alexscaves:heavyweight":2,"alexscaves:limestone":151,"minecraft:nether_wart_block":1,"minecraft:smooth_sandstone":57,"minecraft:acacia_sapling":55,"minecraft:soul_sand":3,"minecraft:book":197,"alexscaves:geothermal_vent_thin":2,"minecraft:scaffolding":4,"minecraft:oak_slab":191,"minecraft:raw_iron_block":10,"minecraft:mud_brick_wall":4,"minecraft:blast_furnace":10,"minecraft:white_bed":4,"alexscaves:hazmat_boots":1,"minecraft:green_carpet":10,"minecraft:mossy_stone_brick_slab":1,"minecraft:spider_eye":28,"minecraft:stripped_jungle_log":31,"alexsmobs:raw_catfish":8,"minecraft:campfire":11,"minecraft:iron_helmet":12,"minecraft:red_concrete":1,"minecraft:coal":450},"minecraft:crafted":{"minecraft:oak_sign":9,"supplementaries:blackstone_tile_stairs":20,"minecraft:diamond_shovel":1,"alexsmobs:froststalker_helmet":1,"minecraft:shulker_box":2,"minecraft:diamond_helmet":1,"alexscaves:uranium_rod":1,"supplementaries:cage":1,"waystones:warp_stone":1,"minecraft:stone_brick_stairs":60,"minecraft:lectern":1,"minecraft:stone_slab":132,"minecraft:iron_pickaxe":3,"minecraft:acacia_door":30,"minecraft:sandstone":426,"minecraft:netherite_ingot":4,"minecraft:polished_blackstone_bricks":12,"minecraft:jungle_sign":15,"minecraft:iron_nugget":63,"stalwart_dungeons:diamond_hammer":1,"minecraft:spruce_fence":48,"minecraft:stone_stairs":60,"minecraft:lantern":7,"minecraft:spruce_stairs":80,"minecraft:light_gray_shulker_box":1,"minecraft:stone_pickaxe":3,"minecraft:spruce_boat":5,"minecraft:acacia_trapdoor":2,"minecraft:acacia_stairs":40,"minecraft:red_carpet":9,"minecraft:enchanted_book":37,"minecraft:armor_stand":2,"supplementaries:blackstone_tile_wall":6,"minecraft:grindstone":1,"alexscaves:polymer_plate":16,"minecraft:cobblestone_slab":12,"minecraft:barrel":9,"minecraft:stone":412,"minecraft:stone_brick_slab":126,"minecraft:bow":2,"minecraft:chest":80,"minecraft:netherite_helmet":3,"minecraft:oak_button":1,"minecraft:jungle_stairs":40,"minecraft:stone_bricks":1304,"minecraft:cauldron":2,"minecraft:iron_helmet":3,"minecraft:red_wool":6,"minecraft:spruce_trapdoor":124,"minecraft:totem_of_undying":1,"minecraft:yellow_dye":13,"minecraft:stick":31912,"minecraft:iron_ingot":285,"minecraft:stone_brick_wall":12,"minecraft:tripwire_hook":4,"minecraft:netherite_sword":1,"minecraft:spruce_button":64,"graveyard:dark_iron_ingot":18,"minecraft:furnace":22,"minecraft:oak_trapdoor":40,"minecraft:flint_and_steel":1,"minecraft:netherite_chestplate":2,"alexscaves:ominous_catalyst":1,"paraglider:paraglider":1,"minecraft:iron_sword":2,"minecraft:mangrove_planks":744,"minecraft:acacia_boat":1,"minecraft:jungle_planks":1748,"minecraft:stonecutter":1,"minecraft:torch":508,"minecraft:diamond_chestplate":1,"minecraft:smooth_stone":4,"minecraft:cut_sandstone":4,"waystones:waystone":1,"minecraft:lever":1,"minecraft:bookshelf":2,"minecraft:cooked_mutton":15,"minecraft:magenta_shulker_box":1,"minecraft:glass":8,"minecraft:netherite_boots":1,"minecraft:mangrove_stairs":284,"minecraft:polished_blackstone":12,"minecraft:magenta_dye":9,"minecraft:flower_pot":2,"minecraft:wooden_shovel":1,"minecraft:emerald":1402,"minecraft:cooked_porkchop":7,"minecraft:diamond_axe":1,"alexscaves:raygun":1,"graveyard:candle_holder":6,"minecraft:iron_block":48,"minecraft:gold_ingot":27,"minecraft:light_gray_dye":1,"minecraft:smooth_stone_slab":6,"minecraft:pink_dye":2,"minecraft:white_carpet":9,"minecraft:netherite_axe":1,"minecraft:diamond":135,"minecraft:spruce_slab":18,"graveyard:upper_bone_staff":1,"minecraft:jungle_fence":96,"minecraft:dark_oak_planks":44,"minecraft:wheat":207,"minecraft:netherite_pickaxe":1,"minecraft:sandstone_slab":12,"minecraft:jungle_slab":138,"minecraft:polished_blackstone_brick_wall":6,"minecraft:oak_stairs":4,"minecraft:iron_leggings":2,"minecraft:white_bed":1,"minecraft:brick":116,"minecraft:ancient_debris":1,"minecraft:oak_planks":1332,"alexscaves:pewen_planks":52,"minecraft:hopper":6,"minecraft:iron_boots":2,"alexscaves:primitive_club":1,"minecraft:netherite_upgrade_smithing_template":19,"stalwart_dungeons:tungsten_axe":1,"minecraft:smoker":7,"minecraft:item_frame":13,"minecraft:oak_slab":210,"minecraft:crafting_table":27,"minecraft:spruce_planks":16460,"minecraft:wooden_pickaxe":1,"minecraft:mangrove_trapdoor":2,"minecraft:gold_block":61,"minecraft:iron_chestplate":2,"minecraft:diamond_pickaxe":2,"minecraft:emerald_block":45,"minecraft:shield":1,"minecraft:polished_blackstone_brick_stairs":20,"bosses_of_mass_destruction:charged_ender_pearl":1,"minecraft:shears":2,"alexscaves:dinosaur_nugget":12,"minecraft:jungle_trapdoor":22,"minecraft:diamond_block":89,"minecraft:netherite_leggings":2,"minecraft:iron_axe":3,"minecraft:netherite_scrap":6,"minecraft:cooked_beef":10,"minecraft:red_dye":6,"minecraft:crimson_planks":8,"supplementaries:item_shelf":2,"minecraft:spruce_sign":228,"minecraft:smooth_sandstone":24,"minecraft:bucket":3,"minecraft:stone_axe":1,"minecraft:air":0,"minecraft:bread":428,"minecraft:oak_boat":7,"alexscaves:limestone_spear":64,"minecraft:pumpkin_pie":48,"minecraft:acacia_planks":280},"minecraft:killed":{"illagerinvasion:archivist":4,"illagerinvasion:basher":5,"minecraft:guardian":20,"alexscaves:radgill":2,"graveyard:acolyte":6,"creeperoverhaul:jungle_creeper":1,"alexsmobs:straddler":1,"alexscaves:teletor":4,"minecraft:parrot":1,"alexscaves:gammaroach":13,"minecraft:elder_guardian":3,"minecraft:pillager":202,"minecraft:zombie":208,"stalwart_dungeons:incomplete_wither":8,"alexscaves:trilocaris":18,"minecraft:evoker":2,"alexscaves:brainiac":14,"graveyard:corrupted_vindicator":25,"minecraft:vindicator":12,"cataclysm:deepling_angler":2,"minecraft:husk":19,"graveyard:ghoul":2,"minecraft:frog":2,"alexsmobs:gelada_monkey":2,"minecraft:witch":3,"alexsmobs:anaconda":2,"minecraft:spider":32,"alexsmobs:alligator_snapping_turtle":1,"illagerinvasion:provoker":5,"minecraft:silverfish":6,"minecraft:piglin_brute":5,"minecraft:piglin":11,"alexsmobs:grizzly_bear":2,"minecraft:zombie_villager":4,"alexsmobs:stradpole":2,"illagerinvasion:alchemist":1,"alexsmobs:crimson_mosquito":1,"minecraft:sheep":8,"minecraft:ghast":1,"graveyard:corrupted_pillager":22,"minecraft:vex":7,"alexscaves:nucleeper":7,"alexscaves:relicheirus":5,"stalwart_dungeons:reinforced_blaze":2,"takesapillage:skirmisher":1,"minecraft:hoglin":1,"alexsmobs:emu":1,"alexsmobs:cockroach":1,"minecraft:wither_skeleton":517,"minecraft:villager":3,"minecraft:cave_spider":21,"alexscaves:boundroid":2,"graveyard:wraith":25,"minecraft:skeleton":114,"creeperoverhaul:cave_creeper":1,"illagerinvasion:necromancer":1,"minecraft:magma_cube":24,"endermanoverhaul:savanna_enderman":1,"creeperoverhaul:desert_creeper":1,"cataclysm:deepling":1,"minecraft:glow_squid":6,"minecraft:cow":7,"graveyard:nightmare":2,"illagerinvasion:marauder":4,"alexscaves:ferrouslime":10,"alexsmobs:seagull":3,"creeperoverhaul:snowy_creeper":1,"alexsmobs:guster":5,"endermanoverhaul:snowy_enderman":1,"alexsmobs:catfish":1,"alexscaves:grottoceratops":4,"minecraft:enderman":2,"graveyard:skeleton_creeper":2,"endermanoverhaul:mushroom_fields_enderman":2,"alexsmobs:froststalker":3,"alexsmobs:banana_slug":1,"alexscaves:notor":2,"minecraft:pig":6,"alexsmobs:anteater":1,"alexsmobs:mantis_shrimp":1,"minecraft:creeper":24,"cataclysm:deepling_brute":1,"alexscaves:luxtructosaurus":1,"alexsmobs:fly":2,"alexscaves:vallumraptor":9,"alexsmobs:tarantula_hawk":1,"alexscaves:raycat":1,"alexsmobs:rattlesnake":1,"minecraft:phantom":12,"friendsandfoes:mauler":2,"alexsmobs:bison":8,"cataclysm:lionfish":3,"creeperoverhaul:spruce_creeper":1,"minecraft:bat":2,"alexscaves:magnetron":2,"alexsmobs:crow":1},"minecraft:dropped":{"minecraft:iron_sword":5,"minecraft:porkchop":1,"minecraft:glass_bottle":6,"minecraft:diamond":6,"minecraft:crafting_table":2,"graveyard:corruption":10,"minecraft:emerald":111,"minecraft:gold_block":47,"alexscaves:dinosaur_nugget":16,"minecraft:gold_nugget":31,"alexscaves:telecore":1,"minecraft:sand":4,"alexscaves:raygun":1,"minecraft:stone_axe":2,"minecraft:compass":1,"minecraft:iron_nugget":11,"minecraft:cobbled_deepslate":8,"alexscaves:cave_tablet":2,"minecraft:rotten_flesh":93,"minecraft:grindstone":2,"minecraft:oak_planks":201,"minecraft:bamboo_door":1,"alexscaves:cave_book":1,"alexscaves:dinosaur_chop":2,"minecraft:coal_ore":2,"minecraft:quartz_block":3,"minecraft:jungle_log":198,"minecraft:leather_boots":1,"minecraft:acacia_sapling":53,"minecraft:leather_leggings":2,"minecraft:painting":2,"minecraft:red_nether_bricks":3,"minecraft:beef":10,"minecraft:stone_brick_stairs":1,"minecraft:wheat_seeds":97,"minecraft:book":13,"alexscaves:limestone_spear":16,"minecraft:prismarine_crystals":2,"alexsmobs:rattlesnake_rattle":1,"minecraft:golden_apple":12,"minecraft:yellow_carpet":2,"alexsmobs:raw_catfish":8,"alexscaves:cave_painting_pewen":1,"minecraft:ink_sac":2,"minecraft:potion":6,"minecraft:red_dye":1,"alexscaves:primitive_club":3,"minecraft:chainmail_leggings":2,"minecraft:smooth_sandstone":4,"minecraft:acacia_planks":7,"create:raw_zinc":6,"alexsmobs:crocodile_scute":2,"minecraft:creeper_head":1,"minecraft:player_head":1,"minecraft:white_carpet":3,"alexscaves:tree_star":21,"minecraft:clay_ball":12,"minecraft:iron_boots":4,"minecraft:name_tag":2,"minecraft:cobbled_deepslate_slab":1,"minecraft:polished_deepslate_stairs":1,"lightmanscurrency:coin_gold":113,"minecraft:diamond_sword":5,"alexscaves:archaic_vine":8,"alexscaves:heavy_bone":1,"minecraft:waxed_cut_copper":1,"minecraft:peony":3,"minecraft:spruce_trapdoor":25,"minecraft:spruce_planks":8,"minecraft:diamond_pickaxe":7,"minecraft:redstone_torch":1,"minecraft:stone_bricks":4,"minecraft:sandstone":2,"lightmanscurrency:coin_iron":423,"minecraft:bow":2,"minecraft:magma_block":5,"alexscaves:cave_painting_subterranodon":1,"minecraft:nether_brick_stairs":1,"minecraft:acacia_boat":1,"minecraft:soul_sand":1,"minecraft:leather":13,"minecraft:jungle_planks":132,"paraglider:spirit_orb":109,"minecraft:cod":2,"minecraft:packed_ice":16,"minecraft:mutton":14,"minecraft:snowball":10,"alexscaves:cave_map":1,"paraglider:paraglider":2,"minecraft:gold_ingot":28,"alexscaves:pewen_sapling":5,"minecraft:cooked_mutton":9,"alexscaves:pewen_wood":1,"supplementaries:antique_ink":2,"minecraft:leather_chestplate":1,"minecraft:stone_brick_wall":5,"minecraft:iron_bars":6,"alexsmobs:banana":5,"minecraft:purple_carpet":10,"minecraft:bread":51,"minecraft:lilac":1,"minecraft:amethyst_block":5,"alexscaves:cave_painting_footprints":3,"minecraft:nether_wart_block":1,"minecraft:light_gray_shulker_box":1,"minecraft:polished_basalt":1,"alexscaves:cave_painting_grottoceratops":2,"minecraft:kelp":4,"minecraft:oak_trapdoor":5,"lightmanscurrency:coin_diamond":4,"alexscaves:metal_swarf":3,"minecraft:flint_and_steel":1,"minecraft:deepslate_bricks":2,"minecraft:mud_bricks":1,"alexsmobs:mungal_spores":9,"minecraft:oak_sapling":117,"minecraft:spruce_log":196,"minecraft:wooden_pickaxe":2,"minecraft:brick":4,"minecraft:cooked_beef":4,"alexscaves:curly_fern":13,"minecraft:sandstone_stairs":1,"alexscaves:flytrap":6,"minecraft:cookie":63,"supplementaries:candle_holder":2,"minecraft:leather_helmet":3,"minecraft:dirt":71,"minecraft:packed_mud":4,"alexscaves:cinder_brick":46,"minecraft:yellow_dye":1,"minecraft:cracked_deepslate_tiles":1,"alexscaves:primal_magma":16,"minecraft:jungle_sapling":18,"alexsmobs:emu_feather":2,"minecraft:deepslate_coal_ore":1,"minecraft:bone_meal":1,"minecraft:phantom_membrane":4,"minecraft:iron_pickaxe":3,"alexscaves:cycad":4,"minecraft:cyan_carpet":1,"minecraft:bone":85,"alexscaves:amber_curiosity":2,"graveyard:dark_iron_trapdoor":1,"alexscaves:waste_drum":1,"minecraft:golden_chestplate":4,"minecraft:waxed_weathered_copper":4,"minecraft:deepslate_brick_slab":1,"create:asurine":4,"alexscaves:cave_painting_footprint":2,"stalwart_dungeons:diamond_hammer":3,"supplementaries:flax_seeds":5,"minecraft:deepslate_tiles":4,"minecraft:hopper":3,"minecraft:dead_tube_coral_block":4,"minecraft:egg":2,"minecraft:enchanted_book":4,"minecraft:iron_ingot":5,"lightmanscurrency:coin_emerald":13,"minecraft:feather":16,"minecraft:iron_helmet":3,"minecraft:yellow_terracotta":6,"minecraft:cobblestone":2,"minecraft:apple":16,"minecraft:granite":2,"minecraft:coal":8,"alexscaves:trilocaris_tail":4,"alexscaves:ancient_sapling":32,"minecraft:rose_bush":1,"minecraft:diamond_helmet":2,"alexscaves:limestone":63,"minecraft:string":39,"minecraft:spruce_sapling":370,"alexscaves:uranium":1,"minecraft:deepslate":2,"minecraft:spruce_fence":1,"minecraft:pumpkin_seeds":1,"minecraft:lily_of_the_valley":1,"minecraft:stone":2,"minecraft:allium":2,"alexscaves:cooked_radgill":1,"minecraft:spider_eye":13,"minecraft:brown_carpet":1,"minecraft:magenta_dye":9,"minecraft:red_tulip":1,"minecraft:dark_prismarine":4,"minecraft:spruce_sign":3,"minecraft:dark_oak_stairs":8,"lightmanscurrency:coin_copper":824,"alexscaves:cave_painting_tremorsaurus":2,"alexscaves:ambersol":1,"alexsmobs:bison_fur":3,"minecraft:flint":5,"alexscaves:galena":2,"minecraft:crimson_trapdoor":2,"minecraft:cornflower":9,"minecraft:coast_armor_trim_smithing_template":2,"minecraft:amethyst_shard":38,"minecraft:glistering_melon_slice":18,"minecraft:gravel":17,"alexscaves:cave_painting_trilocaris":2,"minecraft:blackstone":3,"alexscaves:amber":30,"immersive_melodies:flute":3,"minecraft:diamond_shovel":1,"minecraft:honey_bottle":1,"minecraft:carrot":59,"minecraft:chainmail_chestplate":1,"minecraft:poppy":2,"alexscaves:raw_scarlet_neodymium":1,"minecraft:oak_fence_gate":5,"supplementaries:ash":36,"minecraft:gunpowder":7,"minecraft:chest":3,"minecraft:chainmail_boots":1,"alexscaves:cooked_dinosaur_chop":16,"minecraft:arrow":17,"minecraft:prismarine_bricks":1,"minecraft:netherrack":1,"minecraft:water_bucket":1,"minecraft:mossy_cobblestone":1,"minecraft:prismarine_shard":8,"minecraft:lead":2,"minecraft:copper_ingot":3,"minecraft:stick":278,"alexsmobs:froststalker_helmet":1,"minecraft:deepslate_brick_stairs":5,"illagerinvasion:platinum_chunk":3,"minecraft:smooth_red_sandstone":1,"minecraft:torch":1,"minecraft:iron_leggings":5,"minecraft:iron_axe":1,"minecraft:dandelion":2,"minecraft:redstone":1,"alexsmobs:maggot":6,"minecraft:coarse_dirt":1,"minecraft:raw_copper":5,"alexscaves:ominous_catalyst":1,"alexsmobs:bear_fur":1,"minecraft:red_terracotta":1,"minecraft:filled_map":4,"alexscaves:cave_painting_tree_stars":3,"minecraft:shield":3,"minecraft:iron_chestplate":1,"minecraft:blue_ice":18,"minecraft:oak_boat":1,"minecraft:stone_pickaxe":2,"minecraft:cracked_deepslate_bricks":2},"minecraft:used":{"minecraft:moss_block":3,"minecraft:black_carpet":1,"minecraft:stone":1264,"minecraft:rotten_flesh":6,"minecraft:soul_sand":2,"minecraft:cracked_deepslate_tiles":6,"graveyard:dark_iron_trapdoor":2,"minecraft:spruce_boat":13,"minecraft:jungle_sapling":3,"minecraft:mangrove_stairs":341,"friendsandfoes:totem_of_illusion":1,"alexscaves:energized_galena_scarlet":1,"alexsmobs:froststalker_helmet":1,"minecraft:bow":401,"alexscaves:metal_barrel":1,"minecraft:cooked_cod":3,"minecraft:oak_sapling":7,"minecraft:dark_prismarine_stairs":1,"minecraft:mossy_stone_bricks":1,"minecraft:leather_leggings":1,"minecraft:damaged_anvil":1,"minecraft:prismarine":1,"minecraft:blackstone":46,"minecraft:leather_chestplate":1,"minecraft:wooden_pickaxe":8,"minecraft:mossy_stone_brick_stairs":1,"minecraft:composter":7,"minecraft:golden_apple":23,"minecraft:glow_berries":3,"minecraft:cut_sandstone_slab":4,"minecraft:blast_furnace":7,"minecraft:diamond":1,"alexscaves:tesla_bulb":5,"minecraft:diamond_sword":2895,"graveyard:upper_bone_staff":1,"minecraft:smithing_table":5,"minecraft:oak_boat":65,"minecraft:oak_trapdoor":43,"minecraft:enchanting_table":2,"minecraft:orange_concrete":1,"minecraft:armor_stand":4,"minecraft:tinted_glass":4,"supplementaries:blackstone_tile_wall":4,"minecraft:torch":550,"minecraft:brewing_stand":2,"minecraft:nether_quartz_ore":1,"minecraft:yellow_carpet":2,"minecraft:sea_lantern":102,"minecraft:iron_block":1,"minecraft:jungle_log":39,"minecraft:barrel":17,"graveyard:leaning_skeleton":1,"minecraft:diamond_chestplate":1,"minecraft:basalt":52,"minecraft:acacia_planks":94,"minecraft:calcite":2,"minecraft:wheat_seeds":23,"minecraft:waxed_oxidized_cut_copper":1,"minecraft:cauldron":2,"minecraft:glow_ink_sac":7,"graveyard:ossuary":1,"minecraft:deepslate_bricks":151,"alexscaves:primitive_club":2,"minecraft:diamond_block":4,"minecraft:red_bed":5,"minecraft:campfire":9,"minecraft:white_bed":5,"minecraft:spruce_log":148,"minecraft:diamond_pickaxe":12412,"minecraft:diamond_shovel":2367,"alexscaves:radrock_uranium_ore":59,"minecraft:oak_button":3,"alexscaves:spelunkie":6,"minecraft:spruce_trapdoor":169,"minecraft:spruce_sapling":77,"minecraft:green_carpet":10,"minecraft:enchanted_book":13,"minecraft:potion":4,"minecraft:cooked_porkchop":8,"minecraft:diamond_leggings":1,"minecraft:light_blue_banner":1,"alexsmobs:large_catfish_bucket":8,"minecraft:red_sand":1,"minecraft:decorated_pot":1,"alexsmobs:medium_catfish_bucket":1,"supplementaries:globe":11,"paraglider:goddess_statue":2,"minecraft:jungle_planks":31,"minecraft:obsidian":10,"minecraft:honey_bottle":2,"minecraft:mangrove_log":240,"minecraft:lantern":26,"minecraft:polished_blackstone_brick_wall":5,"minecraft:light_blue_bed":6,"minecraft:item_frame":13,"minecraft:written_book":1,"minecraft:gold_block":23,"minecraft:skeleton_skull":11,"immersive_melodies:flute":1,"minecraft:diamond_boots":1,"minecraft:stripped_acacia_log":25,"minecraft:stone_pickaxe":101,"minecraft:gray_carpet":1,"minecraft:oak_planks":528,"minecraft:mangrove_planks":11,"minecraft:jungle_fence":22,"minecraft:sandstone":528,"minecraft:diamond_axe":4686,"minecraft:white_wool":1,"graveyard:hanged_skeleton":6,"alexsmobs:terrapin_bucket":1,"waystones:waystone":8,"minecraft:lever":3,"minecraft:acacia_door":16,"minecraft:bread":399,"graveyard:candle_holder":11,"minecraft:netherite_sword":1542,"minecraft:flint_and_steel":15,"minecraft:dirt":175,"alexscaves:limestone":71,"minecraft:spruce_fence":16,"supplementaries:item_shelf":4,"alexscaves:limestone_spear":23,"minecraft:oak_stairs":4,"minecraft:smooth_sandstone":37,"minecraft:netherite_pickaxe":4,"alexsmobs:banana":1,"minecraft:cooked_beef":107,"minecraft:enchanted_golden_apple":1,"minecraft:iron_leggings":1,"alexscaves:dinosaur_nugget":142,"minecraft:baked_potato":13,"minecraft:brown_mushroom":2,"minecraft:cut_sandstone":6,"minecraft:spruce_sign":174,"minecraft:green_bed":2,"graveyard:soul_fire_brazier":10,"minecraft:red_mushroom":12,"alexscaves:curly_fern":1,"bosses_of_mass_destruction:soul_star":3,"minecraft:flower_pot":4,"alexscaves:slam":10,"supplementaries:cage":25,"alexscaves:radgill_bucket":2,"minecraft:jungle_stairs":4,"minecraft:stone_slab":38,"minecraft:stone_axe":91,"minecraft:turtle_helmet":2,"minecraft:pumpkin_pie":60,"alexscaves:cooked_dinosaur_chop":2,"minecraft:birch_stairs":2,"minecraft:peony":1,"minecraft:spruce_slab":23,"minecraft:ladder":11,"minecraft:chest":120,"alexscaves:primal_magma":55,"supplementaries:blackstone_tile_stairs":9,"alexscaves:cinder_brick":22,"alexscaves:ambersol":2,"minecraft:jungle_slab":35,"minecraft:acacia_sapling":1,"minecraft:stripped_spruce_log":162,"supplementaries:blackstone_tile":503,"minecraft:birch_sapling":1,"minecraft:stone_brick_stairs":67,"minecraft:stripped_mangrove_log":2,"minecraft:furnace":18,"minecraft:egg":2,"minecraft:magenta_shulker_box":73,"minecraft:acacia_trapdoor":4,"minecraft:cookie":1,"graveyard:skeleton_hand":6,"elevatorid:elevator_white":1,"minecraft:sand":6,"supplementaries:candle_holder":2,"cataclysm:lionfish":1,"minecraft:deepslate_tiles":231,"minecraft:chiseled_sandstone":1,"minecraft:cyan_carpet":2,"minecraft:lectern":487,"graveyard:dark_iron_door":2,"alexscaves:cycad":10,"minecraft:dark_oak_fence":2,"minecraft:ice":26,"minecraft:iron_bars":19,"minecraft:acacia_log":298,"minecraft:mycelium":1,"minecraft:netherrack":16,"minecraft:stick":1243,"minecraft:orange_bed":1,"minecraft:light_gray_shulker_box":75,"minecraft:anvil":9,"minecraft:stone_stairs":61,"minecraft:jungle_trapdoor":19,"minecraft:nether_brick_stairs":3,"minecraft:shroomlight":1,"minecraft:iron_axe":924,"minecraft:rooted_dirt":1,"stalwart_dungeons:diamond_hammer":108,"minecraft:smooth_quartz":4,"minecraft:mud_bricks":7,"minecraft:smooth_basalt":27,"minecraft:tripwire_hook":6,"minecraft:cobbled_deepslate":3,"minecraft:water_bucket":212,"minecraft:sandstone_stairs":7,"minecraft:fletching_table":2,"minecraft:cracked_stone_bricks":5,"minecraft:polished_blackstone_bricks":557,"minecraft:mossy_cobblestone":2,"minecraft:oak_slab":45,"minecraft:crafting_table":56,"alexscaves:trilocaris_bucket":1,"minecraft:cake":6,"minecraft:oak_log":5,"minecraft:mud":11,"minecraft:dark_prismarine":67,"minecraft:cornflower":3,"minecraft:stripped_jungle_log":9,"minecraft:iron_pickaxe":622,"minecraft:cobblestone":142,"bosses_of_mass_destruction:charged_ender_pearl":127,"minecraft:sandstone_slab":12,"alexscaves:radrock":174,"minecraft:candle":5,"minecraft:oak_sign":8,"minecraft:shield":135,"minecraft:iron_sword":317,"alexscaves:galena":78,"minecraft:oxidized_cut_copper":13,"minecraft:player_head":6,"minecraft:iron_chestplate":1,"graveyard:pedestal":2,"minecraft:white_candle":12,"alexscaves:flood_basalt":1,"minecraft:nether_bricks":4,"minecraft:carrot":48,"minecraft:tuff":5,"minecraft:glass":8,"alexscaves:acid_bucket":1,"minecraft:packed_mud":8,"minecraft:iron_helmet":1,"alexscaves:amber":31,"minecraft:stone_bricks":862,"minecraft:red_carpet":7,"minecraft:magma_block":29,"minecraft:hay_block":4,"minecraft:scaffolding":4,"alexscaves:cinder_block_wall":1,"supplementaries:sign_post_oak":3,"minecraft:blue_bed":4,"alexscaves:cave_book":3,"minecraft:stone_brick_wall":25,"minecraft:shears":11,"minecraft:cobbled_deepslate_stairs":1,"minecraft:black_concrete":1,"minecraft:lime_carpet":1,"minecraft:string":23,"minecraft:gravel":7,"minecraft:jungle_sign":19,"minecraft:chainmail_boots":1,"minecraft:grindstone":8,"minecraft:experience_bottle":24,"minecraft:cracked_deepslate_bricks":16,"alexscaves:sulfur":5,"minecraft:spruce_planks":382,"minecraft:wooden_shovel":29,"minecraft:spyglass":809,"minecraft:white_carpet":9,"minecraft:hopper":12,"minecraft:spruce_stairs":45,"minecraft:diamond_helmet":1,"minecraft:shulker_box":22,"minecraft:granite":12,"minecraft:dark_oak_planks":54,"minecraft:stone_brick_slab":27,"paraglider:horned_statue":3,"minecraft:bookshelf":36,"minecraft:polished_blackstone_brick_stairs":10,"minecraft:crimson_planks":8,"alexscaves:spelunkery_table":5,"minecraft:golden_carrot":69,"minecraft:emerald_block":14,"alexsmobs:lobster_bucket":1,"minecraft:brown_bed":2,"minecraft:cooked_mutton":7,"minecraft:acacia_boat":5,"minecraft:netherite_chestplate":1,"minecraft:andesite_slab":2,"minecraft:stonecutter":9,"minecraft:cobblestone_slab":7,"minecraft:mangrove_trapdoor":2,"minecraft:painting":1,"minecraft:book":36,"minecraft:smoker":7,"minecraft:nether_gold_ore":1,"minecraft:acacia_stairs":2,"minecraft:apple":2,"minecraft:cracked_polished_blackstone_bricks":6,"minecraft:mud_brick_wall":2,"alexscaves:radrock_slab":1,"minecraft:bucket":230,"minecraft:splash_potion":2},"minecraft:killed_by":{"bosses_of_mass_destruction:void_blossom":1},"minecraft:custom":{"minecraft:interact_with_crafting_table":364,"minecraft:damage_blocked_by_shield":8405,"minecraft:play_time":2956338,"minecraft:deaths":10,"minecraft:jump":46780,"minecraft:interact_with_smoker":29,"minecraft:horse_one_cm":9,"minecraft:interact_with_anvil":144,"minecraft:inspect_hopper":15,"minecraft:tune_noteblock":5,"minecraft:time_since_rest":109711,"minecraft:swim_one_cm":1019705,"minecraft:open_chest":4196,"minecraft:open_shulker_box":392,"minecraft:damage_resisted":456,"minecraft:play_noteblock":4,"minecraft:talked_to_villager":1229,"minecraft:interact_with_brewingstand":4,"minecraft:fill_cauldron":3,"minecraft:boat_one_cm":368388,"minecraft:damage_taken":33227,"minecraft:open_barrel":224,"minecraft:eat_cake_slice":7,"minecraft:leave_game":31,"minecraft:time_since_death":2082908,"minecraft:interact_with_furnace":213,"minecraft:traded_with_villager":1074,"minecraft:sleep_in_bed":67,"minecraft:waystone_activated":21,"minecraft:damage_dealt":278912,"minecraft:use_cauldron":1,"minecraft:interact_with_smithing_table":48,"minecraft:damage_dealt_absorbed":1933,"minecraft:target_hit":2,"minecraft:sneak_time":99528,"minecraft:interact_with_lectern":10,"minecraft:interact_with_blast_furnace":36,"minecraft:total_world_time":2956338,"minecraft:interact_with_stonecutter":11,"minecraft:fly_one_cm":11210097,"minecraft:fall_one_cm":1056320,"minecraft:sprint_one_cm":9404429,"minecraft:drop":1301,"minecraft:walk_on_water_one_cm":258342,"minecraft:interact_with_loom":19,"minecraft:open_enderchest":28,"minecraft:crouch_one_cm":431872,"minecraft:mob_kills":1643,"minecraft:climb_one_cm":198850,"minecraft:walk_one_cm":6550205,"minecraft:walk_under_water_one_cm":290863,"minecraft:pot_flower":5,"minecraft:interact_with_grindstone":51,"minecraft:damage_absorbed":601,"minecraft:trigger_trapped_chest":1}},"DataVersion":3465}