{
  "__COMMENT1": "To apply this configuration to all newly generated worlds",
  "__COMMENT2": "please place this configuration file into your config directory",
  "__COMMENT3": "with the following name: cpm-server-default.json",
  "player_scaling": {
    "3f9616a8-a10b-4fe7-ac99-9f51f6541565": {},
    "9d48663f-0944-3fe9-ba67-350e063a58e0": {},
    "6e5e8c00-7d97-3506-b246-f1145ee2e50c": {},
    "ea99476d-984c-32ce-83f7-919da295bf4a": {},
    "93dfacff-dab8-3a66-b09d-3c168fa52ab7": {},
    "70c9a83b-3959-37e1-b5aa-c99f4593ebae": {},
    "cdd74c21-88d1-3a07-adb9-ea3f184f41c0": {},
    "bf861f6a-0940-3e43-8524-5d935911def5": {}
  },
  "skins": {},
  "player_scaling_settings": {},
  "scaling_settings": {
    "motion": {},
    "mob_visibility": {},
    "defense": {},
    "attack_knockback": {},
    "flight_speed": {},
    "step_height": {},
    "knockback_resist": {},
    "reach": {},
    "health": {},
    "attack_speed": {},
    "attack_dmg": {}
  }
}